image,site,video,frame,split,n_objects
/workspace/Boreal-Forest-Fire/Boreal-Forest-Fire-Subset-A/Empty-Images/heinola_DJI_0024_frame0.jpg,heinola,heinola_dji_0024,0,train,0
/workspace/Boreal-Forest-Fire/Boreal-Forest-Fire-Subset-A/Empty-Images/heinola_DJI_0024_frame10.jpg,heinola,heinola_dji_0024,10,train,0
/workspace/Boreal-Forest-Fire/Boreal-Forest-Fire-Subset-A/Empty-Images/heinola_DJI_0024_frame12.jpg,heinola,heinola_dji_0024,12,train,0
/workspace/Boreal-Forest-Fire/Boreal-Forest-Fire-Subset-A/Empty-Images/heinola_DJI_0024_frame13.jpg,heinola,heinola_dji_0024,13,train,0
/workspace/Boreal-Forest-Fire/Boreal-Forest-Fire-Subset-A/Empty-Images/heinola_DJI_0024_frame15.jpg,heinola,heinola_dji_0024,15,train,0
/workspace/Boreal-Forest-Fire/Boreal-Forest-Fire-Subset-A/Empty-Images/heinola_DJI_0024_frame16.jpg,heinola,heinola_dji_0024,16,train,0
/workspace/Boreal-Forest-Fire/Boreal-Forest-Fire-Subset-A/Empty-Images/heinola_DJI_0024_frame17.jpg,heinola,heinola_dji_0024,17,train,0
/workspace/Boreal-Forest-Fire/Boreal-Forest-Fire-Subset-A/Empty-Images/heinola_DJI_0024_frame19.jpg,heinola,heinola_dji_0024,19,train,0
/workspace/Boreal-Forest-Fire/Boreal-Forest-Fire-Subset-A/Empty-Images/heinola_DJI_0024_frame2.jpg,heinola,heinola_dji_0024,2,train,0
/workspace/Boreal-Forest-Fire/Boreal-Forest-Fire-Subset-A/Empty-Images/heinola_DJI_0024_frame20.jpg,heinola,heinola_dji_0024,20,train,0
/workspace/Boreal-Forest-Fire/Boreal-Forest-Fire-Subset-A/Empty-Images/heinola_DJI_0024_frame21.jpg,heinola,heinola_dji_0024,21,train,0
/workspace/Boreal-Forest-Fire/Boreal-Forest-Fire-Subset-A/Empty-Images/heinola_DJI_0024_frame23.jpg,heinola,heinola_dji_0024,23,train,0
/workspace/Boreal-Forest-Fire/Boreal-Forest-Fire-Subset-A/Empty-Images/heinola_DJI_0024_frame24.jpg,heinola,heinola_dji_0024,24,train,0
/workspace/Boreal-Forest-Fire/Boreal-Forest-Fire-Subset-A/Empty-Images/heinola_DJI_0024_frame25.jpg,heinola,heinola_dji_0024,25,train,0
/workspace/Boreal-Forest-Fire/Boreal-Forest-Fire-Subset-A/Empty-Images/heinola_DJI_0024_frame27.jpg,heinola,heinola_dji_0024,27,train,0
/workspace/Boreal-Forest-Fire/Boreal-Forest-Fire-Subset-A/Empty-Images/heinola_DJI_0024_frame28.jpg,heinola,heinola_dji_0024,28,train,0
/workspace/Boreal-Forest-Fire/Boreal-Forest-Fire-Subset-A/Empty-Images/heinola_DJI_0024_frame30.jpg,heinola,heinola_dji_0024,30,train,0
/workspace/Boreal-Forest-Fire/Boreal-Forest-Fire-Subset-A/Empty-Images/heinola_DJI_0024_frame31.jpg,heinola,heinola_dji_0024,31,train,0
/workspace/Boreal-Forest-Fire/Boreal-Forest-Fire-Subset-A/Empty-Images/heinola_DJI_0024_frame33.jpg,heinola,heinola_dji_0024,33,train,0
/workspace/Boreal-Forest-Fire/Boreal-Forest-Fire-Subset-A/Empty-Images/heinola_DJI_0024_frame34.jpg,heinola,heinola_dji_0024,34,train,0
/workspace/Boreal-Forest-Fire/Boreal-Forest-Fire-Subset-A/Empty-Images/heinola_DJI_0024_frame35.jpg,heinola,heinola_dji_0024,35,train,0
/workspace/Boreal-Forest-Fire/Boreal-Forest-Fire-Subset-A/Empty-Images/heinola_DJI_0024_frame37.jpg,heinola,heinola_dji_0024,37,train,0
/workspace/Boreal-Forest-Fire/Boreal-Forest-Fire-Subset-A/Empty-Images/heinola_DJI_0024_frame38.jpg,heinola,heinola_dji_0024,38,train,0
/workspace/Boreal-Forest-Fire/Boreal-Forest-Fire-Subset-A/Empty-Images/heinola_DJI_0024_frame4.jpg,heinola,heinola_dji_0024,4,train,0
/workspace/Boreal-Forest-Fire/Boreal-Forest-Fire-Subset-A/Empty-Images/heinola_DJI_0024_frame40.jpg,heinola,heinola_dji_0024,40,train,0
/workspace/Boreal-Forest-Fire/Boreal-Forest-Fire-Subset-A/Empty-Images/heinola_DJI_0024_frame41.jpg,heinola,heinola_dji_0024,41,train,0
/workspace/Boreal-Forest-Fire/Boreal-Forest-Fire-Subset-A/Empty-Images/heinola_DJI_0024_frame43.jpg,heinola,heinola_dji_0024,43,train,0
/workspace/Boreal-Forest-Fire/Boreal-Forest-Fire-Subset-A/Empty-Images/heinola_DJI_0024_frame44.jpg,heinola,heinola_dji_0024,44,train,0
/workspace/Boreal-Forest-Fire/Boreal-Forest-Fire-Subset-A/Empty-Images/heinola_DJI_0024_frame45.jpg,heinola,heinola_dji_0024,45,train,0
/workspace/Boreal-Forest-Fire/Boreal-Forest-Fire-Subset-A/Empty-Images/heinola_DJI_0024_frame47.jpg,heinola,heinola_dji_0024,47,train,0
/workspace/Boreal-Forest-Fire/Boreal-Forest-Fire-Subset-A/Empty-Images/heinola_DJI_0024_frame48.jpg,heinola,heinola_dji_0024,48,train,0
/workspace/Boreal-Forest-Fire/Boreal-Forest-Fire-Subset-A/Empty-Images/heinola_DJI_0024_frame49.jpg,heinola,heinola_dji_0024,49,train,0
/workspace/Boreal-Forest-Fire/Boreal-Forest-Fire-Subset-A/Empty-Images/heinola_DJI_0024_frame50.jpg,heinola,heinola_dji_0024,50,train,0
/workspace/Boreal-Forest-Fire/Boreal-Forest-Fire-Subset-A/Empty-Images/heinola_DJI_0024_frame51.jpg,heinola,heinola_dji_0024,51,train,0
/workspace/Boreal-Forest-Fire/Boreal-Forest-Fire-Subset-A/Empty-Images/heinola_DJI_0024_frame53.jpg,heinola,heinola_dji_0024,53,train,0
/workspace/Boreal-Forest-Fire/Boreal-Forest-Fire-Subset-A/Empty-Images/heinola_DJI_0024_frame54.jpg,heinola,heinola_dji_0024,54,train,0
/workspace/Boreal-Forest-Fire/Boreal-Forest-Fire-Subset-A/Empty-Images/heinola_DJI_0024_frame56.jpg,heinola,heinola_dji_0024,56,train,0
/workspace/Boreal-Forest-Fire/Boreal-Forest-Fire-Subset-A/Empty-Images/heinola_DJI_0024_frame57.jpg,heinola,heinola_dji_0024,57,train,0
/workspace/Boreal-Forest-Fire/Boreal-Forest-Fire-Subset-A/Empty-Images/heinola_DJI_0024_frame59.jpg,heinola,heinola_dji_0024,59,train,0
/workspace/Boreal-Forest-Fire/Boreal-Forest-Fire-Subset-A/Empty-Images/heinola_DJI_0024_frame6.jpg,heinola,heinola_dji_0024,6,train,0
/workspace/Boreal-Forest-Fire/Boreal-Forest-Fire-Subset-A/Empty-Images/heinola_DJI_0024_frame60.jpg,heinola,heinola_dji_0024,60,train,0
/workspace/Boreal-Forest-Fire/Boreal-Forest-Fire-Subset-A/Empty-Images/heinola_DJI_0024_frame62.jpg,heinola,heinola_dji_0024,62,train,0
/workspace/Boreal-Forest-Fire/Boreal-Forest-Fire-Subset-A/Empty-Images/heinola_DJI_0024_frame63.jpg,heinola,heinola_dji_0024,63,train,0
/workspace/Boreal-Forest-Fire/Boreal-Forest-Fire-Subset-A/Empty-Images/heinola_DJI_0024_frame65.jpg,heinola,heinola_dji_0024,65,train,0
/workspace/Boreal-Forest-Fire/Boreal-Forest-Fire-Subset-A/Empty-Images/heinola_DJI_0024_frame66.jpg,heinola,heinola_dji_0024,66,train,0
/workspace/Boreal-Forest-Fire/Boreal-Forest-Fire-Subset-A/Empty-Images/heinola_DJI_0024_frame68.jpg,heinola,heinola_dji_0024,68,train,0
/workspace/Boreal-Forest-Fire/Boreal-Forest-Fire-Subset-A/Empty-Images/heinola_DJI_0024_frame69.jpg,heinola,heinola_dji_0024,69,train,0
/workspace/Boreal-Forest-Fire/Boreal-Forest-Fire-Subset-A/Empty-Images/heinola_DJI_0024_frame7.jpg,heinola,heinola_dji_0024,7,train,0
/workspace/Boreal-Forest-Fire/Boreal-Forest-Fire-Subset-A/Empty-Images/heinola_DJI_0024_frame71.jpg,heinola,heinola_dji_0024,71,train,0
/workspace/Boreal-Forest-Fire/Boreal-Forest-Fire-Subset-A/Empty-Images/heinola_DJI_0024_frame72.jpg,heinola,heinola_dji_0024,72,train,0
/workspace/Boreal-Forest-Fire/Boreal-Forest-Fire-Subset-A/Empty-Images/heinola_DJI_0024_frame73.jpg,heinola,heinola_dji_0024,73,train,0
/workspace/Boreal-Forest-Fire/Boreal-Forest-Fire-Subset-A/Empty-Images/heinola_DJI_0024_frame74.jpg,heinola,heinola_dji_0024,74,train,0
/workspace/Boreal-Forest-Fire/Boreal-Forest-Fire-Subset-A/Empty-Images/heinola_DJI_0024_frame77.jpg,heinola,heinola_dji_0024,77,train,0
/workspace/Boreal-Forest-Fire/Boreal-Forest-Fire-Subset-A/Empty-Images/heinola_DJI_0024_frame78.jpg,heinola,heinola_dji_0024,78,train,0
/workspace/Boreal-Forest-Fire/Boreal-Forest-Fire-Subset-A/Empty-Images/heinola_DJI_0024_frame82.jpg,heinola,heinola_dji_0024,82,train,0
/workspace/Boreal-Forest-Fire/Boreal-Forest-Fire-Subset-A/Empty-Images/heinola_DJI_0024_frame83.jpg,heinola,heinola_dji_0024,83,train,0
/workspace/Boreal-Forest-Fire/Boreal-Forest-Fire-Subset-A/Empty-Images/heinola_DJI_0024_frame85.jpg,heinola,heinola_dji_0024,85,train,0
/workspace/Boreal-Forest-Fire/Boreal-Forest-Fire-Subset-A/Empty-Images/heinola_DJI_0024_frame86.jpg,heinola,heinola_dji_0024,86,train,0
/workspace/Boreal-Forest-Fire/Boreal-Forest-Fire-Subset-A/Empty-Images/heinola_DJI_0024_frame9.jpg,heinola,heinola_dji_0024,9,train,0
/workspace/Boreal-Forest-Fire/Boreal-Forest-Fire-Subset-A/Empty-Images/heinola_DJI_0028_frame0.jpg,heinola,heinola_dji_0028,0,train,0
/workspace/Boreal-Forest-Fire/Boreal-Forest-Fire-Subset-A/Empty-Images/heinola_DJI_0028_frame10.jpg,heinola,heinola_dji_0028,10,train,0
/workspace/Boreal-Forest-Fire/Boreal-Forest-Fire-Subset-A/Empty-Images/heinola_DJI_0028_frame100.jpg,heinola,heinola_dji_0028,100,train,0
/workspace/Boreal-Forest-Fire/Boreal-Forest-Fire-Subset-A/Empty-Images/heinola_DJI_0028_frame103.jpg,heinola,heinola_dji_0028,103,train,0
/workspace/Boreal-Forest-Fire/Boreal-Forest-Fire-Subset-A/Empty-Images/heinola_DJI_0028_frame104.jpg,heinola,heinola_dji_0028,104,train,0
/workspace/Boreal-Forest-Fire/Boreal-Forest-Fire-Subset-A/Empty-Images/heinola_DJI_0028_frame107.jpg,heinola,heinola_dji_0028,107,train,0
/workspace/Boreal-Forest-Fire/Boreal-Forest-Fire-Subset-A/Empty-Images/heinola_DJI_0028_frame108.jpg,heinola,heinola_dji_0028,108,train,0
/workspace/Boreal-Forest-Fire/Boreal-Forest-Fire-Subset-A/Empty-Images/heinola_DJI_0028_frame11.jpg,heinola,heinola_dji_0028,11,train,0
/workspace/Boreal-Forest-Fire/Boreal-Forest-Fire-Subset-A/Empty-Images/heinola_DJI_0028_frame110.jpg,heinola,heinola_dji_0028,110,train,0
/workspace/Boreal-Forest-Fire/Boreal-Forest-Fire-Subset-A/Empty-Images/heinola_DJI_0028_frame111.jpg,heinola,heinola_dji_0028,111,train,0
/workspace/Boreal-Forest-Fire/Boreal-Forest-Fire-Subset-A/Empty-Images/heinola_DJI_0028_frame114.jpg,heinola,heinola_dji_0028,114,train,0
/workspace/Boreal-Forest-Fire/Boreal-Forest-Fire-Subset-A/Empty-Images/heinola_DJI_0028_frame115.jpg,heinola,heinola_dji_0028,115,train,0
/workspace/Boreal-Forest-Fire/Boreal-Forest-Fire-Subset-A/Empty-Images/heinola_DJI_0028_frame116.jpg,heinola,heinola_dji_0028,116,train,0
/workspace/Boreal-Forest-Fire/Boreal-Forest-Fire-Subset-A/Empty-Images/heinola_DJI_0028_frame118.jpg,heinola,heinola_dji_0028,118,train,0
/workspace/Boreal-Forest-Fire/Boreal-Forest-Fire-Subset-A/Empty-Images/heinola_DJI_0028_frame119.jpg,heinola,heinola_dji_0028,119,train,0
/workspace/Boreal-Forest-Fire/Boreal-Forest-Fire-Subset-A/Empty-Images/heinola_DJI_0028_frame122.jpg,heinola,heinola_dji_0028,122,train,0
/workspace/Boreal-Forest-Fire/Boreal-Forest-Fire-Subset-A/Empty-Images/heinola_DJI_0028_frame123.jpg,heinola,heinola_dji_0028,123,train,0
/workspace/Boreal-Forest-Fire/Boreal-Forest-Fire-Subset-A/Empty-Images/heinola_DJI_0028_frame126.jpg,heinola,heinola_dji_0028,126,train,0
/workspace/Boreal-Forest-Fire/Boreal-Forest-Fire-Subset-A/Empty-Images/heinola_DJI_0028_frame127.jpg,heinola,heinola_dji_0028,127,train,0
/workspace/Boreal-Forest-Fire/Boreal-Forest-Fire-Subset-A/Empty-Images/heinola_DJI_0028_frame128.jpg,heinola,heinola_dji_0028,128,train,0
/workspace/Boreal-Forest-Fire/Boreal-Forest-Fire-Subset-A/Empty-Images/heinola_DJI_0028_frame13.jpg,heinola,heinola_dji_0028,13,train,0
/workspace/Boreal-Forest-Fire/Boreal-Forest-Fire-Subset-A/Empty-Images/heinola_DJI_0028_frame131.jpg,heinola,heinola_dji_0028,131,train,0
/workspace/Boreal-Forest-Fire/Boreal-Forest-Fire-Subset-A/Empty-Images/heinola_DJI_0028_frame132.jpg,heinola,heinola_dji_0028,132,train,0
/workspace/Boreal-Forest-Fire/Boreal-Forest-Fire-Subset-A/Empty-Images/heinola_DJI_0028_frame133.jpg,heinola,heinola_dji_0028,133,train,0
/workspace/Boreal-Forest-Fire/Boreal-Forest-Fire-Subset-A/Empty-Images/heinola_DJI_0028_frame134.jpg,heinola,heinola_dji_0028,134,train,0
/workspace/Boreal-Forest-Fire/Boreal-Forest-Fire-Subset-A/Empty-Images/heinola_DJI_0028_frame136.jpg,heinola,heinola_dji_0028,136,train,0
/workspace/Boreal-Forest-Fire/Boreal-Forest-Fire-Subset-A/Empty-Images/heinola_DJI_0028_frame137.jpg,heinola,heinola_dji_0028,137,train,0
/workspace/Boreal-Forest-Fire/Boreal-Forest-Fire-Subset-A/Empty-Images/heinola_DJI_0028_frame138.jpg,heinola,heinola_dji_0028,138,train,0
/workspace/Boreal-Forest-Fire/Boreal-Forest-Fire-Subset-A/Empty-Images/heinola_DJI_0028_frame14.jpg,heinola,heinola_dji_0028,14,train,0
/workspace/Boreal-Forest-Fire/Boreal-Forest-Fire-Subset-A/Empty-Images/heinola_DJI_0028_frame142.jpg,heinola,heinola_dji_0028,142,train,0
/workspace/Boreal-Forest-Fire/Boreal-Forest-Fire-Subset-A/Empty-Images/heinola_DJI_0028_frame143.jpg,heinola,heinola_dji_0028,143,train,0
/workspace/Boreal-Forest-Fire/Boreal-Forest-Fire-Subset-A/Empty-Images/heinola_DJI_0028_frame145.jpg,heinola,heinola_dji_0028,145,train,0
/workspace/Boreal-Forest-Fire/Boreal-Forest-Fire-Subset-A/Empty-Images/heinola_DJI_0028_frame146.jpg,heinola,heinola_dji_0028,146,train,0
/workspace/Boreal-Forest-Fire/Boreal-Forest-Fire-Subset-A/Empty-Images/heinola_DJI_0028_frame147.jpg,heinola,heinola_dji_0028,147,train,0
/workspace/Boreal-Forest-Fire/Boreal-Forest-Fire-Subset-A/Empty-Images/heinola_DJI_0028_frame195.jpg,heinola,heinola_dji_0028,195,train,0
/workspace/Boreal-Forest-Fire/Boreal-Forest-Fire-Subset-A/Empty-Images/heinola_DJI_0028_frame196.jpg,heinola,heinola_dji_0028,196,train,0
/workspace/Boreal-Forest-Fire/Boreal-Forest-Fire-Subset-A/Empty-Images/heinola_DJI_0028_frame197.jpg,heinola,heinola_dji_0028,197,train,0
/workspace/Boreal-Forest-Fire/Boreal-Forest-Fire-Subset-A/Empty-Images/heinola_DJI_0028_frame198.jpg,heinola,heinola_dji_0028,198,train,0
/workspace/Boreal-Forest-Fire/Boreal-Forest-Fire-Subset-A/Empty-Images/heinola_DJI_0028_frame199.jpg,heinola,heinola_dji_0028,199,train,0
/workspace/Boreal-Forest-Fire/Boreal-Forest-Fire-Subset-A/Empty-Images/heinola_DJI_0028_frame200.jpg,heinola,heinola_dji_0028,200,train,0
/workspace/Boreal-Forest-Fire/Boreal-Forest-Fire-Subset-A/Empty-Images/heinola_DJI_0028_frame202.jpg,heinola,heinola_dji_0028,202,train,0
/workspace/Boreal-Forest-Fire/Boreal-Forest-Fire-Subset-A/Empty-Images/heinola_DJI_0028_frame204.jpg,heinola,heinola_dji_0028,204,train,0
/workspace/Boreal-Forest-Fire/Boreal-Forest-Fire-Subset-A/Empty-Images/heinola_DJI_0028_frame205.jpg,heinola,heinola_dji_0028,205,train,0
/workspace/Boreal-Forest-Fire/Boreal-Forest-Fire-Subset-A/Empty-Images/heinola_DJI_0028_frame206.jpg,heinola,heinola_dji_0028,206,train,0
/workspace/Boreal-Forest-Fire/Boreal-Forest-Fire-Subset-A/Empty-Images/heinola_DJI_0028_frame207.jpg,heinola,heinola_dji_0028,207,train,0
/workspace/Boreal-Forest-Fire/Boreal-Forest-Fire-Subset-A/Empty-Images/heinola_DJI_0028_frame209.jpg,heinola,heinola_dji_0028,209,train,0
/workspace/Boreal-Forest-Fire/Boreal-Forest-Fire-Subset-A/Empty-Images/heinola_DJI_0028_frame210.jpg,heinola,heinola_dji_0028,210,train,0
/workspace/Boreal-Forest-Fire/Boreal-Forest-Fire-Subset-A/Empty-Images/heinola_DJI_0028_frame211.jpg,heinola,heinola_dji_0028,211,train,0
/workspace/Boreal-Forest-Fire/Boreal-Forest-Fire-Subset-A/Empty-Images/heinola_DJI_0028_frame212.jpg,heinola,heinola_dji_0028,212,train,0
/workspace/Boreal-Forest-Fire/Boreal-Forest-Fire-Subset-A/Empty-Images/heinola_DJI_0028_frame213.jpg,heinola,heinola_dji_0028,213,train,0
/workspace/Boreal-Forest-Fire/Boreal-Forest-Fire-Subset-A/Empty-Images/heinola_DJI_0028_frame214.jpg,heinola,heinola_dji_0028,214,train,0
/workspace/Boreal-Forest-Fire/Boreal-Forest-Fire-Subset-A/Empty-Images/heinola_DJI_0028_frame218.jpg,heinola,heinola_dji_0028,218,train,0
/workspace/Boreal-Forest-Fire/Boreal-Forest-Fire-Subset-A/Empty-Images/heinola_DJI_0028_frame219.jpg,heinola,heinola_dji_0028,219,train,0
/workspace/Boreal-Forest-Fire/Boreal-Forest-Fire-Subset-A/Empty-Images/heinola_DJI_0028_frame220.jpg,heinola,heinola_dji_0028,220,train,0
/workspace/Boreal-Forest-Fire/Boreal-Forest-Fire-Subset-A/Empty-Images/heinola_DJI_0028_frame221.jpg,heinola,heinola_dji_0028,221,train,0
/workspace/Boreal-Forest-Fire/Boreal-Forest-Fire-Subset-A/Empty-Images/heinola_DJI_0028_frame222.jpg,heinola,heinola_dji_0028,222,train,0
/workspace/Boreal-Forest-Fire/Boreal-Forest-Fire-Subset-A/Empty-Images/heinola_DJI_0028_frame223.jpg,heinola,heinola_dji_0028,223,train,0
/workspace/Boreal-Forest-Fire/Boreal-Forest-Fire-Subset-A/Empty-Images/heinola_DJI_0028_frame224.jpg,heinola,heinola_dji_0028,224,train,0
/workspace/Boreal-Forest-Fire/Boreal-Forest-Fire-Subset-A/Empty-Images/heinola_DJI_0028_frame225.jpg,heinola,heinola_dji_0028,225,train,0
/workspace/Boreal-Forest-Fire/Boreal-Forest-Fire-Subset-A/Empty-Images/heinola_DJI_0028_frame229.jpg,heinola,heinola_dji_0028,229,train,0
/workspace/Boreal-Forest-Fire/Boreal-Forest-Fire-Subset-A/Empty-Images/heinola_DJI_0028_frame230.jpg,heinola,heinola_dji_0028,230,train,0
/workspace/Boreal-Forest-Fire/Boreal-Forest-Fire-Subset-A/Empty-Images/heinola_DJI_0028_frame39.jpg,heinola,heinola_dji_0028,39,train,0
/workspace/Boreal-Forest-Fire/Boreal-Forest-Fire-Subset-A/Empty-Images/heinola_DJI_0028_frame4.jpg,heinola,heinola_dji_0028,4,train,0
/workspace/Boreal-Forest-Fire/Boreal-Forest-Fire-Subset-A/Empty-Images/heinola_DJI_0028_frame40.jpg,heinola,heinola_dji_0028,40,train,0
/workspace/Boreal-Forest-Fire/Boreal-Forest-Fire-Subset-A/Empty-Images/heinola_DJI_0028_frame41.jpg,heinola,heinola_dji_0028,41,train,0
/workspace/Boreal-Forest-Fire/Boreal-Forest-Fire-Subset-A/Empty-Images/heinola_DJI_0028_frame43.jpg,heinola,heinola_dji_0028,43,train,0
/workspace/Boreal-Forest-Fire/Boreal-Forest-Fire-Subset-A/Empty-Images/heinola_DJI_0028_frame44.jpg,heinola,heinola_dji_0028,44,train,0
/workspace/Boreal-Forest-Fire/Boreal-Forest-Fire-Subset-A/Empty-Images/heinola_DJI_0028_frame45.jpg,heinola,heinola_dji_0028,45,train,0
/workspace/Boreal-Forest-Fire/Boreal-Forest-Fire-Subset-A/Empty-Images/heinola_DJI_0028_frame46.jpg,heinola,heinola_dji_0028,46,train,0
/workspace/Boreal-Forest-Fire/Boreal-Forest-Fire-Subset-A/Empty-Images/heinola_DJI_0028_frame47.jpg,heinola,heinola_dji_0028,47,train,0
/workspace/Boreal-Forest-Fire/Boreal-Forest-Fire-Subset-A/Empty-Images/heinola_DJI_0028_frame48.jpg,heinola,heinola_dji_0028,48,train,0
/workspace/Boreal-Forest-Fire/Boreal-Forest-Fire-Subset-A/Empty-Images/heinola_DJI_0028_frame49.jpg,heinola,heinola_dji_0028,49,train,0
/workspace/Boreal-Forest-Fire/Boreal-Forest-Fire-Subset-A/Empty-Images/heinola_DJI_0028_frame50.jpg,heinola,heinola_dji_0028,50,train,0
/workspace/Boreal-Forest-Fire/Boreal-Forest-Fire-Subset-A/Empty-Images/heinola_DJI_0028_frame51.jpg,heinola,heinola_dji_0028,51,train,0
/workspace/Boreal-Forest-Fire/Boreal-Forest-Fire-Subset-A/Empty-Images/heinola_DJI_0028_frame52.jpg,heinola,heinola_dji_0028,52,train,0
/workspace/Boreal-Forest-Fire/Boreal-Forest-Fire-Subset-A/Empty-Images/heinola_DJI_0028_frame53.jpg,heinola,heinola_dji_0028,53,train,0
/workspace/Boreal-Forest-Fire/Boreal-Forest-Fire-Subset-A/Empty-Images/heinola_DJI_0028_frame54.jpg,heinola,heinola_dji_0028,54,train,0
/workspace/Boreal-Forest-Fire/Boreal-Forest-Fire-Subset-A/Empty-Images/heinola_DJI_0028_frame55.jpg,heinola,heinola_dji_0028,55,train,0
/workspace/Boreal-Forest-Fire/Boreal-Forest-Fire-Subset-A/Empty-Images/heinola_DJI_0028_frame56.jpg,heinola,heinola_dji_0028,56,train,0
/workspace/Boreal-Forest-Fire/Boreal-Forest-Fire-Subset-A/Empty-Images/heinola_DJI_0028_frame57.jpg,heinola,heinola_dji_0028,57,train,0
/workspace/Boreal-Forest-Fire/Boreal-Forest-Fire-Subset-A/Empty-Images/heinola_DJI_0028_frame58.jpg,heinola,heinola_dji_0028,58,train,0
/workspace/Boreal-Forest-Fire/Boreal-Forest-Fire-Subset-A/Empty-Images/heinola_DJI_0028_frame6.jpg,heinola,heinola_dji_0028,6,train,0
/workspace/Boreal-Forest-Fire/Boreal-Forest-Fire-Subset-A/Empty-Images/heinola_DJI_0028_frame60.jpg,heinola,heinola_dji_0028,60,train,0
/workspace/Boreal-Forest-Fire/Boreal-Forest-Fire-Subset-A/Empty-Images/heinola_DJI_0028_frame61.jpg,heinola,heinola_dji_0028,61,train,0
/workspace/Boreal-Forest-Fire/Boreal-Forest-Fire-Subset-A/Empty-Images/heinola_DJI_0028_frame62.jpg,heinola,heinola_dji_0028,62,train,0
/workspace/Boreal-Forest-Fire/Boreal-Forest-Fire-Subset-A/Empty-Images/heinola_DJI_0028_frame63.jpg,heinola,heinola_dji_0028,63,train,0
/workspace/Boreal-Forest-Fire/Boreal-Forest-Fire-Subset-A/Empty-Images/heinola_DJI_0028_frame64.jpg,heinola,heinola_dji_0028,64,train,0
/workspace/Boreal-Forest-Fire/Boreal-Forest-Fire-Subset-A/Empty-Images/heinola_DJI_0028_frame65.jpg,heinola,heinola_dji_0028,65,train,0
/workspace/Boreal-Forest-Fire/Boreal-Forest-Fire-Subset-A/Empty-Images/heinola_DJI_0028_frame66.jpg,heinola,heinola_dji_0028,66,train,0
/workspace/Boreal-Forest-Fire/Boreal-Forest-Fire-Subset-A/Empty-Images/heinola_DJI_0028_frame67.jpg,heinola,heinola_dji_0028,67,train,0
/workspace/Boreal-Forest-Fire/Boreal-Forest-Fire-Subset-A/Empty-Images/heinola_DJI_0028_frame69.jpg,heinola,heinola_dji_0028,69,train,0
/workspace/Boreal-Forest-Fire/Boreal-Forest-Fire-Subset-A/Empty-Images/heinola_DJI_0028_frame7.jpg,heinola,heinola_dji_0028,7,train,0
/workspace/Boreal-Forest-Fire/Boreal-Forest-Fire-Subset-A/Empty-Images/heinola_DJI_0028_frame70.jpg,heinola,heinola_dji_0028,70,train,0
/workspace/Boreal-Forest-Fire/Boreal-Forest-Fire-Subset-A/Empty-Images/heinola_DJI_0028_frame72.jpg,heinola,heinola_dji_0028,72,train,0
/workspace/Boreal-Forest-Fire/Boreal-Forest-Fire-Subset-A/Empty-Images/heinola_DJI_0028_frame73.jpg,heinola,heinola_dji_0028,73,train,0
/workspace/Boreal-Forest-Fire/Boreal-Forest-Fire-Subset-A/Empty-Images/heinola_DJI_0028_frame75.jpg,heinola,heinola_dji_0028,75,train,0
/workspace/Boreal-Forest-Fire/Boreal-Forest-Fire-Subset-A/Empty-Images/heinola_DJI_0028_frame76.jpg,heinola,heinola_dji_0028,76,train,0
/workspace/Boreal-Forest-Fire/Boreal-Forest-Fire-Subset-A/Empty-Images/heinola_DJI_0028_frame78.jpg,heinola,heinola_dji_0028,78,train,0
/workspace/Boreal-Forest-Fire/Boreal-Forest-Fire-Subset-A/Empty-Images/heinola_DJI_0028_frame81.jpg,heinola,heinola_dji_0028,81,train,0
/workspace/Boreal-Forest-Fire/Boreal-Forest-Fire-Subset-A/Empty-Images/heinola_DJI_0028_frame82.jpg,heinola,heinola_dji_0028,82,train,0
/workspace/Boreal-Forest-Fire/Boreal-Forest-Fire-Subset-A/Empty-Images/heinola_DJI_0028_frame87.jpg,heinola,heinola_dji_0028,87,train,0
/workspace/Boreal-Forest-Fire/Boreal-Forest-Fire-Subset-A/Empty-Images/heinola_DJI_0028_frame89.jpg,heinola,heinola_dji_0028,89,train,0
/workspace/Boreal-Forest-Fire/Boreal-Forest-Fire-Subset-A/Empty-Images/heinola_DJI_0028_frame9.jpg,heinola,heinola_dji_0028,9,train,0
/workspace/Boreal-Forest-Fire/Boreal-Forest-Fire-Subset-A/Empty-Images/heinola_DJI_0028_frame91.jpg,heinola,heinola_dji_0028,91,train,0
/workspace/Boreal-Forest-Fire/Boreal-Forest-Fire-Subset-A/Empty-Images/heinola_DJI_0028_frame92.jpg,heinola,heinola_dji_0028,92,train,0
/workspace/Boreal-Forest-Fire/Boreal-Forest-Fire-Subset-A/Empty-Images/heinola_DJI_0028_frame93.jpg,heinola,heinola_dji_0028,93,train,0
/workspace/Boreal-Forest-Fire/Boreal-Forest-Fire-Subset-A/Empty-Images/heinola_DJI_0028_frame94.jpg,heinola,heinola_dji_0028,94,train,0
/workspace/Boreal-Forest-Fire/Boreal-Forest-Fire-Subset-A/Empty-Images/heinola_DJI_0028_frame95.jpg,heinola,heinola_dji_0028,95,train,0
/workspace/Boreal-Forest-Fire/Boreal-Forest-Fire-Subset-A/Empty-Images/heinola_DJI_0028_frame96.jpg,heinola,heinola_dji_0028,96,train,0
/workspace/Boreal-Forest-Fire/Boreal-Forest-Fire-Subset-A/Empty-Images/heinola_DJI_0028_frame97.jpg,heinola,heinola_dji_0028,97,train,0
/workspace/Boreal-Forest-Fire/Boreal-Forest-Fire-Subset-A/Empty-Images/heinola_DJI_0028_frame99.jpg,heinola,heinola_dji_0028,99,train,0
/workspace/Boreal-Forest-Fire/Boreal-Forest-Fire-Subset-A/Empty-Images/heinola_DJI_0048_frame0.jpg,heinola,heinola_dji_0048,0,train,0
/workspace/Boreal-Forest-Fire/Boreal-Forest-Fire-Subset-A/Empty-Images/heinola_DJI_0048_frame1.jpg,heinola,heinola_dji_0048,1,train,0
/workspace/Boreal-Forest-Fire/Boreal-Forest-Fire-Subset-A/Empty-Images/heinola_DJI_0048_frame100.jpg,heinola,heinola_dji_0048,100,train,0
/workspace/Boreal-Forest-Fire/Boreal-Forest-Fire-Subset-A/Empty-Images/heinola_DJI_0048_frame101.jpg,heinola,heinola_dji_0048,101,train,0
/workspace/Boreal-Forest-Fire/Boreal-Forest-Fire-Subset-A/Empty-Images/heinola_DJI_0048_frame102.jpg,heinola,heinola_dji_0048,102,train,0
/workspace/Boreal-Forest-Fire/Boreal-Forest-Fire-Subset-A/Empty-Images/heinola_DJI_0048_frame103.jpg,heinola,heinola_dji_0048,103,train,0
/workspace/Boreal-Forest-Fire/Boreal-Forest-Fire-Subset-A/Empty-Images/heinola_DJI_0048_frame104.jpg,heinola,heinola_dji_0048,104,train,0
/workspace/Boreal-Forest-Fire/Boreal-Forest-Fire-Subset-A/Empty-Images/heinola_DJI_0048_frame172.jpg,heinola,heinola_dji_0048,172,train,0
/workspace/Boreal-Forest-Fire/Boreal-Forest-Fire-Subset-A/Empty-Images/heinola_DJI_0048_frame173.jpg,heinola,heinola_dji_0048,173,train,0
/workspace/Boreal-Forest-Fire/Boreal-Forest-Fire-Subset-A/Empty-Images/heinola_DJI_0048_frame174.jpg,heinola,heinola_dji_0048,174,train,0
/workspace/Boreal-Forest-Fire/Boreal-Forest-Fire-Subset-A/Empty-Images/heinola_DJI_0048_frame175.jpg,heinola,heinola_dji_0048,175,train,0
/workspace/Boreal-Forest-Fire/Boreal-Forest-Fire-Subset-A/Empty-Images/heinola_DJI_0048_frame176.jpg,heinola,heinola_dji_0048,176,train,0
/workspace/Boreal-Forest-Fire/Boreal-Forest-Fire-Subset-A/Empty-Images/heinola_DJI_0048_frame177.jpg,heinola,heinola_dji_0048,177,train,0
/workspace/Boreal-Forest-Fire/Boreal-Forest-Fire-Subset-A/Empty-Images/heinola_DJI_0048_frame178.jpg,heinola,heinola_dji_0048,178,train,0
/workspace/Boreal-Forest-Fire/Boreal-Forest-Fire-Subset-A/Empty-Images/heinola_DJI_0048_frame179.jpg,heinola,heinola_dji_0048,179,train,0
/workspace/Boreal-Forest-Fire/Boreal-Forest-Fire-Subset-A/Empty-Images/heinola_DJI_0048_frame180.jpg,heinola,heinola_dji_0048,180,train,0
/workspace/Boreal-Forest-Fire/Boreal-Forest-Fire-Subset-A/Empty-Images/heinola_DJI_0048_frame181.jpg,heinola,heinola_dji_0048,181,train,0
/workspace/Boreal-Forest-Fire/Boreal-Forest-Fire-Subset-A/Empty-Images/heinola_DJI_0048_frame182.jpg,heinola,heinola_dji_0048,182,train,0
/workspace/Boreal-Forest-Fire/Boreal-Forest-Fire-Subset-A/Empty-Images/heinola_DJI_0048_frame183.jpg,heinola,heinola_dji_0048,183,train,0
/workspace/Boreal-Forest-Fire/Boreal-Forest-Fire-Subset-A/Empty-Images/heinola_DJI_0048_frame184.jpg,heinola,heinola_dji_0048,184,train,0
/workspace/Boreal-Forest-Fire/Boreal-Forest-Fire-Subset-A/Empty-Images/heinola_DJI_0048_frame185.jpg,heinola,heinola_dji_0048,185,train,0
/workspace/Boreal-Forest-Fire/Boreal-Forest-Fire-Subset-A/Empty-Images/heinola_DJI_0048_frame186.jpg,heinola,heinola_dji_0048,186,train,0
/workspace/Boreal-Forest-Fire/Boreal-Forest-Fire-Subset-A/Empty-Images/heinola_DJI_0048_frame187.jpg,heinola,heinola_dji_0048,187,train,0
/workspace/Boreal-Forest-Fire/Boreal-Forest-Fire-Subset-A/Empty-Images/heinola_DJI_0048_frame188.jpg,heinola,heinola_dji_0048,188,train,0
/workspace/Boreal-Forest-Fire/Boreal-Forest-Fire-Subset-A/Empty-Images/heinola_DJI_0048_frame2.jpg,heinola,heinola_dji_0048,2,train,0
/workspace/Boreal-Forest-Fire/Boreal-Forest-Fire-Subset-A/Empty-Images/heinola_DJI_0048_frame237.jpg,heinola,heinola_dji_0048,237,train,0
/workspace/Boreal-Forest-Fire/Boreal-Forest-Fire-Subset-A/Empty-Images/heinola_DJI_0048_frame238.jpg,heinola,heinola_dji_0048,238,train,0
/workspace/Boreal-Forest-Fire/Boreal-Forest-Fire-Subset-A/Empty-Images/heinola_DJI_0048_frame239.jpg,heinola,heinola_dji_0048,239,train,0
/workspace/Boreal-Forest-Fire/Boreal-Forest-Fire-Subset-A/Empty-Images/heinola_DJI_0048_frame240.jpg,heinola,heinola_dji_0048,240,train,0
/workspace/Boreal-Forest-Fire/Boreal-Forest-Fire-Subset-A/Empty-Images/heinola_DJI_0048_frame241.jpg,heinola,heinola_dji_0048,241,train,0
/workspace/Boreal-Forest-Fire/Boreal-Forest-Fire-Subset-A/Empty-Images/heinola_DJI_0048_frame277.jpg,heinola,heinola_dji_0048,277,train,0
/workspace/Boreal-Forest-Fire/Boreal-Forest-Fire-Subset-A/Empty-Images/heinola_DJI_0048_frame3.jpg,heinola,heinola_dji_0048,3,train,0
/workspace/Boreal-Forest-Fire/Boreal-Forest-Fire-Subset-A/Empty-Images/heinola_DJI_0048_frame4.jpg,heinola,heinola_dji_0048,4,train,0
/workspace/Boreal-Forest-Fire/Boreal-Forest-Fire-Subset-A/Empty-Images/heinola_DJI_0048_frame5.jpg,heinola,heinola_dji_0048,5,train,0
/workspace/Boreal-Forest-Fire/Boreal-Forest-Fire-Subset-A/Empty-Images/heinola_DJI_0048_frame85.jpg,heinola,heinola_dji_0048,85,train,0
/workspace/Boreal-Forest-Fire/Boreal-Forest-Fire-Subset-A/Empty-Images/heinola_DJI_0048_frame86.jpg,heinola,heinola_dji_0048,86,train,0
/workspace/Boreal-Forest-Fire/Boreal-Forest-Fire-Subset-A/Empty-Images/heinola_DJI_0048_frame87.jpg,heinola,heinola_dji_0048,87,train,0
/workspace/Boreal-Forest-Fire/Boreal-Forest-Fire-Subset-A/Empty-Images/heinola_DJI_0048_frame88.jpg,heinola,heinola_dji_0048,88,train,0
/workspace/Boreal-Forest-Fire/Boreal-Forest-Fire-Subset-A/Empty-Images/heinola_DJI_0048_frame89.jpg,heinola,heinola_dji_0048,89,train,0
/workspace/Boreal-Forest-Fire/Boreal-Forest-Fire-Subset-A/Empty-Images/heinola_DJI_0048_frame90.jpg,heinola,heinola_dji_0048,90,train,0
/workspace/Boreal-Forest-Fire/Boreal-Forest-Fire-Subset-A/Empty-Images/heinola_DJI_0048_frame91.jpg,heinola,heinola_dji_0048,91,train,0
/workspace/Boreal-Forest-Fire/Boreal-Forest-Fire-Subset-A/Empty-Images/heinola_DJI_0048_frame92.jpg,heinola,heinola_dji_0048,92,train,0
/workspace/Boreal-Forest-Fire/Boreal-Forest-Fire-Subset-A/Empty-Images/heinola_DJI_0048_frame93.jpg,heinola,heinola_dji_0048,93,train,0
/workspace/Boreal-Forest-Fire/Boreal-Forest-Fire-Subset-A/Empty-Images/heinola_DJI_0048_frame94.jpg,heinola,heinola_dji_0048,94,train,0
/workspace/Boreal-Forest-Fire/Boreal-Forest-Fire-Subset-A/Empty-Images/heinola_DJI_0048_frame95.jpg,heinola,heinola_dji_0048,95,train,0
/workspace/Boreal-Forest-Fire/Boreal-Forest-Fire-Subset-A/Empty-Images/heinola_DJI_0048_frame96.jpg,heinola,heinola_dji_0048,96,train,0
/workspace/Boreal-Forest-Fire/Boreal-Forest-Fire-Subset-A/Empty-Images/heinola_DJI_0048_frame97.jpg,heinola,heinola_dji_0048,97,train,0
/workspace/Boreal-Forest-Fire/Boreal-Forest-Fire-Subset-A/Empty-Images/karkkila_DJI_0003_frame24.jpg,karkkila,karkkila_dji_0003,24,test,0
/workspace/Boreal-Forest-Fire/Boreal-Forest-Fire-Subset-A/Empty-Images/karkkila_DJI_0003_frame25.jpg,karkkila,karkkila_dji_0003,25,test,0
/workspace/Boreal-Forest-Fire/Boreal-Forest-Fire-Subset-A/Empty-Images/karkkila_DJI_0003_frame26.jpg,karkkila,karkkila_dji_0003,26,test,0
/workspace/Boreal-Forest-Fire/Boreal-Forest-Fire-Subset-A/Empty-Images/karkkila_DJI_0003_frame27.jpg,karkkila,karkkila_dji_0003,27,test,0
/workspace/Boreal-Forest-Fire/Boreal-Forest-Fire-Subset-A/Empty-Images/karkkila_DJI_0003_frame28.jpg,karkkila,karkkila_dji_0003,28,test,0
/workspace/Boreal-Forest-Fire/Boreal-Forest-Fire-Subset-A/Empty-Images/karkkila_DJI_0003_frame29.jpg,karkkila,karkkila_dji_0003,29,test,0
/workspace/Boreal-Forest-Fire/Boreal-Forest-Fire-Subset-A/Empty-Images/karkkila_DJI_0003_frame30.jpg,karkkila,karkkila_dji_0003,30,test,0
/workspace/Boreal-Forest-Fire/Boreal-Forest-Fire-Subset-A/Empty-Images/karkkila_DJI_0003_frame31.jpg,karkkila,karkkila_dji_0003,31,test,0
/workspace/Boreal-Forest-Fire/Boreal-Forest-Fire-Subset-A/Empty-Images/karkkila_DJI_0003_frame32.jpg,karkkila,karkkila_dji_0003,32,test,0
/workspace/Boreal-Forest-Fire/Boreal-Forest-Fire-Subset-A/Empty-Images/karkkila_DJI_0003_frame33.jpg,karkkila,karkkila_dji_0003,33,test,0
/workspace/Boreal-Forest-Fire/Boreal-Forest-Fire-Subset-A/Empty-Images/karkkila_DJI_0003_frame34.jpg,karkkila,karkkila_dji_0003,34,test,0
/workspace/Boreal-Forest-Fire/Boreal-Forest-Fire-Subset-A/Empty-Images/karkkila_DJI_0003_frame35.jpg,karkkila,karkkila_dji_0003,35,test,0
/workspace/Boreal-Forest-Fire/Boreal-Forest-Fire-Subset-A/Empty-Images/karkkila_DJI_0003_frame36.jpg,karkkila,karkkila_dji_0003,36,test,0
/workspace/Boreal-Forest-Fire/Boreal-Forest-Fire-Subset-A/Empty-Images/karkkila_DJI_0003_frame37.jpg,karkkila,karkkila_dji_0003,37,test,0
/workspace/Boreal-Forest-Fire/Boreal-Forest-Fire-Subset-A/Empty-Images/karkkila_DJI_0003_frame38.jpg,karkkila,karkkila_dji_0003,38,test,0
/workspace/Boreal-Forest-Fire/Boreal-Forest-Fire-Subset-A/Empty-Images/karkkila_DJI_0003_frame39.jpg,karkkila,karkkila_dji_0003,39,test,0
/workspace/Boreal-Forest-Fire/Boreal-Forest-Fire-Subset-A/Empty-Images/karkkila_DJI_0003_frame43.jpg,karkkila,karkkila_dji_0003,43,test,0
/workspace/Boreal-Forest-Fire/Boreal-Forest-Fire-Subset-A/Empty-Images/karkkila_DJI_0003_frame44.jpg,karkkila,karkkila_dji_0003,44,test,0
/workspace/Boreal-Forest-Fire/Boreal-Forest-Fire-Subset-A/Empty-Images/karkkila_DJI_0006_frame111.jpg,karkkila,karkkila_dji_0006,111,train,0
/workspace/Boreal-Forest-Fire/Boreal-Forest-Fire-Subset-A/Empty-Images/karkkila_DJI_0006_frame112.jpg,karkkila,karkkila_dji_0006,112,train,0
/workspace/Boreal-Forest-Fire/Boreal-Forest-Fire-Subset-A/Empty-Images/karkkila_DJI_0006_frame113.jpg,karkkila,karkkila_dji_0006,113,train,0
/workspace/Boreal-Forest-Fire/Boreal-Forest-Fire-Subset-A/Empty-Images/karkkila_DJI_0006_frame114.jpg,karkkila,karkkila_dji_0006,114,train,0
/workspace/Boreal-Forest-Fire/Boreal-Forest-Fire-Subset-A/Empty-Images/karkkila_DJI_0006_frame115.jpg,karkkila,karkkila_dji_0006,115,train,0
/workspace/Boreal-Forest-Fire/Boreal-Forest-Fire-Subset-A/Empty-Images/karkkila_DJI_0006_frame116.jpg,karkkila,karkkila_dji_0006,116,train,0
/workspace/Boreal-Forest-Fire/Boreal-Forest-Fire-Subset-A/Empty-Images/karkkila_DJI_0006_frame117.jpg,karkkila,karkkila_dji_0006,117,train,0
/workspace/Boreal-Forest-Fire/Boreal-Forest-Fire-Subset-A/Empty-Images/karkkila_DJI_0006_frame118.jpg,karkkila,karkkila_dji_0006,118,train,0
/workspace/Boreal-Forest-Fire/Boreal-Forest-Fire-Subset-A/Empty-Images/karkkila_DJI_0006_frame84.jpg,karkkila,karkkila_dji_0006,84,train,0
/workspace/Boreal-Forest-Fire/Boreal-Forest-Fire-Subset-A/Empty-Images/karkkila_DJI_0006_frame85.jpg,karkkila,karkkila_dji_0006,85,train,0
/workspace/Boreal-Forest-Fire/Boreal-Forest-Fire-Subset-A/Empty-Images/karkkila_DJI_0006_frame86.jpg,karkkila,karkkila_dji_0006,86,train,0
/workspace/Boreal-Forest-Fire/Boreal-Forest-Fire-Subset-A/Empty-Images/karkkila_DJI_0006_frame87.jpg,karkkila,karkkila_dji_0006,87,train,0
/workspace/Boreal-Forest-Fire/Boreal-Forest-Fire-Subset-A/Empty-Images/karkkila_DJI_0006_frame88.jpg,karkkila,karkkila_dji_0006,88,train,0
/workspace/Boreal-Forest-Fire/Boreal-Forest-Fire-Subset-A/Empty-Images/karkkila_DJI_0006_frame89.jpg,karkkila,karkkila_dji_0006,89,train,0
/workspace/Boreal-Forest-Fire/Boreal-Forest-Fire-Subset-A/Empty-Images/karkkila_DJI_0006_frame90.jpg,karkkila,karkkila_dji_0006,90,train,0
/workspace/Boreal-Forest-Fire/Boreal-Forest-Fire-Subset-A/Empty-Images/karkkila_DJI_0006_frame91.jpg,karkkila,karkkila_dji_0006,91,train,0
/workspace/Boreal-Forest-Fire/Boreal-Forest-Fire-Subset-A/Empty-Images/karkkila_DJI_0006_frame92.jpg,karkkila,karkkila_dji_0006,92,train,0
/workspace/Boreal-Forest-Fire/Boreal-Forest-Fire-Subset-A/Empty-Images/karkkila_DJI_0006_frame93.jpg,karkkila,karkkila_dji_0006,93,train,0
/workspace/Boreal-Forest-Fire/Boreal-Forest-Fire-Subset-A/Empty-Images/karkkila_DJI_0006_frame94.jpg,karkkila,karkkila_dji_0006,94,train,0
/workspace/Boreal-Forest-Fire/Boreal-Forest-Fire-Subset-A/Empty-Images/ruokolahti_DJI_0085_frame176.jpg,ruokolahti,ruokolahti_dji_0085,176,train,0
/workspace/Boreal-Forest-Fire/Boreal-Forest-Fire-Subset-A/Empty-Images/ruokolahti_DJI_0085_frame177.jpg,ruokolahti,ruokolahti_dji_0085,177,train,0
/workspace/Boreal-Forest-Fire/Boreal-Forest-Fire-Subset-A/Evo-Images/evoDJI_0001_frame0.jpg,evo,evo_evodji_0001,0,test,1
/workspace/Boreal-Forest-Fire/Boreal-Forest-Fire-Subset-A/Evo-Images/evoDJI_0001_frame1.jpg,evo,evo_evodji_0001,1,test,1
/workspace/Boreal-Forest-Fire/Boreal-Forest-Fire-Subset-A/Evo-Images/evoDJI_0001_frame10.jpg,evo,evo_evodji_0001,10,test,1
/workspace/Boreal-Forest-Fire/Boreal-Forest-Fire-Subset-A/Evo-Images/evoDJI_0001_frame100.jpg,evo,evo_evodji_0001,100,test,1
/workspace/Boreal-Forest-Fire/Boreal-Forest-Fire-Subset-A/Evo-Images/evoDJI_0001_frame101.jpg,evo,evo_evodji_0001,101,test,1
/workspace/Boreal-Forest-Fire/Boreal-Forest-Fire-Subset-A/Evo-Images/evoDJI_0001_frame102.jpg,evo,evo_evodji_0001,102,test,1
/workspace/Boreal-Forest-Fire/Boreal-Forest-Fire-Subset-A/Evo-Images/evoDJI_0001_frame103.jpg,evo,evo_evodji_0001,103,test,1
/workspace/Boreal-Forest-Fire/Boreal-Forest-Fire-Subset-A/Evo-Images/evoDJI_0001_frame104.jpg,evo,evo_evodji_0001,104,test,1
/workspace/Boreal-Forest-Fire/Boreal-Forest-Fire-Subset-A/Evo-Images/evoDJI_0001_frame105.jpg,evo,evo_evodji_0001,105,test,1
/workspace/Boreal-Forest-Fire/Boreal-Forest-Fire-Subset-A/Evo-Images/evoDJI_0001_frame106.jpg,evo,evo_evodji_0001,106,test,1
/workspace/Boreal-Forest-Fire/Boreal-Forest-Fire-Subset-A/Evo-Images/evoDJI_0001_frame107.jpg,evo,evo_evodji_0001,107,test,1
/workspace/Boreal-Forest-Fire/Boreal-Forest-Fire-Subset-A/Evo-Images/evoDJI_0001_frame108.jpg,evo,evo_evodji_0001,108,test,1
/workspace/Boreal-Forest-Fire/Boreal-Forest-Fire-Subset-A/Evo-Images/evoDJI_0001_frame109.jpg,evo,evo_evodji_0001,109,test,1
/workspace/Boreal-Forest-Fire/Boreal-Forest-Fire-Subset-A/Evo-Images/evoDJI_0001_frame11.jpg,evo,evo_evodji_0001,11,test,1
/workspace/Boreal-Forest-Fire/Boreal-Forest-Fire-Subset-A/Evo-Images/evoDJI_0001_frame110.jpg,evo,evo_evodji_0001,110,test,1
/workspace/Boreal-Forest-Fire/Boreal-Forest-Fire-Subset-A/Evo-Images/evoDJI_0001_frame111.jpg,evo,evo_evodji_0001,111,test,1
/workspace/Boreal-Forest-Fire/Boreal-Forest-Fire-Subset-A/Evo-Images/evoDJI_0001_frame112.jpg,evo,evo_evodji_0001,112,test,1
/workspace/Boreal-Forest-Fire/Boreal-Forest-Fire-Subset-A/Evo-Images/evoDJI_0001_frame113.jpg,evo,evo_evodji_0001,113,test,1
/workspace/Boreal-Forest-Fire/Boreal-Forest-Fire-Subset-A/Evo-Images/evoDJI_0001_frame114.jpg,evo,evo_evodji_0001,114,test,1
/workspace/Boreal-Forest-Fire/Boreal-Forest-Fire-Subset-A/Evo-Images/evoDJI_0001_frame115.jpg,evo,evo_evodji_0001,115,test,1
/workspace/Boreal-Forest-Fire/Boreal-Forest-Fire-Subset-A/Evo-Images/evoDJI_0001_frame116.jpg,evo,evo_evodji_0001,116,test,1
/workspace/Boreal-Forest-Fire/Boreal-Forest-Fire-Subset-A/Evo-Images/evoDJI_0001_frame117.jpg,evo,evo_evodji_0001,117,test,1
/workspace/Boreal-Forest-Fire/Boreal-Forest-Fire-Subset-A/Evo-Images/evoDJI_0001_frame118.jpg,evo,evo_evodji_0001,118,test,1
/workspace/Boreal-Forest-Fire/Boreal-Forest-Fire-Subset-A/Evo-Images/evoDJI_0001_frame119.jpg,evo,evo_evodji_0001,119,test,1
/workspace/Boreal-Forest-Fire/Boreal-Forest-Fire-Subset-A/Evo-Images/evoDJI_0001_frame12.jpg,evo,evo_evodji_0001,12,test,1
/workspace/Boreal-Forest-Fire/Boreal-Forest-Fire-Subset-A/Evo-Images/evoDJI_0001_frame120.jpg,evo,evo_evodji_0001,120,test,1
/workspace/Boreal-Forest-Fire/Boreal-Forest-Fire-Subset-A/Evo-Images/evoDJI_0001_frame121.jpg,evo,evo_evodji_0001,121,test,1
/workspace/Boreal-Forest-Fire/Boreal-Forest-Fire-Subset-A/Evo-Images/evoDJI_0001_frame122.jpg,evo,evo_evodji_0001,122,test,1
/workspace/Boreal-Forest-Fire/Boreal-Forest-Fire-Subset-A/Evo-Images/evoDJI_0001_frame123.jpg,evo,evo_evodji_0001,123,test,1
/workspace/Boreal-Forest-Fire/Boreal-Forest-Fire-Subset-A/Evo-Images/evoDJI_0001_frame124.jpg,evo,evo_evodji_0001,124,test,1
/workspace/Boreal-Forest-Fire/Boreal-Forest-Fire-Subset-A/Evo-Images/evoDJI_0001_frame125.jpg,evo,evo_evodji_0001,125,test,1
/workspace/Boreal-Forest-Fire/Boreal-Forest-Fire-Subset-A/Evo-Images/evoDJI_0001_frame126.jpg,evo,evo_evodji_0001,126,test,1
/workspace/Boreal-Forest-Fire/Boreal-Forest-Fire-Subset-A/Evo-Images/evoDJI_0001_frame127.jpg,evo,evo_evodji_0001,127,test,7
/workspace/Boreal-Forest-Fire/Boreal-Forest-Fire-Subset-A/Evo-Images/evoDJI_0001_frame128.jpg,evo,evo_evodji_0001,128,test,1
/workspace/Boreal-Forest-Fire/Boreal-Forest-Fire-Subset-A/Evo-Images/evoDJI_0001_frame129.jpg,evo,evo_evodji_0001,129,test,1
/workspace/Boreal-Forest-Fire/Boreal-Forest-Fire-Subset-A/Evo-Images/evoDJI_0001_frame13.jpg,evo,evo_evodji_0001,13,test,1
/workspace/Boreal-Forest-Fire/Boreal-Forest-Fire-Subset-A/Evo-Images/evoDJI_0001_frame130.jpg,evo,evo_evodji_0001,130,test,1
/workspace/Boreal-Forest-Fire/Boreal-Forest-Fire-Subset-A/Evo-Images/evoDJI_0001_frame131.jpg,evo,evo_evodji_0001,131,test,1
/workspace/Boreal-Forest-Fire/Boreal-Forest-Fire-Subset-A/Evo-Images/evoDJI_0001_frame132.jpg,evo,evo_evodji_0001,132,test,1
/workspace/Boreal-Forest-Fire/Boreal-Forest-Fire-Subset-A/Evo-Images/evoDJI_0001_frame133.jpg,evo,evo_evodji_0001,133,test,1
/workspace/Boreal-Forest-Fire/Boreal-Forest-Fire-Subset-A/Evo-Images/evoDJI_0001_frame134.jpg,evo,evo_evodji_0001,134,test,1
/workspace/Boreal-Forest-Fire/Boreal-Forest-Fire-Subset-A/Evo-Images/evoDJI_0001_frame135.jpg,evo,evo_evodji_0001,135,test,1
/workspace/Boreal-Forest-Fire/Boreal-Forest-Fire-Subset-A/Evo-Images/evoDJI_0001_frame136.jpg,evo,evo_evodji_0001,136,test,1
/workspace/Boreal-Forest-Fire/Boreal-Forest-Fire-Subset-A/Evo-Images/evoDJI_0001_frame137.jpg,evo,evo_evodji_0001,137,test,1
/workspace/Boreal-Forest-Fire/Boreal-Forest-Fire-Subset-A/Evo-Images/evoDJI_0001_frame138.jpg,evo,evo_evodji_0001,138,test,1
/workspace/Boreal-Forest-Fire/Boreal-Forest-Fire-Subset-A/Evo-Images/evoDJI_0001_frame139.jpg,evo,evo_evodji_0001,139,test,1
/workspace/Boreal-Forest-Fire/Boreal-Forest-Fire-Subset-A/Evo-Images/evoDJI_0001_frame14.jpg,evo,evo_evodji_0001,14,test,1
/workspace/Boreal-Forest-Fire/Boreal-Forest-Fire-Subset-A/Evo-Images/evoDJI_0001_frame140.jpg,evo,evo_evodji_0001,140,test,1
/workspace/Boreal-Forest-Fire/Boreal-Forest-Fire-Subset-A/Evo-Images/evoDJI_0001_frame141.jpg,evo,evo_evodji_0001,141,test,1
/workspace/Boreal-Forest-Fire/Boreal-Forest-Fire-Subset-A/Evo-Images/evoDJI_0001_frame142.jpg,evo,evo_evodji_0001,142,test,1
/workspace/Boreal-Forest-Fire/Boreal-Forest-Fire-Subset-A/Evo-Images/evoDJI_0001_frame143.jpg,evo,evo_evodji_0001,143,test,1
/workspace/Boreal-Forest-Fire/Boreal-Forest-Fire-Subset-A/Evo-Images/evoDJI_0001_frame144.jpg,evo,evo_evodji_0001,144,test,1
/workspace/Boreal-Forest-Fire/Boreal-Forest-Fire-Subset-A/Evo-Images/evoDJI_0001_frame145.jpg,evo,evo_evodji_0001,145,test,1
/workspace/Boreal-Forest-Fire/Boreal-Forest-Fire-Subset-A/Evo-Images/evoDJI_0001_frame146.jpg,evo,evo_evodji_0001,146,test,1
/workspace/Boreal-Forest-Fire/Boreal-Forest-Fire-Subset-A/Evo-Images/evoDJI_0001_frame147.jpg,evo,evo_evodji_0001,147,test,1
/workspace/Boreal-Forest-Fire/Boreal-Forest-Fire-Subset-A/Evo-Images/evoDJI_0001_frame148.jpg,evo,evo_evodji_0001,148,test,1
/workspace/Boreal-Forest-Fire/Boreal-Forest-Fire-Subset-A/Evo-Images/evoDJI_0001_frame149.jpg,evo,evo_evodji_0001,149,test,1
/workspace/Boreal-Forest-Fire/Boreal-Forest-Fire-Subset-A/Evo-Images/evoDJI_0001_frame15.jpg,evo,evo_evodji_0001,15,test,1
/workspace/Boreal-Forest-Fire/Boreal-Forest-Fire-Subset-A/Evo-Images/evoDJI_0001_frame150.jpg,evo,evo_evodji_0001,150,test,1
/workspace/Boreal-Forest-Fire/Boreal-Forest-Fire-Subset-A/Evo-Images/evoDJI_0001_frame151.jpg,evo,evo_evodji_0001,151,test,1
/workspace/Boreal-Forest-Fire/Boreal-Forest-Fire-Subset-A/Evo-Images/evoDJI_0001_frame152.jpg,evo,evo_evodji_0001,152,test,1
/workspace/Boreal-Forest-Fire/Boreal-Forest-Fire-Subset-A/Evo-Images/evoDJI_0001_frame153.jpg,evo,evo_evodji_0001,153,test,1
/workspace/Boreal-Forest-Fire/Boreal-Forest-Fire-Subset-A/Evo-Images/evoDJI_0001_frame154.jpg,evo,evo_evodji_0001,154,test,1
/workspace/Boreal-Forest-Fire/Boreal-Forest-Fire-Subset-A/Evo-Images/evoDJI_0001_frame155.jpg,evo,evo_evodji_0001,155,test,1
/workspace/Boreal-Forest-Fire/Boreal-Forest-Fire-Subset-A/Evo-Images/evoDJI_0001_frame156.jpg,evo,evo_evodji_0001,156,test,1
/workspace/Boreal-Forest-Fire/Boreal-Forest-Fire-Subset-A/Evo-Images/evoDJI_0001_frame157.jpg,evo,evo_evodji_0001,157,test,1
/workspace/Boreal-Forest-Fire/Boreal-Forest-Fire-Subset-A/Evo-Images/evoDJI_0001_frame158.jpg,evo,evo_evodji_0001,158,test,1
/workspace/Boreal-Forest-Fire/Boreal-Forest-Fire-Subset-A/Evo-Images/evoDJI_0001_frame159.jpg,evo,evo_evodji_0001,159,test,1
/workspace/Boreal-Forest-Fire/Boreal-Forest-Fire-Subset-A/Evo-Images/evoDJI_0001_frame16.jpg,evo,evo_evodji_0001,16,test,1
/workspace/Boreal-Forest-Fire/Boreal-Forest-Fire-Subset-A/Evo-Images/evoDJI_0001_frame160.jpg,evo,evo_evodji_0001,160,test,1
/workspace/Boreal-Forest-Fire/Boreal-Forest-Fire-Subset-A/Evo-Images/evoDJI_0001_frame161.jpg,evo,evo_evodji_0001,161,test,1
/workspace/Boreal-Forest-Fire/Boreal-Forest-Fire-Subset-A/Evo-Images/evoDJI_0001_frame162.jpg,evo,evo_evodji_0001,162,test,1
/workspace/Boreal-Forest-Fire/Boreal-Forest-Fire-Subset-A/Evo-Images/evoDJI_0001_frame163.jpg,evo,evo_evodji_0001,163,test,1
/workspace/Boreal-Forest-Fire/Boreal-Forest-Fire-Subset-A/Evo-Images/evoDJI_0001_frame164.jpg,evo,evo_evodji_0001,164,test,1
/workspace/Boreal-Forest-Fire/Boreal-Forest-Fire-Subset-A/Evo-Images/evoDJI_0001_frame165.jpg,evo,evo_evodji_0001,165,test,1
/workspace/Boreal-Forest-Fire/Boreal-Forest-Fire-Subset-A/Evo-Images/evoDJI_0001_frame166.jpg,evo,evo_evodji_0001,166,test,1
/workspace/Boreal-Forest-Fire/Boreal-Forest-Fire-Subset-A/Evo-Images/evoDJI_0001_frame167.jpg,evo,evo_evodji_0001,167,test,1
/workspace/Boreal-Forest-Fire/Boreal-Forest-Fire-Subset-A/Evo-Images/evoDJI_0001_frame168.jpg,evo,evo_evodji_0001,168,test,1
/workspace/Boreal-Forest-Fire/Boreal-Forest-Fire-Subset-A/Evo-Images/evoDJI_0001_frame169.jpg,evo,evo_evodji_0001,169,test,1
/workspace/Boreal-Forest-Fire/Boreal-Forest-Fire-Subset-A/Evo-Images/evoDJI_0001_frame17.jpg,evo,evo_evodji_0001,17,test,1
/workspace/Boreal-Forest-Fire/Boreal-Forest-Fire-Subset-A/Evo-Images/evoDJI_0001_frame170.jpg,evo,evo_evodji_0001,170,test,1
/workspace/Boreal-Forest-Fire/Boreal-Forest-Fire-Subset-A/Evo-Images/evoDJI_0001_frame171.jpg,evo,evo_evodji_0001,171,test,1
/workspace/Boreal-Forest-Fire/Boreal-Forest-Fire-Subset-A/Evo-Images/evoDJI_0001_frame172.jpg,evo,evo_evodji_0001,172,test,1
/workspace/Boreal-Forest-Fire/Boreal-Forest-Fire-Subset-A/Evo-Images/evoDJI_0001_frame173.jpg,evo,evo_evodji_0001,173,test,1
/workspace/Boreal-Forest-Fire/Boreal-Forest-Fire-Subset-A/Evo-Images/evoDJI_0001_frame174.jpg,evo,evo_evodji_0001,174,test,1
/workspace/Boreal-Forest-Fire/Boreal-Forest-Fire-Subset-A/Evo-Images/evoDJI_0001_frame175.jpg,evo,evo_evodji_0001,175,test,1
/workspace/Boreal-Forest-Fire/Boreal-Forest-Fire-Subset-A/Evo-Images/evoDJI_0001_frame176.jpg,evo,evo_evodji_0001,176,test,1
/workspace/Boreal-Forest-Fire/Boreal-Forest-Fire-Subset-A/Evo-Images/evoDJI_0001_frame177.jpg,evo,evo_evodji_0001,177,test,1
/workspace/Boreal-Forest-Fire/Boreal-Forest-Fire-Subset-A/Evo-Images/evoDJI_0001_frame178.jpg,evo,evo_evodji_0001,178,test,1
/workspace/Boreal-Forest-Fire/Boreal-Forest-Fire-Subset-A/Evo-Images/evoDJI_0001_frame179.jpg,evo,evo_evodji_0001,179,test,1
/workspace/Boreal-Forest-Fire/Boreal-Forest-Fire-Subset-A/Evo-Images/evoDJI_0001_frame18.jpg,evo,evo_evodji_0001,18,test,1
/workspace/Boreal-Forest-Fire/Boreal-Forest-Fire-Subset-A/Evo-Images/evoDJI_0001_frame180.jpg,evo,evo_evodji_0001,180,test,1
/workspace/Boreal-Forest-Fire/Boreal-Forest-Fire-Subset-A/Evo-Images/evoDJI_0001_frame181.jpg,evo,evo_evodji_0001,181,test,1
/workspace/Boreal-Forest-Fire/Boreal-Forest-Fire-Subset-A/Evo-Images/evoDJI_0001_frame182.jpg,evo,evo_evodji_0001,182,test,1
/workspace/Boreal-Forest-Fire/Boreal-Forest-Fire-Subset-A/Evo-Images/evoDJI_0001_frame183.jpg,evo,evo_evodji_0001,183,test,1
/workspace/Boreal-Forest-Fire/Boreal-Forest-Fire-Subset-A/Evo-Images/evoDJI_0001_frame184.jpg,evo,evo_evodji_0001,184,test,1
/workspace/Boreal-Forest-Fire/Boreal-Forest-Fire-Subset-A/Evo-Images/evoDJI_0001_frame185.jpg,evo,evo_evodji_0001,185,test,1
/workspace/Boreal-Forest-Fire/Boreal-Forest-Fire-Subset-A/Evo-Images/evoDJI_0001_frame186.jpg,evo,evo_evodji_0001,186,test,1
/workspace/Boreal-Forest-Fire/Boreal-Forest-Fire-Subset-A/Evo-Images/evoDJI_0001_frame187.jpg,evo,evo_evodji_0001,187,test,1
/workspace/Boreal-Forest-Fire/Boreal-Forest-Fire-Subset-A/Evo-Images/evoDJI_0001_frame188.jpg,evo,evo_evodji_0001,188,test,1
/workspace/Boreal-Forest-Fire/Boreal-Forest-Fire-Subset-A/Evo-Images/evoDJI_0001_frame189.jpg,evo,evo_evodji_0001,189,test,1
/workspace/Boreal-Forest-Fire/Boreal-Forest-Fire-Subset-A/Evo-Images/evoDJI_0001_frame19.jpg,evo,evo_evodji_0001,19,test,1
/workspace/Boreal-Forest-Fire/Boreal-Forest-Fire-Subset-A/Evo-Images/evoDJI_0001_frame190.jpg,evo,evo_evodji_0001,190,test,1
/workspace/Boreal-Forest-Fire/Boreal-Forest-Fire-Subset-A/Evo-Images/evoDJI_0001_frame191.jpg,evo,evo_evodji_0001,191,test,1
/workspace/Boreal-Forest-Fire/Boreal-Forest-Fire-Subset-A/Evo-Images/evoDJI_0001_frame192.jpg,evo,evo_evodji_0001,192,test,1
/workspace/Boreal-Forest-Fire/Boreal-Forest-Fire-Subset-A/Evo-Images/evoDJI_0001_frame193.jpg,evo,evo_evodji_0001,193,test,1
/workspace/Boreal-Forest-Fire/Boreal-Forest-Fire-Subset-A/Evo-Images/evoDJI_0001_frame194.jpg,evo,evo_evodji_0001,194,test,1
/workspace/Boreal-Forest-Fire/Boreal-Forest-Fire-Subset-A/Evo-Images/evoDJI_0001_frame195.jpg,evo,evo_evodji_0001,195,test,1
/workspace/Boreal-Forest-Fire/Boreal-Forest-Fire-Subset-A/Evo-Images/evoDJI_0001_frame196.jpg,evo,evo_evodji_0001,196,test,1
/workspace/Boreal-Forest-Fire/Boreal-Forest-Fire-Subset-A/Evo-Images/evoDJI_0001_frame197.jpg,evo,evo_evodji_0001,197,test,1
/workspace/Boreal-Forest-Fire/Boreal-Forest-Fire-Subset-A/Evo-Images/evoDJI_0001_frame198.jpg,evo,evo_evodji_0001,198,test,1
/workspace/Boreal-Forest-Fire/Boreal-Forest-Fire-Subset-A/Evo-Images/evoDJI_0001_frame199.jpg,evo,evo_evodji_0001,199,test,1
/workspace/Boreal-Forest-Fire/Boreal-Forest-Fire-Subset-A/Evo-Images/evoDJI_0001_frame2.jpg,evo,evo_evodji_0001,2,test,1
/workspace/Boreal-Forest-Fire/Boreal-Forest-Fire-Subset-A/Evo-Images/evoDJI_0001_frame20.jpg,evo,evo_evodji_0001,20,test,1
/workspace/Boreal-Forest-Fire/Boreal-Forest-Fire-Subset-A/Evo-Images/evoDJI_0001_frame200.jpg,evo,evo_evodji_0001,200,test,1
/workspace/Boreal-Forest-Fire/Boreal-Forest-Fire-Subset-A/Evo-Images/evoDJI_0001_frame201.jpg,evo,evo_evodji_0001,201,test,1
/workspace/Boreal-Forest-Fire/Boreal-Forest-Fire-Subset-A/Evo-Images/evoDJI_0001_frame202.jpg,evo,evo_evodji_0001,202,test,1
/workspace/Boreal-Forest-Fire/Boreal-Forest-Fire-Subset-A/Evo-Images/evoDJI_0001_frame203.jpg,evo,evo_evodji_0001,203,test,1
/workspace/Boreal-Forest-Fire/Boreal-Forest-Fire-Subset-A/Evo-Images/evoDJI_0001_frame204.jpg,evo,evo_evodji_0001,204,test,1
/workspace/Boreal-Forest-Fire/Boreal-Forest-Fire-Subset-A/Evo-Images/evoDJI_0001_frame205.jpg,evo,evo_evodji_0001,205,test,1
/workspace/Boreal-Forest-Fire/Boreal-Forest-Fire-Subset-A/Evo-Images/evoDJI_0001_frame206.jpg,evo,evo_evodji_0001,206,test,1
/workspace/Boreal-Forest-Fire/Boreal-Forest-Fire-Subset-A/Evo-Images/evoDJI_0001_frame207.jpg,evo,evo_evodji_0001,207,test,1
/workspace/Boreal-Forest-Fire/Boreal-Forest-Fire-Subset-A/Evo-Images/evoDJI_0001_frame208.jpg,evo,evo_evodji_0001,208,test,1
/workspace/Boreal-Forest-Fire/Boreal-Forest-Fire-Subset-A/Evo-Images/evoDJI_0001_frame209.jpg,evo,evo_evodji_0001,209,test,1
/workspace/Boreal-Forest-Fire/Boreal-Forest-Fire-Subset-A/Evo-Images/evoDJI_0001_frame21.jpg,evo,evo_evodji_0001,21,test,1
/workspace/Boreal-Forest-Fire/Boreal-Forest-Fire-Subset-A/Evo-Images/evoDJI_0001_frame22.jpg,evo,evo_evodji_0001,22,test,1
/workspace/Boreal-Forest-Fire/Boreal-Forest-Fire-Subset-A/Evo-Images/evoDJI_0001_frame221.jpg,evo,evo_evodji_0001,221,test,1
/workspace/Boreal-Forest-Fire/Boreal-Forest-Fire-Subset-A/Evo-Images/evoDJI_0001_frame222.jpg,evo,evo_evodji_0001,222,test,1
/workspace/Boreal-Forest-Fire/Boreal-Forest-Fire-Subset-A/Evo-Images/evoDJI_0001_frame223.jpg,evo,evo_evodji_0001,223,test,1
/workspace/Boreal-Forest-Fire/Boreal-Forest-Fire-Subset-A/Evo-Images/evoDJI_0001_frame224.jpg,evo,evo_evodji_0001,224,test,1
/workspace/Boreal-Forest-Fire/Boreal-Forest-Fire-Subset-A/Evo-Images/evoDJI_0001_frame225.jpg,evo,evo_evodji_0001,225,test,1
/workspace/Boreal-Forest-Fire/Boreal-Forest-Fire-Subset-A/Evo-Images/evoDJI_0001_frame226.jpg,evo,evo_evodji_0001,226,test,1
/workspace/Boreal-Forest-Fire/Boreal-Forest-Fire-Subset-A/Evo-Images/evoDJI_0001_frame227.jpg,evo,evo_evodji_0001,227,test,1
/workspace/Boreal-Forest-Fire/Boreal-Forest-Fire-Subset-A/Evo-Images/evoDJI_0001_frame228.jpg,evo,evo_evodji_0001,228,test,1
/workspace/Boreal-Forest-Fire/Boreal-Forest-Fire-Subset-A/Evo-Images/evoDJI_0001_frame229.jpg,evo,evo_evodji_0001,229,test,1
/workspace/Boreal-Forest-Fire/Boreal-Forest-Fire-Subset-A/Evo-Images/evoDJI_0001_frame23.jpg,evo,evo_evodji_0001,23,test,0
/workspace/Boreal-Forest-Fire/Boreal-Forest-Fire-Subset-A/Evo-Images/evoDJI_0001_frame230.jpg,evo,evo_evodji_0001,230,test,1
/workspace/Boreal-Forest-Fire/Boreal-Forest-Fire-Subset-A/Evo-Images/evoDJI_0001_frame231.jpg,evo,evo_evodji_0001,231,test,1
/workspace/Boreal-Forest-Fire/Boreal-Forest-Fire-Subset-A/Evo-Images/evoDJI_0001_frame232.jpg,evo,evo_evodji_0001,232,test,1
/workspace/Boreal-Forest-Fire/Boreal-Forest-Fire-Subset-A/Evo-Images/evoDJI_0001_frame233.jpg,evo,evo_evodji_0001,233,test,1
/workspace/Boreal-Forest-Fire/Boreal-Forest-Fire-Subset-A/Evo-Images/evoDJI_0001_frame234.jpg,evo,evo_evodji_0001,234,test,1
/workspace/Boreal-Forest-Fire/Boreal-Forest-Fire-Subset-A/Evo-Images/evoDJI_0001_frame235.jpg,evo,evo_evodji_0001,235,test,1
/workspace/Boreal-Forest-Fire/Boreal-Forest-Fire-Subset-A/Evo-Images/evoDJI_0001_frame236.jpg,evo,evo_evodji_0001,236,test,1
/workspace/Boreal-Forest-Fire/Boreal-Forest-Fire-Subset-A/Evo-Images/evoDJI_0001_frame237.jpg,evo,evo_evodji_0001,237,test,1
/workspace/Boreal-Forest-Fire/Boreal-Forest-Fire-Subset-A/Evo-Images/evoDJI_0001_frame238.jpg,evo,evo_evodji_0001,238,test,1
/workspace/Boreal-Forest-Fire/Boreal-Forest-Fire-Subset-A/Evo-Images/evoDJI_0001_frame239.jpg,evo,evo_evodji_0001,239,test,1
/workspace/Boreal-Forest-Fire/Boreal-Forest-Fire-Subset-A/Evo-Images/evoDJI_0001_frame24.jpg,evo,evo_evodji_0001,24,test,1
/workspace/Boreal-Forest-Fire/Boreal-Forest-Fire-Subset-A/Evo-Images/evoDJI_0001_frame240.jpg,evo,evo_evodji_0001,240,test,1
/workspace/Boreal-Forest-Fire/Boreal-Forest-Fire-Subset-A/Evo-Images/evoDJI_0001_frame241.jpg,evo,evo_evodji_0001,241,test,1
/workspace/Boreal-Forest-Fire/Boreal-Forest-Fire-Subset-A/Evo-Images/evoDJI_0001_frame242.jpg,evo,evo_evodji_0001,242,test,1
/workspace/Boreal-Forest-Fire/Boreal-Forest-Fire-Subset-A/Evo-Images/evoDJI_0001_frame243.jpg,evo,evo_evodji_0001,243,test,1
/workspace/Boreal-Forest-Fire/Boreal-Forest-Fire-Subset-A/Evo-Images/evoDJI_0001_frame244.jpg,evo,evo_evodji_0001,244,test,1
/workspace/Boreal-Forest-Fire/Boreal-Forest-Fire-Subset-A/Evo-Images/evoDJI_0001_frame245.jpg,evo,evo_evodji_0001,245,test,1
/workspace/Boreal-Forest-Fire/Boreal-Forest-Fire-Subset-A/Evo-Images/evoDJI_0001_frame246.jpg,evo,evo_evodji_0001,246,test,1
/workspace/Boreal-Forest-Fire/Boreal-Forest-Fire-Subset-A/Evo-Images/evoDJI_0001_frame247.jpg,evo,evo_evodji_0001,247,test,1
/workspace/Boreal-Forest-Fire/Boreal-Forest-Fire-Subset-A/Evo-Images/evoDJI_0001_frame248.jpg,evo,evo_evodji_0001,248,test,1
/workspace/Boreal-Forest-Fire/Boreal-Forest-Fire-Subset-A/Evo-Images/evoDJI_0001_frame249.jpg,evo,evo_evodji_0001,249,test,1
/workspace/Boreal-Forest-Fire/Boreal-Forest-Fire-Subset-A/Evo-Images/evoDJI_0001_frame25.jpg,evo,evo_evodji_0001,25,test,1
/workspace/Boreal-Forest-Fire/Boreal-Forest-Fire-Subset-A/Evo-Images/evoDJI_0001_frame250.jpg,evo,evo_evodji_0001,250,test,1
/workspace/Boreal-Forest-Fire/Boreal-Forest-Fire-Subset-A/Evo-Images/evoDJI_0001_frame251.jpg,evo,evo_evodji_0001,251,test,1
/workspace/Boreal-Forest-Fire/Boreal-Forest-Fire-Subset-A/Evo-Images/evoDJI_0001_frame252.jpg,evo,evo_evodji_0001,252,test,1
/workspace/Boreal-Forest-Fire/Boreal-Forest-Fire-Subset-A/Evo-Images/evoDJI_0001_frame253.jpg,evo,evo_evodji_0001,253,test,1
/workspace/Boreal-Forest-Fire/Boreal-Forest-Fire-Subset-A/Evo-Images/evoDJI_0001_frame254.jpg,evo,evo_evodji_0001,254,test,1
/workspace/Boreal-Forest-Fire/Boreal-Forest-Fire-Subset-A/Evo-Images/evoDJI_0001_frame255.jpg,evo,evo_evodji_0001,255,test,1
/workspace/Boreal-Forest-Fire/Boreal-Forest-Fire-Subset-A/Evo-Images/evoDJI_0001_frame256.jpg,evo,evo_evodji_0001,256,test,1
/workspace/Boreal-Forest-Fire/Boreal-Forest-Fire-Subset-A/Evo-Images/evoDJI_0001_frame257.jpg,evo,evo_evodji_0001,257,test,1
/workspace/Boreal-Forest-Fire/Boreal-Forest-Fire-Subset-A/Evo-Images/evoDJI_0001_frame258.jpg,evo,evo_evodji_0001,258,test,1
/workspace/Boreal-Forest-Fire/Boreal-Forest-Fire-Subset-A/Evo-Images/evoDJI_0001_frame259.jpg,evo,evo_evodji_0001,259,test,1
/workspace/Boreal-Forest-Fire/Boreal-Forest-Fire-Subset-A/Evo-Images/evoDJI_0001_frame26.jpg,evo,evo_evodji_0001,26,test,1
/workspace/Boreal-Forest-Fire/Boreal-Forest-Fire-Subset-A/Evo-Images/evoDJI_0001_frame260.jpg,evo,evo_evodji_0001,260,test,1
/workspace/Boreal-Forest-Fire/Boreal-Forest-Fire-Subset-A/Evo-Images/evoDJI_0001_frame261.jpg,evo,evo_evodji_0001,261,test,1
/workspace/Boreal-Forest-Fire/Boreal-Forest-Fire-Subset-A/Evo-Images/evoDJI_0001_frame262.jpg,evo,evo_evodji_0001,262,test,1
/workspace/Boreal-Forest-Fire/Boreal-Forest-Fire-Subset-A/Evo-Images/evoDJI_0001_frame263.jpg,evo,evo_evodji_0001,263,test,1
/workspace/Boreal-Forest-Fire/Boreal-Forest-Fire-Subset-A/Evo-Images/evoDJI_0001_frame264.jpg,evo,evo_evodji_0001,264,test,1
/workspace/Boreal-Forest-Fire/Boreal-Forest-Fire-Subset-A/Evo-Images/evoDJI_0001_frame265.jpg,evo,evo_evodji_0001,265,test,1
/workspace/Boreal-Forest-Fire/Boreal-Forest-Fire-Subset-A/Evo-Images/evoDJI_0001_frame266.jpg,evo,evo_evodji_0001,266,test,1
/workspace/Boreal-Forest-Fire/Boreal-Forest-Fire-Subset-A/Evo-Images/evoDJI_0001_frame267.jpg,evo,evo_evodji_0001,267,test,1
/workspace/Boreal-Forest-Fire/Boreal-Forest-Fire-Subset-A/Evo-Images/evoDJI_0001_frame268.jpg,evo,evo_evodji_0001,268,test,1
/workspace/Boreal-Forest-Fire/Boreal-Forest-Fire-Subset-A/Evo-Images/evoDJI_0001_frame269.jpg,evo,evo_evodji_0001,269,test,1
/workspace/Boreal-Forest-Fire/Boreal-Forest-Fire-Subset-A/Evo-Images/evoDJI_0001_frame27.jpg,evo,evo_evodji_0001,27,test,1
/workspace/Boreal-Forest-Fire/Boreal-Forest-Fire-Subset-A/Evo-Images/evoDJI_0001_frame270.jpg,evo,evo_evodji_0001,270,test,1
/workspace/Boreal-Forest-Fire/Boreal-Forest-Fire-Subset-A/Evo-Images/evoDJI_0001_frame271.jpg,evo,evo_evodji_0001,271,test,1
/workspace/Boreal-Forest-Fire/Boreal-Forest-Fire-Subset-A/Evo-Images/evoDJI_0001_frame272.jpg,evo,evo_evodji_0001,272,test,1
/workspace/Boreal-Forest-Fire/Boreal-Forest-Fire-Subset-A/Evo-Images/evoDJI_0001_frame273.jpg,evo,evo_evodji_0001,273,test,1
/workspace/Boreal-Forest-Fire/Boreal-Forest-Fire-Subset-A/Evo-Images/evoDJI_0001_frame274.jpg,evo,evo_evodji_0001,274,test,1
/workspace/Boreal-Forest-Fire/Boreal-Forest-Fire-Subset-A/Evo-Images/evoDJI_0001_frame275.jpg,evo,evo_evodji_0001,275,test,1
/workspace/Boreal-Forest-Fire/Boreal-Forest-Fire-Subset-A/Evo-Images/evoDJI_0001_frame276.jpg,evo,evo_evodji_0001,276,test,1
/workspace/Boreal-Forest-Fire/Boreal-Forest-Fire-Subset-A/Evo-Images/evoDJI_0001_frame277.jpg,evo,evo_evodji_0001,277,test,1
/workspace/Boreal-Forest-Fire/Boreal-Forest-Fire-Subset-A/Evo-Images/evoDJI_0001_frame278.jpg,evo,evo_evodji_0001,278,test,1
/workspace/Boreal-Forest-Fire/Boreal-Forest-Fire-Subset-A/Evo-Images/evoDJI_0001_frame279.jpg,evo,evo_evodji_0001,279,test,1
/workspace/Boreal-Forest-Fire/Boreal-Forest-Fire-Subset-A/Evo-Images/evoDJI_0001_frame28.jpg,evo,evo_evodji_0001,28,test,1
/workspace/Boreal-Forest-Fire/Boreal-Forest-Fire-Subset-A/Evo-Images/evoDJI_0001_frame280.jpg,evo,evo_evodji_0001,280,test,1
/workspace/Boreal-Forest-Fire/Boreal-Forest-Fire-Subset-A/Evo-Images/evoDJI_0001_frame281.jpg,evo,evo_evodji_0001,281,test,1
/workspace/Boreal-Forest-Fire/Boreal-Forest-Fire-Subset-A/Evo-Images/evoDJI_0001_frame282.jpg,evo,evo_evodji_0001,282,test,1
/workspace/Boreal-Forest-Fire/Boreal-Forest-Fire-Subset-A/Evo-Images/evoDJI_0001_frame283.jpg,evo,evo_evodji_0001,283,test,1
/workspace/Boreal-Forest-Fire/Boreal-Forest-Fire-Subset-A/Evo-Images/evoDJI_0001_frame284.jpg,evo,evo_evodji_0001,284,test,1
/workspace/Boreal-Forest-Fire/Boreal-Forest-Fire-Subset-A/Evo-Images/evoDJI_0001_frame285.jpg,evo,evo_evodji_0001,285,test,1
/workspace/Boreal-Forest-Fire/Boreal-Forest-Fire-Subset-A/Evo-Images/evoDJI_0001_frame286.jpg,evo,evo_evodji_0001,286,test,1
/workspace/Boreal-Forest-Fire/Boreal-Forest-Fire-Subset-A/Evo-Images/evoDJI_0001_frame287.jpg,evo,evo_evodji_0001,287,test,1
/workspace/Boreal-Forest-Fire/Boreal-Forest-Fire-Subset-A/Evo-Images/evoDJI_0001_frame288.jpg,evo,evo_evodji_0001,288,test,1
/workspace/Boreal-Forest-Fire/Boreal-Forest-Fire-Subset-A/Evo-Images/evoDJI_0001_frame289.jpg,evo,evo_evodji_0001,289,test,1
/workspace/Boreal-Forest-Fire/Boreal-Forest-Fire-Subset-A/Evo-Images/evoDJI_0001_frame29.jpg,evo,evo_evodji_0001,29,test,1
/workspace/Boreal-Forest-Fire/Boreal-Forest-Fire-Subset-A/Evo-Images/evoDJI_0001_frame290.jpg,evo,evo_evodji_0001,290,test,1
/workspace/Boreal-Forest-Fire/Boreal-Forest-Fire-Subset-A/Evo-Images/evoDJI_0001_frame291.jpg,evo,evo_evodji_0001,291,test,1
/workspace/Boreal-Forest-Fire/Boreal-Forest-Fire-Subset-A/Evo-Images/evoDJI_0001_frame292.jpg,evo,evo_evodji_0001,292,test,1
/workspace/Boreal-Forest-Fire/Boreal-Forest-Fire-Subset-A/Evo-Images/evoDJI_0001_frame293.jpg,evo,evo_evodji_0001,293,test,1
/workspace/Boreal-Forest-Fire/Boreal-Forest-Fire-Subset-A/Evo-Images/evoDJI_0001_frame294.jpg,evo,evo_evodji_0001,294,test,1
/workspace/Boreal-Forest-Fire/Boreal-Forest-Fire-Subset-A/Evo-Images/evoDJI_0001_frame295.jpg,evo,evo_evodji_0001,295,test,1
/workspace/Boreal-Forest-Fire/Boreal-Forest-Fire-Subset-A/Evo-Images/evoDJI_0001_frame296.jpg,evo,evo_evodji_0001,296,test,1
/workspace/Boreal-Forest-Fire/Boreal-Forest-Fire-Subset-A/Evo-Images/evoDJI_0001_frame297.jpg,evo,evo_evodji_0001,297,test,1
/workspace/Boreal-Forest-Fire/Boreal-Forest-Fire-Subset-A/Evo-Images/evoDJI_0001_frame298.jpg,evo,evo_evodji_0001,298,test,1
/workspace/Boreal-Forest-Fire/Boreal-Forest-Fire-Subset-A/Evo-Images/evoDJI_0001_frame299.jpg,evo,evo_evodji_0001,299,test,1
/workspace/Boreal-Forest-Fire/Boreal-Forest-Fire-Subset-A/Evo-Images/evoDJI_0001_frame3.jpg,evo,evo_evodji_0001,3,test,1
/workspace/Boreal-Forest-Fire/Boreal-Forest-Fire-Subset-A/Evo-Images/evoDJI_0001_frame30.jpg,evo,evo_evodji_0001,30,test,1
/workspace/Boreal-Forest-Fire/Boreal-Forest-Fire-Subset-A/Evo-Images/evoDJI_0001_frame300.jpg,evo,evo_evodji_0001,300,test,1
/workspace/Boreal-Forest-Fire/Boreal-Forest-Fire-Subset-A/Evo-Images/evoDJI_0001_frame301.jpg,evo,evo_evodji_0001,301,test,1
/workspace/Boreal-Forest-Fire/Boreal-Forest-Fire-Subset-A/Evo-Images/evoDJI_0001_frame302.jpg,evo,evo_evodji_0001,302,test,1
/workspace/Boreal-Forest-Fire/Boreal-Forest-Fire-Subset-A/Evo-Images/evoDJI_0001_frame303.jpg,evo,evo_evodji_0001,303,test,1
/workspace/Boreal-Forest-Fire/Boreal-Forest-Fire-Subset-A/Evo-Images/evoDJI_0001_frame304.jpg,evo,evo_evodji_0001,304,test,1
/workspace/Boreal-Forest-Fire/Boreal-Forest-Fire-Subset-A/Evo-Images/evoDJI_0001_frame305.jpg,evo,evo_evodji_0001,305,test,1
/workspace/Boreal-Forest-Fire/Boreal-Forest-Fire-Subset-A/Evo-Images/evoDJI_0001_frame306.jpg,evo,evo_evodji_0001,306,test,1
/workspace/Boreal-Forest-Fire/Boreal-Forest-Fire-Subset-A/Evo-Images/evoDJI_0001_frame307.jpg,evo,evo_evodji_0001,307,test,1
/workspace/Boreal-Forest-Fire/Boreal-Forest-Fire-Subset-A/Evo-Images/evoDJI_0001_frame308.jpg,evo,evo_evodji_0001,308,test,1
/workspace/Boreal-Forest-Fire/Boreal-Forest-Fire-Subset-A/Evo-Images/evoDJI_0001_frame309.jpg,evo,evo_evodji_0001,309,test,1
/workspace/Boreal-Forest-Fire/Boreal-Forest-Fire-Subset-A/Evo-Images/evoDJI_0001_frame31.jpg,evo,evo_evodji_0001,31,test,1
/workspace/Boreal-Forest-Fire/Boreal-Forest-Fire-Subset-A/Evo-Images/evoDJI_0001_frame310.jpg,evo,evo_evodji_0001,310,test,1
/workspace/Boreal-Forest-Fire/Boreal-Forest-Fire-Subset-A/Evo-Images/evoDJI_0001_frame311.jpg,evo,evo_evodji_0001,311,test,1
/workspace/Boreal-Forest-Fire/Boreal-Forest-Fire-Subset-A/Evo-Images/evoDJI_0001_frame312.jpg,evo,evo_evodji_0001,312,test,1
/workspace/Boreal-Forest-Fire/Boreal-Forest-Fire-Subset-A/Evo-Images/evoDJI_0001_frame313.jpg,evo,evo_evodji_0001,313,test,1
/workspace/Boreal-Forest-Fire/Boreal-Forest-Fire-Subset-A/Evo-Images/evoDJI_0001_frame314.jpg,evo,evo_evodji_0001,314,test,1
/workspace/Boreal-Forest-Fire/Boreal-Forest-Fire-Subset-A/Evo-Images/evoDJI_0001_frame315.jpg,evo,evo_evodji_0001,315,test,1
/workspace/Boreal-Forest-Fire/Boreal-Forest-Fire-Subset-A/Evo-Images/evoDJI_0001_frame316.jpg,evo,evo_evodji_0001,316,test,1
/workspace/Boreal-Forest-Fire/Boreal-Forest-Fire-Subset-A/Evo-Images/evoDJI_0001_frame317.jpg,evo,evo_evodji_0001,317,test,1
/workspace/Boreal-Forest-Fire/Boreal-Forest-Fire-Subset-A/Evo-Images/evoDJI_0001_frame318.jpg,evo,evo_evodji_0001,318,test,1
/workspace/Boreal-Forest-Fire/Boreal-Forest-Fire-Subset-A/Evo-Images/evoDJI_0001_frame319.jpg,evo,evo_evodji_0001,319,test,1
/workspace/Boreal-Forest-Fire/Boreal-Forest-Fire-Subset-A/Evo-Images/evoDJI_0001_frame32.jpg,evo,evo_evodji_0001,32,test,1
/workspace/Boreal-Forest-Fire/Boreal-Forest-Fire-Subset-A/Evo-Images/evoDJI_0001_frame320.jpg,evo,evo_evodji_0001,320,test,1
/workspace/Boreal-Forest-Fire/Boreal-Forest-Fire-Subset-A/Evo-Images/evoDJI_0001_frame321.jpg,evo,evo_evodji_0001,321,test,1
/workspace/Boreal-Forest-Fire/Boreal-Forest-Fire-Subset-A/Evo-Images/evoDJI_0001_frame322.jpg,evo,evo_evodji_0001,322,test,1
/workspace/Boreal-Forest-Fire/Boreal-Forest-Fire-Subset-A/Evo-Images/evoDJI_0001_frame323.jpg,evo,evo_evodji_0001,323,test,1
/workspace/Boreal-Forest-Fire/Boreal-Forest-Fire-Subset-A/Evo-Images/evoDJI_0001_frame324.jpg,evo,evo_evodji_0001,324,test,1
/workspace/Boreal-Forest-Fire/Boreal-Forest-Fire-Subset-A/Evo-Images/evoDJI_0001_frame325.jpg,evo,evo_evodji_0001,325,test,1
/workspace/Boreal-Forest-Fire/Boreal-Forest-Fire-Subset-A/Evo-Images/evoDJI_0001_frame326.jpg,evo,evo_evodji_0001,326,test,1
/workspace/Boreal-Forest-Fire/Boreal-Forest-Fire-Subset-A/Evo-Images/evoDJI_0001_frame327.jpg,evo,evo_evodji_0001,327,test,1
/workspace/Boreal-Forest-Fire/Boreal-Forest-Fire-Subset-A/Evo-Images/evoDJI_0001_frame33.jpg,evo,evo_evodji_0001,33,test,1
/workspace/Boreal-Forest-Fire/Boreal-Forest-Fire-Subset-A/Evo-Images/evoDJI_0001_frame34.jpg,evo,evo_evodji_0001,34,test,1
/workspace/Boreal-Forest-Fire/Boreal-Forest-Fire-Subset-A/Evo-Images/evoDJI_0001_frame35.jpg,evo,evo_evodji_0001,35,test,1
/workspace/Boreal-Forest-Fire/Boreal-Forest-Fire-Subset-A/Evo-Images/evoDJI_0001_frame36.jpg,evo,evo_evodji_0001,36,test,1
/workspace/Boreal-Forest-Fire/Boreal-Forest-Fire-Subset-A/Evo-Images/evoDJI_0001_frame37.jpg,evo,evo_evodji_0001,37,test,1
/workspace/Boreal-Forest-Fire/Boreal-Forest-Fire-Subset-A/Evo-Images/evoDJI_0001_frame38.jpg,evo,evo_evodji_0001,38,test,1
/workspace/Boreal-Forest-Fire/Boreal-Forest-Fire-Subset-A/Evo-Images/evoDJI_0001_frame39.jpg,evo,evo_evodji_0001,39,test,1
/workspace/Boreal-Forest-Fire/Boreal-Forest-Fire-Subset-A/Evo-Images/evoDJI_0001_frame4.jpg,evo,evo_evodji_0001,4,test,1
/workspace/Boreal-Forest-Fire/Boreal-Forest-Fire-Subset-A/Evo-Images/evoDJI_0001_frame40.jpg,evo,evo_evodji_0001,40,test,1
/workspace/Boreal-Forest-Fire/Boreal-Forest-Fire-Subset-A/Evo-Images/evoDJI_0001_frame41.jpg,evo,evo_evodji_0001,41,test,1
/workspace/Boreal-Forest-Fire/Boreal-Forest-Fire-Subset-A/Evo-Images/evoDJI_0001_frame42.jpg,evo,evo_evodji_0001,42,test,1
/workspace/Boreal-Forest-Fire/Boreal-Forest-Fire-Subset-A/Evo-Images/evoDJI_0001_frame43.jpg,evo,evo_evodji_0001,43,test,1
/workspace/Boreal-Forest-Fire/Boreal-Forest-Fire-Subset-A/Evo-Images/evoDJI_0001_frame44.jpg,evo,evo_evodji_0001,44,test,1
/workspace/Boreal-Forest-Fire/Boreal-Forest-Fire-Subset-A/Evo-Images/evoDJI_0001_frame48.jpg,evo,evo_evodji_0001,48,test,1
/workspace/Boreal-Forest-Fire/Boreal-Forest-Fire-Subset-A/Evo-Images/evoDJI_0001_frame49.jpg,evo,evo_evodji_0001,49,test,1
/workspace/Boreal-Forest-Fire/Boreal-Forest-Fire-Subset-A/Evo-Images/evoDJI_0001_frame5.jpg,evo,evo_evodji_0001,5,test,1
/workspace/Boreal-Forest-Fire/Boreal-Forest-Fire-Subset-A/Evo-Images/evoDJI_0001_frame50.jpg,evo,evo_evodji_0001,50,test,1
/workspace/Boreal-Forest-Fire/Boreal-Forest-Fire-Subset-A/Evo-Images/evoDJI_0001_frame51.jpg,evo,evo_evodji_0001,51,test,1
/workspace/Boreal-Forest-Fire/Boreal-Forest-Fire-Subset-A/Evo-Images/evoDJI_0001_frame52.jpg,evo,evo_evodji_0001,52,test,1
/workspace/Boreal-Forest-Fire/Boreal-Forest-Fire-Subset-A/Evo-Images/evoDJI_0001_frame53.jpg,evo,evo_evodji_0001,53,test,1
/workspace/Boreal-Forest-Fire/Boreal-Forest-Fire-Subset-A/Evo-Images/evoDJI_0001_frame54.jpg,evo,evo_evodji_0001,54,test,1
/workspace/Boreal-Forest-Fire/Boreal-Forest-Fire-Subset-A/Evo-Images/evoDJI_0001_frame55.jpg,evo,evo_evodji_0001,55,test,1
/workspace/Boreal-Forest-Fire/Boreal-Forest-Fire-Subset-A/Evo-Images/evoDJI_0001_frame56.jpg,evo,evo_evodji_0001,56,test,1
/workspace/Boreal-Forest-Fire/Boreal-Forest-Fire-Subset-A/Evo-Images/evoDJI_0001_frame57.jpg,evo,evo_evodji_0001,57,test,1
/workspace/Boreal-Forest-Fire/Boreal-Forest-Fire-Subset-A/Evo-Images/evoDJI_0001_frame58.jpg,evo,evo_evodji_0001,58,test,1
/workspace/Boreal-Forest-Fire/Boreal-Forest-Fire-Subset-A/Evo-Images/evoDJI_0001_frame59.jpg,evo,evo_evodji_0001,59,test,1
/workspace/Boreal-Forest-Fire/Boreal-Forest-Fire-Subset-A/Evo-Images/evoDJI_0001_frame6.jpg,evo,evo_evodji_0001,6,test,1
/workspace/Boreal-Forest-Fire/Boreal-Forest-Fire-Subset-A/Evo-Images/evoDJI_0001_frame60.jpg,evo,evo_evodji_0001,60,test,1
/workspace/Boreal-Forest-Fire/Boreal-Forest-Fire-Subset-A/Evo-Images/evoDJI_0001_frame61.jpg,evo,evo_evodji_0001,61,test,1
/workspace/Boreal-Forest-Fire/Boreal-Forest-Fire-Subset-A/Evo-Images/evoDJI_0001_frame62.jpg,evo,evo_evodji_0001,62,test,1
/workspace/Boreal-Forest-Fire/Boreal-Forest-Fire-Subset-A/Evo-Images/evoDJI_0001_frame63.jpg,evo,evo_evodji_0001,63,test,1
/workspace/Boreal-Forest-Fire/Boreal-Forest-Fire-Subset-A/Evo-Images/evoDJI_0001_frame64.jpg,evo,evo_evodji_0001,64,test,1
/workspace/Boreal-Forest-Fire/Boreal-Forest-Fire-Subset-A/Evo-Images/evoDJI_0001_frame65.jpg,evo,evo_evodji_0001,65,test,9
/workspace/Boreal-Forest-Fire/Boreal-Forest-Fire-Subset-A/Evo-Images/evoDJI_0001_frame66.jpg,evo,evo_evodji_0001,66,test,1
/workspace/Boreal-Forest-Fire/Boreal-Forest-Fire-Subset-A/Evo-Images/evoDJI_0001_frame67.jpg,evo,evo_evodji_0001,67,test,1
/workspace/Boreal-Forest-Fire/Boreal-Forest-Fire-Subset-A/Evo-Images/evoDJI_0001_frame68.jpg,evo,evo_evodji_0001,68,test,1
/workspace/Boreal-Forest-Fire/Boreal-Forest-Fire-Subset-A/Evo-Images/evoDJI_0001_frame69.jpg,evo,evo_evodji_0001,69,test,1
/workspace/Boreal-Forest-Fire/Boreal-Forest-Fire-Subset-A/Evo-Images/evoDJI_0001_frame7.jpg,evo,evo_evodji_0001,7,test,1
/workspace/Boreal-Forest-Fire/Boreal-Forest-Fire-Subset-A/Evo-Images/evoDJI_0001_frame70.jpg,evo,evo_evodji_0001,70,test,1
/workspace/Boreal-Forest-Fire/Boreal-Forest-Fire-Subset-A/Evo-Images/evoDJI_0001_frame71.jpg,evo,evo_evodji_0001,71,test,1
/workspace/Boreal-Forest-Fire/Boreal-Forest-Fire-Subset-A/Evo-Images/evoDJI_0001_frame72.jpg,evo,evo_evodji_0001,72,test,1
/workspace/Boreal-Forest-Fire/Boreal-Forest-Fire-Subset-A/Evo-Images/evoDJI_0001_frame73.jpg,evo,evo_evodji_0001,73,test,1
/workspace/Boreal-Forest-Fire/Boreal-Forest-Fire-Subset-A/Evo-Images/evoDJI_0001_frame74.jpg,evo,evo_evodji_0001,74,test,1
/workspace/Boreal-Forest-Fire/Boreal-Forest-Fire-Subset-A/Evo-Images/evoDJI_0001_frame75.jpg,evo,evo_evodji_0001,75,test,1
/workspace/Boreal-Forest-Fire/Boreal-Forest-Fire-Subset-A/Evo-Images/evoDJI_0001_frame76.jpg,evo,evo_evodji_0001,76,test,1
/workspace/Boreal-Forest-Fire/Boreal-Forest-Fire-Subset-A/Evo-Images/evoDJI_0001_frame77.jpg,evo,evo_evodji_0001,77,test,1
/workspace/Boreal-Forest-Fire/Boreal-Forest-Fire-Subset-A/Evo-Images/evoDJI_0001_frame78.jpg,evo,evo_evodji_0001,78,test,1
/workspace/Boreal-Forest-Fire/Boreal-Forest-Fire-Subset-A/Evo-Images/evoDJI_0001_frame79.jpg,evo,evo_evodji_0001,79,test,1
/workspace/Boreal-Forest-Fire/Boreal-Forest-Fire-Subset-A/Evo-Images/evoDJI_0001_frame8.jpg,evo,evo_evodji_0001,8,test,1
/workspace/Boreal-Forest-Fire/Boreal-Forest-Fire-Subset-A/Evo-Images/evoDJI_0001_frame80.jpg,evo,evo_evodji_0001,80,test,1
/workspace/Boreal-Forest-Fire/Boreal-Forest-Fire-Subset-A/Evo-Images/evoDJI_0001_frame81.jpg,evo,evo_evodji_0001,81,test,1
/workspace/Boreal-Forest-Fire/Boreal-Forest-Fire-Subset-A/Evo-Images/evoDJI_0001_frame82.jpg,evo,evo_evodji_0001,82,test,1
/workspace/Boreal-Forest-Fire/Boreal-Forest-Fire-Subset-A/Evo-Images/evoDJI_0001_frame83.jpg,evo,evo_evodji_0001,83,test,1
/workspace/Boreal-Forest-Fire/Boreal-Forest-Fire-Subset-A/Evo-Images/evoDJI_0001_frame84.jpg,evo,evo_evodji_0001,84,test,1
/workspace/Boreal-Forest-Fire/Boreal-Forest-Fire-Subset-A/Evo-Images/evoDJI_0001_frame85.jpg,evo,evo_evodji_0001,85,test,1
/workspace/Boreal-Forest-Fire/Boreal-Forest-Fire-Subset-A/Evo-Images/evoDJI_0001_frame86.jpg,evo,evo_evodji_0001,86,test,1
/workspace/Boreal-Forest-Fire/Boreal-Forest-Fire-Subset-A/Evo-Images/evoDJI_0001_frame87.jpg,evo,evo_evodji_0001,87,test,1
/workspace/Boreal-Forest-Fire/Boreal-Forest-Fire-Subset-A/Evo-Images/evoDJI_0001_frame88.jpg,evo,evo_evodji_0001,88,test,1
/workspace/Boreal-Forest-Fire/Boreal-Forest-Fire-Subset-A/Evo-Images/evoDJI_0001_frame89.jpg,evo,evo_evodji_0001,89,test,1
/workspace/Boreal-Forest-Fire/Boreal-Forest-Fire-Subset-A/Evo-Images/evoDJI_0001_frame9.jpg,evo,evo_evodji_0001,9,test,1
/workspace/Boreal-Forest-Fire/Boreal-Forest-Fire-Subset-A/Evo-Images/evoDJI_0001_frame90.jpg,evo,evo_evodji_0001,90,test,1
/workspace/Boreal-Forest-Fire/Boreal-Forest-Fire-Subset-A/Evo-Images/evoDJI_0001_frame91.jpg,evo,evo_evodji_0001,91,test,1
/workspace/Boreal-Forest-Fire/Boreal-Forest-Fire-Subset-A/Evo-Images/evoDJI_0001_frame92.jpg,evo,evo_evodji_0001,92,test,1
/workspace/Boreal-Forest-Fire/Boreal-Forest-Fire-Subset-A/Evo-Images/evoDJI_0001_frame93.jpg,evo,evo_evodji_0001,93,test,1
/workspace/Boreal-Forest-Fire/Boreal-Forest-Fire-Subset-A/Evo-Images/evoDJI_0001_frame94.jpg,evo,evo_evodji_0001,94,test,1
/workspace/Boreal-Forest-Fire/Boreal-Forest-Fire-Subset-A/Evo-Images/evoDJI_0001_frame95.jpg,evo,evo_evodji_0001,95,test,1
/workspace/Boreal-Forest-Fire/Boreal-Forest-Fire-Subset-A/Evo-Images/evoDJI_0001_frame96.jpg,evo,evo_evodji_0001,96,test,1
/workspace/Boreal-Forest-Fire/Boreal-Forest-Fire-Subset-A/Evo-Images/evoDJI_0001_frame97.jpg,evo,evo_evodji_0001,97,test,1
/workspace/Boreal-Forest-Fire/Boreal-Forest-Fire-Subset-A/Evo-Images/evoDJI_0001_frame98.jpg,evo,evo_evodji_0001,98,test,1
/workspace/Boreal-Forest-Fire/Boreal-Forest-Fire-Subset-A/Evo-Images/evoDJI_0001_frame99.jpg,evo,evo_evodji_0001,99,test,1
/workspace/Boreal-Forest-Fire/Boreal-Forest-Fire-Subset-A/Evo-Images/evoDJI_0007_frame0.jpg,evo,evo_evodji_0007,0,train,1
/workspace/Boreal-Forest-Fire/Boreal-Forest-Fire-Subset-A/Evo-Images/evoDJI_0007_frame1.jpg,evo,evo_evodji_0007,1,train,1
/workspace/Boreal-Forest-Fire/Boreal-Forest-Fire-Subset-A/Evo-Images/evoDJI_0007_frame10.jpg,evo,evo_evodji_0007,10,train,1
/workspace/Boreal-Forest-Fire/Boreal-Forest-Fire-Subset-A/Evo-Images/evoDJI_0007_frame100.jpg,evo,evo_evodji_0007,100,train,1
/workspace/Boreal-Forest-Fire/Boreal-Forest-Fire-Subset-A/Evo-Images/evoDJI_0007_frame101.jpg,evo,evo_evodji_0007,101,train,1
/workspace/Boreal-Forest-Fire/Boreal-Forest-Fire-Subset-A/Evo-Images/evoDJI_0007_frame102.jpg,evo,evo_evodji_0007,102,train,1
/workspace/Boreal-Forest-Fire/Boreal-Forest-Fire-Subset-A/Evo-Images/evoDJI_0007_frame103.jpg,evo,evo_evodji_0007,103,train,1
/workspace/Boreal-Forest-Fire/Boreal-Forest-Fire-Subset-A/Evo-Images/evoDJI_0007_frame104.jpg,evo,evo_evodji_0007,104,train,1
/workspace/Boreal-Forest-Fire/Boreal-Forest-Fire-Subset-A/Evo-Images/evoDJI_0007_frame105.jpg,evo,evo_evodji_0007,105,train,1
/workspace/Boreal-Forest-Fire/Boreal-Forest-Fire-Subset-A/Evo-Images/evoDJI_0007_frame106.jpg,evo,evo_evodji_0007,106,train,1
/workspace/Boreal-Forest-Fire/Boreal-Forest-Fire-Subset-A/Evo-Images/evoDJI_0007_frame107.jpg,evo,evo_evodji_0007,107,train,1
/workspace/Boreal-Forest-Fire/Boreal-Forest-Fire-Subset-A/Evo-Images/evoDJI_0007_frame108.jpg,evo,evo_evodji_0007,108,train,1
/workspace/Boreal-Forest-Fire/Boreal-Forest-Fire-Subset-A/Evo-Images/evoDJI_0007_frame109.jpg,evo,evo_evodji_0007,109,train,1
/workspace/Boreal-Forest-Fire/Boreal-Forest-Fire-Subset-A/Evo-Images/evoDJI_0007_frame11.jpg,evo,evo_evodji_0007,11,train,1
/workspace/Boreal-Forest-Fire/Boreal-Forest-Fire-Subset-A/Evo-Images/evoDJI_0007_frame110.jpg,evo,evo_evodji_0007,110,train,1
/workspace/Boreal-Forest-Fire/Boreal-Forest-Fire-Subset-A/Evo-Images/evoDJI_0007_frame111.jpg,evo,evo_evodji_0007,111,train,1
/workspace/Boreal-Forest-Fire/Boreal-Forest-Fire-Subset-A/Evo-Images/evoDJI_0007_frame112.jpg,evo,evo_evodji_0007,112,train,1
/workspace/Boreal-Forest-Fire/Boreal-Forest-Fire-Subset-A/Evo-Images/evoDJI_0007_frame113.jpg,evo,evo_evodji_0007,113,train,1
/workspace/Boreal-Forest-Fire/Boreal-Forest-Fire-Subset-A/Evo-Images/evoDJI_0007_frame114.jpg,evo,evo_evodji_0007,114,train,1
/workspace/Boreal-Forest-Fire/Boreal-Forest-Fire-Subset-A/Evo-Images/evoDJI_0007_frame115.jpg,evo,evo_evodji_0007,115,train,1
/workspace/Boreal-Forest-Fire/Boreal-Forest-Fire-Subset-A/Evo-Images/evoDJI_0007_frame116.jpg,evo,evo_evodji_0007,116,train,1
/workspace/Boreal-Forest-Fire/Boreal-Forest-Fire-Subset-A/Evo-Images/evoDJI_0007_frame117.jpg,evo,evo_evodji_0007,117,train,1
/workspace/Boreal-Forest-Fire/Boreal-Forest-Fire-Subset-A/Evo-Images/evoDJI_0007_frame118.jpg,evo,evo_evodji_0007,118,train,1
/workspace/Boreal-Forest-Fire/Boreal-Forest-Fire-Subset-A/Evo-Images/evoDJI_0007_frame119.jpg,evo,evo_evodji_0007,119,train,1
/workspace/Boreal-Forest-Fire/Boreal-Forest-Fire-Subset-A/Evo-Images/evoDJI_0007_frame12.jpg,evo,evo_evodji_0007,12,train,1
/workspace/Boreal-Forest-Fire/Boreal-Forest-Fire-Subset-A/Evo-Images/evoDJI_0007_frame120.jpg,evo,evo_evodji_0007,120,train,1
/workspace/Boreal-Forest-Fire/Boreal-Forest-Fire-Subset-A/Evo-Images/evoDJI_0007_frame121.jpg,evo,evo_evodji_0007,121,train,1
/workspace/Boreal-Forest-Fire/Boreal-Forest-Fire-Subset-A/Evo-Images/evoDJI_0007_frame122.jpg,evo,evo_evodji_0007,122,train,1
/workspace/Boreal-Forest-Fire/Boreal-Forest-Fire-Subset-A/Evo-Images/evoDJI_0007_frame123.jpg,evo,evo_evodji_0007,123,train,1
/workspace/Boreal-Forest-Fire/Boreal-Forest-Fire-Subset-A/Evo-Images/evoDJI_0007_frame124.jpg,evo,evo_evodji_0007,124,train,1
/workspace/Boreal-Forest-Fire/Boreal-Forest-Fire-Subset-A/Evo-Images/evoDJI_0007_frame125.jpg,evo,evo_evodji_0007,125,train,1
/workspace/Boreal-Forest-Fire/Boreal-Forest-Fire-Subset-A/Evo-Images/evoDJI_0007_frame126.jpg,evo,evo_evodji_0007,126,train,1
/workspace/Boreal-Forest-Fire/Boreal-Forest-Fire-Subset-A/Evo-Images/evoDJI_0007_frame127.jpg,evo,evo_evodji_0007,127,train,1
/workspace/Boreal-Forest-Fire/Boreal-Forest-Fire-Subset-A/Evo-Images/evoDJI_0007_frame128.jpg,evo,evo_evodji_0007,128,train,1
/workspace/Boreal-Forest-Fire/Boreal-Forest-Fire-Subset-A/Evo-Images/evoDJI_0007_frame129.jpg,evo,evo_evodji_0007,129,train,1
/workspace/Boreal-Forest-Fire/Boreal-Forest-Fire-Subset-A/Evo-Images/evoDJI_0007_frame13.jpg,evo,evo_evodji_0007,13,train,1
/workspace/Boreal-Forest-Fire/Boreal-Forest-Fire-Subset-A/Evo-Images/evoDJI_0007_frame130.jpg,evo,evo_evodji_0007,130,train,1
/workspace/Boreal-Forest-Fire/Boreal-Forest-Fire-Subset-A/Evo-Images/evoDJI_0007_frame131.jpg,evo,evo_evodji_0007,131,train,1
/workspace/Boreal-Forest-Fire/Boreal-Forest-Fire-Subset-A/Evo-Images/evoDJI_0007_frame132.jpg,evo,evo_evodji_0007,132,train,1
/workspace/Boreal-Forest-Fire/Boreal-Forest-Fire-Subset-A/Evo-Images/evoDJI_0007_frame133.jpg,evo,evo_evodji_0007,133,train,1
/workspace/Boreal-Forest-Fire/Boreal-Forest-Fire-Subset-A/Evo-Images/evoDJI_0007_frame134.jpg,evo,evo_evodji_0007,134,train,1
/workspace/Boreal-Forest-Fire/Boreal-Forest-Fire-Subset-A/Evo-Images/evoDJI_0007_frame135.jpg,evo,evo_evodji_0007,135,train,1
/workspace/Boreal-Forest-Fire/Boreal-Forest-Fire-Subset-A/Evo-Images/evoDJI_0007_frame136.jpg,evo,evo_evodji_0007,136,train,1
/workspace/Boreal-Forest-Fire/Boreal-Forest-Fire-Subset-A/Evo-Images/evoDJI_0007_frame137.jpg,evo,evo_evodji_0007,137,train,1
/workspace/Boreal-Forest-Fire/Boreal-Forest-Fire-Subset-A/Evo-Images/evoDJI_0007_frame138.jpg,evo,evo_evodji_0007,138,train,1
/workspace/Boreal-Forest-Fire/Boreal-Forest-Fire-Subset-A/Evo-Images/evoDJI_0007_frame139.jpg,evo,evo_evodji_0007,139,train,1
/workspace/Boreal-Forest-Fire/Boreal-Forest-Fire-Subset-A/Evo-Images/evoDJI_0007_frame14.jpg,evo,evo_evodji_0007,14,train,1
/workspace/Boreal-Forest-Fire/Boreal-Forest-Fire-Subset-A/Evo-Images/evoDJI_0007_frame140.jpg,evo,evo_evodji_0007,140,train,1
/workspace/Boreal-Forest-Fire/Boreal-Forest-Fire-Subset-A/Evo-Images/evoDJI_0007_frame141.jpg,evo,evo_evodji_0007,141,train,1
/workspace/Boreal-Forest-Fire/Boreal-Forest-Fire-Subset-A/Evo-Images/evoDJI_0007_frame142.jpg,evo,evo_evodji_0007,142,train,1
/workspace/Boreal-Forest-Fire/Boreal-Forest-Fire-Subset-A/Evo-Images/evoDJI_0007_frame143.jpg,evo,evo_evodji_0007,143,train,1
/workspace/Boreal-Forest-Fire/Boreal-Forest-Fire-Subset-A/Evo-Images/evoDJI_0007_frame144.jpg,evo,evo_evodji_0007,144,train,1
/workspace/Boreal-Forest-Fire/Boreal-Forest-Fire-Subset-A/Evo-Images/evoDJI_0007_frame145.jpg,evo,evo_evodji_0007,145,train,1
/workspace/Boreal-Forest-Fire/Boreal-Forest-Fire-Subset-A/Evo-Images/evoDJI_0007_frame146.jpg,evo,evo_evodji_0007,146,train,1
/workspace/Boreal-Forest-Fire/Boreal-Forest-Fire-Subset-A/Evo-Images/evoDJI_0007_frame147.jpg,evo,evo_evodji_0007,147,train,1
/workspace/Boreal-Forest-Fire/Boreal-Forest-Fire-Subset-A/Evo-Images/evoDJI_0007_frame148.jpg,evo,evo_evodji_0007,148,train,1
/workspace/Boreal-Forest-Fire/Boreal-Forest-Fire-Subset-A/Evo-Images/evoDJI_0007_frame149.jpg,evo,evo_evodji_0007,149,train,1
/workspace/Boreal-Forest-Fire/Boreal-Forest-Fire-Subset-A/Evo-Images/evoDJI_0007_frame15.jpg,evo,evo_evodji_0007,15,train,1
/workspace/Boreal-Forest-Fire/Boreal-Forest-Fire-Subset-A/Evo-Images/evoDJI_0007_frame150.jpg,evo,evo_evodji_0007,150,train,1
/workspace/Boreal-Forest-Fire/Boreal-Forest-Fire-Subset-A/Evo-Images/evoDJI_0007_frame151.jpg,evo,evo_evodji_0007,151,train,1
/workspace/Boreal-Forest-Fire/Boreal-Forest-Fire-Subset-A/Evo-Images/evoDJI_0007_frame152.jpg,evo,evo_evodji_0007,152,train,1
/workspace/Boreal-Forest-Fire/Boreal-Forest-Fire-Subset-A/Evo-Images/evoDJI_0007_frame153.jpg,evo,evo_evodji_0007,153,train,1
/workspace/Boreal-Forest-Fire/Boreal-Forest-Fire-Subset-A/Evo-Images/evoDJI_0007_frame154.jpg,evo,evo_evodji_0007,154,train,1
/workspace/Boreal-Forest-Fire/Boreal-Forest-Fire-Subset-A/Evo-Images/evoDJI_0007_frame155.jpg,evo,evo_evodji_0007,155,train,1
/workspace/Boreal-Forest-Fire/Boreal-Forest-Fire-Subset-A/Evo-Images/evoDJI_0007_frame156.jpg,evo,evo_evodji_0007,156,train,1
/workspace/Boreal-Forest-Fire/Boreal-Forest-Fire-Subset-A/Evo-Images/evoDJI_0007_frame157.jpg,evo,evo_evodji_0007,157,train,1
/workspace/Boreal-Forest-Fire/Boreal-Forest-Fire-Subset-A/Evo-Images/evoDJI_0007_frame158.jpg,evo,evo_evodji_0007,158,train,1
/workspace/Boreal-Forest-Fire/Boreal-Forest-Fire-Subset-A/Evo-Images/evoDJI_0007_frame159.jpg,evo,evo_evodji_0007,159,train,1
/workspace/Boreal-Forest-Fire/Boreal-Forest-Fire-Subset-A/Evo-Images/evoDJI_0007_frame16.jpg,evo,evo_evodji_0007,16,train,7
/workspace/Boreal-Forest-Fire/Boreal-Forest-Fire-Subset-A/Evo-Images/evoDJI_0007_frame160.jpg,evo,evo_evodji_0007,160,train,1
/workspace/Boreal-Forest-Fire/Boreal-Forest-Fire-Subset-A/Evo-Images/evoDJI_0007_frame161.jpg,evo,evo_evodji_0007,161,train,1
/workspace/Boreal-Forest-Fire/Boreal-Forest-Fire-Subset-A/Evo-Images/evoDJI_0007_frame162.jpg,evo,evo_evodji_0007,162,train,1
/workspace/Boreal-Forest-Fire/Boreal-Forest-Fire-Subset-A/Evo-Images/evoDJI_0007_frame163.jpg,evo,evo_evodji_0007,163,train,1
/workspace/Boreal-Forest-Fire/Boreal-Forest-Fire-Subset-A/Evo-Images/evoDJI_0007_frame164.jpg,evo,evo_evodji_0007,164,train,1
/workspace/Boreal-Forest-Fire/Boreal-Forest-Fire-Subset-A/Evo-Images/evoDJI_0007_frame165.jpg,evo,evo_evodji_0007,165,train,1
/workspace/Boreal-Forest-Fire/Boreal-Forest-Fire-Subset-A/Evo-Images/evoDJI_0007_frame166.jpg,evo,evo_evodji_0007,166,train,1
/workspace/Boreal-Forest-Fire/Boreal-Forest-Fire-Subset-A/Evo-Images/evoDJI_0007_frame167.jpg,evo,evo_evodji_0007,167,train,1
/workspace/Boreal-Forest-Fire/Boreal-Forest-Fire-Subset-A/Evo-Images/evoDJI_0007_frame168.jpg,evo,evo_evodji_0007,168,train,1
/workspace/Boreal-Forest-Fire/Boreal-Forest-Fire-Subset-A/Evo-Images/evoDJI_0007_frame169.jpg,evo,evo_evodji_0007,169,train,1
/workspace/Boreal-Forest-Fire/Boreal-Forest-Fire-Subset-A/Evo-Images/evoDJI_0007_frame17.jpg,evo,evo_evodji_0007,17,train,1
/workspace/Boreal-Forest-Fire/Boreal-Forest-Fire-Subset-A/Evo-Images/evoDJI_0007_frame170.jpg,evo,evo_evodji_0007,170,train,1
/workspace/Boreal-Forest-Fire/Boreal-Forest-Fire-Subset-A/Evo-Images/evoDJI_0007_frame171.jpg,evo,evo_evodji_0007,171,train,1
/workspace/Boreal-Forest-Fire/Boreal-Forest-Fire-Subset-A/Evo-Images/evoDJI_0007_frame172.jpg,evo,evo_evodji_0007,172,train,1
/workspace/Boreal-Forest-Fire/Boreal-Forest-Fire-Subset-A/Evo-Images/evoDJI_0007_frame173.jpg,evo,evo_evodji_0007,173,train,1
/workspace/Boreal-Forest-Fire/Boreal-Forest-Fire-Subset-A/Evo-Images/evoDJI_0007_frame174.jpg,evo,evo_evodji_0007,174,train,1
/workspace/Boreal-Forest-Fire/Boreal-Forest-Fire-Subset-A/Evo-Images/evoDJI_0007_frame175.jpg,evo,evo_evodji_0007,175,train,1
/workspace/Boreal-Forest-Fire/Boreal-Forest-Fire-Subset-A/Evo-Images/evoDJI_0007_frame176.jpg,evo,evo_evodji_0007,176,train,1
/workspace/Boreal-Forest-Fire/Boreal-Forest-Fire-Subset-A/Evo-Images/evoDJI_0007_frame177.jpg,evo,evo_evodji_0007,177,train,1
/workspace/Boreal-Forest-Fire/Boreal-Forest-Fire-Subset-A/Evo-Images/evoDJI_0007_frame178.jpg,evo,evo_evodji_0007,178,train,1
/workspace/Boreal-Forest-Fire/Boreal-Forest-Fire-Subset-A/Evo-Images/evoDJI_0007_frame179.jpg,evo,evo_evodji_0007,179,train,1
/workspace/Boreal-Forest-Fire/Boreal-Forest-Fire-Subset-A/Evo-Images/evoDJI_0007_frame18.jpg,evo,evo_evodji_0007,18,train,1
/workspace/Boreal-Forest-Fire/Boreal-Forest-Fire-Subset-A/Evo-Images/evoDJI_0007_frame180.jpg,evo,evo_evodji_0007,180,train,1
/workspace/Boreal-Forest-Fire/Boreal-Forest-Fire-Subset-A/Evo-Images/evoDJI_0007_frame181.jpg,evo,evo_evodji_0007,181,train,1
/workspace/Boreal-Forest-Fire/Boreal-Forest-Fire-Subset-A/Evo-Images/evoDJI_0007_frame182.jpg,evo,evo_evodji_0007,182,train,1
/workspace/Boreal-Forest-Fire/Boreal-Forest-Fire-Subset-A/Evo-Images/evoDJI_0007_frame183.jpg,evo,evo_evodji_0007,183,train,1
/workspace/Boreal-Forest-Fire/Boreal-Forest-Fire-Subset-A/Evo-Images/evoDJI_0007_frame184.jpg,evo,evo_evodji_0007,184,train,1
/workspace/Boreal-Forest-Fire/Boreal-Forest-Fire-Subset-A/Evo-Images/evoDJI_0007_frame185.jpg,evo,evo_evodji_0007,185,train,1
/workspace/Boreal-Forest-Fire/Boreal-Forest-Fire-Subset-A/Evo-Images/evoDJI_0007_frame186.jpg,evo,evo_evodji_0007,186,train,1
/workspace/Boreal-Forest-Fire/Boreal-Forest-Fire-Subset-A/Evo-Images/evoDJI_0007_frame187.jpg,evo,evo_evodji_0007,187,train,1
/workspace/Boreal-Forest-Fire/Boreal-Forest-Fire-Subset-A/Evo-Images/evoDJI_0007_frame188.jpg,evo,evo_evodji_0007,188,train,1
/workspace/Boreal-Forest-Fire/Boreal-Forest-Fire-Subset-A/Evo-Images/evoDJI_0007_frame189.jpg,evo,evo_evodji_0007,189,train,1
/workspace/Boreal-Forest-Fire/Boreal-Forest-Fire-Subset-A/Evo-Images/evoDJI_0007_frame19.jpg,evo,evo_evodji_0007,19,train,1
/workspace/Boreal-Forest-Fire/Boreal-Forest-Fire-Subset-A/Evo-Images/evoDJI_0007_frame190.jpg,evo,evo_evodji_0007,190,train,1
/workspace/Boreal-Forest-Fire/Boreal-Forest-Fire-Subset-A/Evo-Images/evoDJI_0007_frame191.jpg,evo,evo_evodji_0007,191,train,1
/workspace/Boreal-Forest-Fire/Boreal-Forest-Fire-Subset-A/Evo-Images/evoDJI_0007_frame192.jpg,evo,evo_evodji_0007,192,train,1
/workspace/Boreal-Forest-Fire/Boreal-Forest-Fire-Subset-A/Evo-Images/evoDJI_0007_frame193.jpg,evo,evo_evodji_0007,193,train,1
/workspace/Boreal-Forest-Fire/Boreal-Forest-Fire-Subset-A/Evo-Images/evoDJI_0007_frame194.jpg,evo,evo_evodji_0007,194,train,1
/workspace/Boreal-Forest-Fire/Boreal-Forest-Fire-Subset-A/Evo-Images/evoDJI_0007_frame195.jpg,evo,evo_evodji_0007,195,train,1
/workspace/Boreal-Forest-Fire/Boreal-Forest-Fire-Subset-A/Evo-Images/evoDJI_0007_frame196.jpg,evo,evo_evodji_0007,196,train,1
/workspace/Boreal-Forest-Fire/Boreal-Forest-Fire-Subset-A/Evo-Images/evoDJI_0007_frame197.jpg,evo,evo_evodji_0007,197,train,1
/workspace/Boreal-Forest-Fire/Boreal-Forest-Fire-Subset-A/Evo-Images/evoDJI_0007_frame198.jpg,evo,evo_evodji_0007,198,train,1
/workspace/Boreal-Forest-Fire/Boreal-Forest-Fire-Subset-A/Evo-Images/evoDJI_0007_frame199.jpg,evo,evo_evodji_0007,199,train,1
/workspace/Boreal-Forest-Fire/Boreal-Forest-Fire-Subset-A/Evo-Images/evoDJI_0007_frame2.jpg,evo,evo_evodji_0007,2,train,1
/workspace/Boreal-Forest-Fire/Boreal-Forest-Fire-Subset-A/Evo-Images/evoDJI_0007_frame20.jpg,evo,evo_evodji_0007,20,train,1
/workspace/Boreal-Forest-Fire/Boreal-Forest-Fire-Subset-A/Evo-Images/evoDJI_0007_frame200.jpg,evo,evo_evodji_0007,200,train,1
/workspace/Boreal-Forest-Fire/Boreal-Forest-Fire-Subset-A/Evo-Images/evoDJI_0007_frame201.jpg,evo,evo_evodji_0007,201,train,1
/workspace/Boreal-Forest-Fire/Boreal-Forest-Fire-Subset-A/Evo-Images/evoDJI_0007_frame202.jpg,evo,evo_evodji_0007,202,train,1
/workspace/Boreal-Forest-Fire/Boreal-Forest-Fire-Subset-A/Evo-Images/evoDJI_0007_frame203.jpg,evo,evo_evodji_0007,203,train,1
/workspace/Boreal-Forest-Fire/Boreal-Forest-Fire-Subset-A/Evo-Images/evoDJI_0007_frame204.jpg,evo,evo_evodji_0007,204,train,1
/workspace/Boreal-Forest-Fire/Boreal-Forest-Fire-Subset-A/Evo-Images/evoDJI_0007_frame205.jpg,evo,evo_evodji_0007,205,train,1
/workspace/Boreal-Forest-Fire/Boreal-Forest-Fire-Subset-A/Evo-Images/evoDJI_0007_frame206.jpg,evo,evo_evodji_0007,206,train,1
/workspace/Boreal-Forest-Fire/Boreal-Forest-Fire-Subset-A/Evo-Images/evoDJI_0007_frame207.jpg,evo,evo_evodji_0007,207,train,1
/workspace/Boreal-Forest-Fire/Boreal-Forest-Fire-Subset-A/Evo-Images/evoDJI_0007_frame208.jpg,evo,evo_evodji_0007,208,train,1
/workspace/Boreal-Forest-Fire/Boreal-Forest-Fire-Subset-A/Evo-Images/evoDJI_0007_frame209.jpg,evo,evo_evodji_0007,209,train,1
/workspace/Boreal-Forest-Fire/Boreal-Forest-Fire-Subset-A/Evo-Images/evoDJI_0007_frame21.jpg,evo,evo_evodji_0007,21,train,1
/workspace/Boreal-Forest-Fire/Boreal-Forest-Fire-Subset-A/Evo-Images/evoDJI_0007_frame210.jpg,evo,evo_evodji_0007,210,train,1
/workspace/Boreal-Forest-Fire/Boreal-Forest-Fire-Subset-A/Evo-Images/evoDJI_0007_frame211.jpg,evo,evo_evodji_0007,211,train,1
/workspace/Boreal-Forest-Fire/Boreal-Forest-Fire-Subset-A/Evo-Images/evoDJI_0007_frame212.jpg,evo,evo_evodji_0007,212,train,1
/workspace/Boreal-Forest-Fire/Boreal-Forest-Fire-Subset-A/Evo-Images/evoDJI_0007_frame213.jpg,evo,evo_evodji_0007,213,train,1
/workspace/Boreal-Forest-Fire/Boreal-Forest-Fire-Subset-A/Evo-Images/evoDJI_0007_frame214.jpg,evo,evo_evodji_0007,214,train,1
/workspace/Boreal-Forest-Fire/Boreal-Forest-Fire-Subset-A/Evo-Images/evoDJI_0007_frame215.jpg,evo,evo_evodji_0007,215,train,1
/workspace/Boreal-Forest-Fire/Boreal-Forest-Fire-Subset-A/Evo-Images/evoDJI_0007_frame216.jpg,evo,evo_evodji_0007,216,train,1
/workspace/Boreal-Forest-Fire/Boreal-Forest-Fire-Subset-A/Evo-Images/evoDJI_0007_frame217.jpg,evo,evo_evodji_0007,217,train,1
/workspace/Boreal-Forest-Fire/Boreal-Forest-Fire-Subset-A/Evo-Images/evoDJI_0007_frame218.jpg,evo,evo_evodji_0007,218,train,1
/workspace/Boreal-Forest-Fire/Boreal-Forest-Fire-Subset-A/Evo-Images/evoDJI_0007_frame219.jpg,evo,evo_evodji_0007,219,train,1
/workspace/Boreal-Forest-Fire/Boreal-Forest-Fire-Subset-A/Evo-Images/evoDJI_0007_frame22.jpg,evo,evo_evodji_0007,22,train,1
/workspace/Boreal-Forest-Fire/Boreal-Forest-Fire-Subset-A/Evo-Images/evoDJI_0007_frame220.jpg,evo,evo_evodji_0007,220,train,1
/workspace/Boreal-Forest-Fire/Boreal-Forest-Fire-Subset-A/Evo-Images/evoDJI_0007_frame221.jpg,evo,evo_evodji_0007,221,train,1
/workspace/Boreal-Forest-Fire/Boreal-Forest-Fire-Subset-A/Evo-Images/evoDJI_0007_frame222.jpg,evo,evo_evodji_0007,222,train,1
/workspace/Boreal-Forest-Fire/Boreal-Forest-Fire-Subset-A/Evo-Images/evoDJI_0007_frame223.jpg,evo,evo_evodji_0007,223,train,1
/workspace/Boreal-Forest-Fire/Boreal-Forest-Fire-Subset-A/Evo-Images/evoDJI_0007_frame224.jpg,evo,evo_evodji_0007,224,train,1
/workspace/Boreal-Forest-Fire/Boreal-Forest-Fire-Subset-A/Evo-Images/evoDJI_0007_frame225.jpg,evo,evo_evodji_0007,225,train,1
/workspace/Boreal-Forest-Fire/Boreal-Forest-Fire-Subset-A/Evo-Images/evoDJI_0007_frame226.jpg,evo,evo_evodji_0007,226,train,1
/workspace/Boreal-Forest-Fire/Boreal-Forest-Fire-Subset-A/Evo-Images/evoDJI_0007_frame227.jpg,evo,evo_evodji_0007,227,train,1
/workspace/Boreal-Forest-Fire/Boreal-Forest-Fire-Subset-A/Evo-Images/evoDJI_0007_frame228.jpg,evo,evo_evodji_0007,228,train,1
/workspace/Boreal-Forest-Fire/Boreal-Forest-Fire-Subset-A/Evo-Images/evoDJI_0007_frame229.jpg,evo,evo_evodji_0007,229,train,1
/workspace/Boreal-Forest-Fire/Boreal-Forest-Fire-Subset-A/Evo-Images/evoDJI_0007_frame23.jpg,evo,evo_evodji_0007,23,train,1
/workspace/Boreal-Forest-Fire/Boreal-Forest-Fire-Subset-A/Evo-Images/evoDJI_0007_frame230.jpg,evo,evo_evodji_0007,230,train,1
/workspace/Boreal-Forest-Fire/Boreal-Forest-Fire-Subset-A/Evo-Images/evoDJI_0007_frame231.jpg,evo,evo_evodji_0007,231,train,1
/workspace/Boreal-Forest-Fire/Boreal-Forest-Fire-Subset-A/Evo-Images/evoDJI_0007_frame232.jpg,evo,evo_evodji_0007,232,train,1
/workspace/Boreal-Forest-Fire/Boreal-Forest-Fire-Subset-A/Evo-Images/evoDJI_0007_frame233.jpg,evo,evo_evodji_0007,233,train,1
/workspace/Boreal-Forest-Fire/Boreal-Forest-Fire-Subset-A/Evo-Images/evoDJI_0007_frame234.jpg,evo,evo_evodji_0007,234,train,1
/workspace/Boreal-Forest-Fire/Boreal-Forest-Fire-Subset-A/Evo-Images/evoDJI_0007_frame235.jpg,evo,evo_evodji_0007,235,train,1
/workspace/Boreal-Forest-Fire/Boreal-Forest-Fire-Subset-A/Evo-Images/evoDJI_0007_frame236.jpg,evo,evo_evodji_0007,236,train,1
/workspace/Boreal-Forest-Fire/Boreal-Forest-Fire-Subset-A/Evo-Images/evoDJI_0007_frame237.jpg,evo,evo_evodji_0007,237,train,1
/workspace/Boreal-Forest-Fire/Boreal-Forest-Fire-Subset-A/Evo-Images/evoDJI_0007_frame238.jpg,evo,evo_evodji_0007,238,train,1
/workspace/Boreal-Forest-Fire/Boreal-Forest-Fire-Subset-A/Evo-Images/evoDJI_0007_frame239.jpg,evo,evo_evodji_0007,239,train,1
/workspace/Boreal-Forest-Fire/Boreal-Forest-Fire-Subset-A/Evo-Images/evoDJI_0007_frame24.jpg,evo,evo_evodji_0007,24,train,1
/workspace/Boreal-Forest-Fire/Boreal-Forest-Fire-Subset-A/Evo-Images/evoDJI_0007_frame240.jpg,evo,evo_evodji_0007,240,train,1
/workspace/Boreal-Forest-Fire/Boreal-Forest-Fire-Subset-A/Evo-Images/evoDJI_0007_frame241.jpg,evo,evo_evodji_0007,241,train,1
/workspace/Boreal-Forest-Fire/Boreal-Forest-Fire-Subset-A/Evo-Images/evoDJI_0007_frame242.jpg,evo,evo_evodji_0007,242,train,1
/workspace/Boreal-Forest-Fire/Boreal-Forest-Fire-Subset-A/Evo-Images/evoDJI_0007_frame243.jpg,evo,evo_evodji_0007,243,train,1
/workspace/Boreal-Forest-Fire/Boreal-Forest-Fire-Subset-A/Evo-Images/evoDJI_0007_frame244.jpg,evo,evo_evodji_0007,244,train,1
/workspace/Boreal-Forest-Fire/Boreal-Forest-Fire-Subset-A/Evo-Images/evoDJI_0007_frame245.jpg,evo,evo_evodji_0007,245,train,1
/workspace/Boreal-Forest-Fire/Boreal-Forest-Fire-Subset-A/Evo-Images/evoDJI_0007_frame246.jpg,evo,evo_evodji_0007,246,train,1
/workspace/Boreal-Forest-Fire/Boreal-Forest-Fire-Subset-A/Evo-Images/evoDJI_0007_frame247.jpg,evo,evo_evodji_0007,247,train,1
/workspace/Boreal-Forest-Fire/Boreal-Forest-Fire-Subset-A/Evo-Images/evoDJI_0007_frame248.jpg,evo,evo_evodji_0007,248,train,1
/workspace/Boreal-Forest-Fire/Boreal-Forest-Fire-Subset-A/Evo-Images/evoDJI_0007_frame249.jpg,evo,evo_evodji_0007,249,train,1
/workspace/Boreal-Forest-Fire/Boreal-Forest-Fire-Subset-A/Evo-Images/evoDJI_0007_frame25.jpg,evo,evo_evodji_0007,25,train,1
/workspace/Boreal-Forest-Fire/Boreal-Forest-Fire-Subset-A/Evo-Images/evoDJI_0007_frame250.jpg,evo,evo_evodji_0007,250,train,1
/workspace/Boreal-Forest-Fire/Boreal-Forest-Fire-Subset-A/Evo-Images/evoDJI_0007_frame251.jpg,evo,evo_evodji_0007,251,train,1
/workspace/Boreal-Forest-Fire/Boreal-Forest-Fire-Subset-A/Evo-Images/evoDJI_0007_frame252.jpg,evo,evo_evodji_0007,252,train,1
/workspace/Boreal-Forest-Fire/Boreal-Forest-Fire-Subset-A/Evo-Images/evoDJI_0007_frame253.jpg,evo,evo_evodji_0007,253,train,1
/workspace/Boreal-Forest-Fire/Boreal-Forest-Fire-Subset-A/Evo-Images/evoDJI_0007_frame254.jpg,evo,evo_evodji_0007,254,train,1
/workspace/Boreal-Forest-Fire/Boreal-Forest-Fire-Subset-A/Evo-Images/evoDJI_0007_frame255.jpg,evo,evo_evodji_0007,255,train,1
/workspace/Boreal-Forest-Fire/Boreal-Forest-Fire-Subset-A/Evo-Images/evoDJI_0007_frame256.jpg,evo,evo_evodji_0007,256,train,1
/workspace/Boreal-Forest-Fire/Boreal-Forest-Fire-Subset-A/Evo-Images/evoDJI_0007_frame257.jpg,evo,evo_evodji_0007,257,train,1
/workspace/Boreal-Forest-Fire/Boreal-Forest-Fire-Subset-A/Evo-Images/evoDJI_0007_frame258.jpg,evo,evo_evodji_0007,258,train,1
/workspace/Boreal-Forest-Fire/Boreal-Forest-Fire-Subset-A/Evo-Images/evoDJI_0007_frame259.jpg,evo,evo_evodji_0007,259,train,1
/workspace/Boreal-Forest-Fire/Boreal-Forest-Fire-Subset-A/Evo-Images/evoDJI_0007_frame26.jpg,evo,evo_evodji_0007,26,train,1
/workspace/Boreal-Forest-Fire/Boreal-Forest-Fire-Subset-A/Evo-Images/evoDJI_0007_frame260.jpg,evo,evo_evodji_0007,260,train,1
/workspace/Boreal-Forest-Fire/Boreal-Forest-Fire-Subset-A/Evo-Images/evoDJI_0007_frame261.jpg,evo,evo_evodji_0007,261,train,1
/workspace/Boreal-Forest-Fire/Boreal-Forest-Fire-Subset-A/Evo-Images/evoDJI_0007_frame262.jpg,evo,evo_evodji_0007,262,train,1
/workspace/Boreal-Forest-Fire/Boreal-Forest-Fire-Subset-A/Evo-Images/evoDJI_0007_frame263.jpg,evo,evo_evodji_0007,263,train,1
/workspace/Boreal-Forest-Fire/Boreal-Forest-Fire-Subset-A/Evo-Images/evoDJI_0007_frame264.jpg,evo,evo_evodji_0007,264,train,1
/workspace/Boreal-Forest-Fire/Boreal-Forest-Fire-Subset-A/Evo-Images/evoDJI_0007_frame265.jpg,evo,evo_evodji_0007,265,train,1
/workspace/Boreal-Forest-Fire/Boreal-Forest-Fire-Subset-A/Evo-Images/evoDJI_0007_frame266.jpg,evo,evo_evodji_0007,266,train,1
/workspace/Boreal-Forest-Fire/Boreal-Forest-Fire-Subset-A/Evo-Images/evoDJI_0007_frame267.jpg,evo,evo_evodji_0007,267,train,1
/workspace/Boreal-Forest-Fire/Boreal-Forest-Fire-Subset-A/Evo-Images/evoDJI_0007_frame268.jpg,evo,evo_evodji_0007,268,train,1
/workspace/Boreal-Forest-Fire/Boreal-Forest-Fire-Subset-A/Evo-Images/evoDJI_0007_frame269.jpg,evo,evo_evodji_0007,269,train,1
/workspace/Boreal-Forest-Fire/Boreal-Forest-Fire-Subset-A/Evo-Images/evoDJI_0007_frame27.jpg,evo,evo_evodji_0007,27,train,1
/workspace/Boreal-Forest-Fire/Boreal-Forest-Fire-Subset-A/Evo-Images/evoDJI_0007_frame270.jpg,evo,evo_evodji_0007,270,train,1
/workspace/Boreal-Forest-Fire/Boreal-Forest-Fire-Subset-A/Evo-Images/evoDJI_0007_frame271.jpg,evo,evo_evodji_0007,271,train,1
/workspace/Boreal-Forest-Fire/Boreal-Forest-Fire-Subset-A/Evo-Images/evoDJI_0007_frame272.jpg,evo,evo_evodji_0007,272,train,1
/workspace/Boreal-Forest-Fire/Boreal-Forest-Fire-Subset-A/Evo-Images/evoDJI_0007_frame273.jpg,evo,evo_evodji_0007,273,train,1
/workspace/Boreal-Forest-Fire/Boreal-Forest-Fire-Subset-A/Evo-Images/evoDJI_0007_frame274.jpg,evo,evo_evodji_0007,274,train,1
/workspace/Boreal-Forest-Fire/Boreal-Forest-Fire-Subset-A/Evo-Images/evoDJI_0007_frame275.jpg,evo,evo_evodji_0007,275,train,1
/workspace/Boreal-Forest-Fire/Boreal-Forest-Fire-Subset-A/Evo-Images/evoDJI_0007_frame276.jpg,evo,evo_evodji_0007,276,train,1
/workspace/Boreal-Forest-Fire/Boreal-Forest-Fire-Subset-A/Evo-Images/evoDJI_0007_frame277.jpg,evo,evo_evodji_0007,277,train,1
/workspace/Boreal-Forest-Fire/Boreal-Forest-Fire-Subset-A/Evo-Images/evoDJI_0007_frame278.jpg,evo,evo_evodji_0007,278,train,1
/workspace/Boreal-Forest-Fire/Boreal-Forest-Fire-Subset-A/Evo-Images/evoDJI_0007_frame279.jpg,evo,evo_evodji_0007,279,train,1
/workspace/Boreal-Forest-Fire/Boreal-Forest-Fire-Subset-A/Evo-Images/evoDJI_0007_frame28.jpg,evo,evo_evodji_0007,28,train,1
/workspace/Boreal-Forest-Fire/Boreal-Forest-Fire-Subset-A/Evo-Images/evoDJI_0007_frame280.jpg,evo,evo_evodji_0007,280,train,1
/workspace/Boreal-Forest-Fire/Boreal-Forest-Fire-Subset-A/Evo-Images/evoDJI_0007_frame281.jpg,evo,evo_evodji_0007,281,train,1
/workspace/Boreal-Forest-Fire/Boreal-Forest-Fire-Subset-A/Evo-Images/evoDJI_0007_frame282.jpg,evo,evo_evodji_0007,282,train,1
/workspace/Boreal-Forest-Fire/Boreal-Forest-Fire-Subset-A/Evo-Images/evoDJI_0007_frame283.jpg,evo,evo_evodji_0007,283,train,1
/workspace/Boreal-Forest-Fire/Boreal-Forest-Fire-Subset-A/Evo-Images/evoDJI_0007_frame284.jpg,evo,evo_evodji_0007,284,train,1
/workspace/Boreal-Forest-Fire/Boreal-Forest-Fire-Subset-A/Evo-Images/evoDJI_0007_frame285.jpg,evo,evo_evodji_0007,285,train,1
/workspace/Boreal-Forest-Fire/Boreal-Forest-Fire-Subset-A/Evo-Images/evoDJI_0007_frame286.jpg,evo,evo_evodji_0007,286,train,1
/workspace/Boreal-Forest-Fire/Boreal-Forest-Fire-Subset-A/Evo-Images/evoDJI_0007_frame287.jpg,evo,evo_evodji_0007,287,train,1
/workspace/Boreal-Forest-Fire/Boreal-Forest-Fire-Subset-A/Evo-Images/evoDJI_0007_frame288.jpg,evo,evo_evodji_0007,288,train,1
/workspace/Boreal-Forest-Fire/Boreal-Forest-Fire-Subset-A/Evo-Images/evoDJI_0007_frame289.jpg,evo,evo_evodji_0007,289,train,1
/workspace/Boreal-Forest-Fire/Boreal-Forest-Fire-Subset-A/Evo-Images/evoDJI_0007_frame29.jpg,evo,evo_evodji_0007,29,train,1
/workspace/Boreal-Forest-Fire/Boreal-Forest-Fire-Subset-A/Evo-Images/evoDJI_0007_frame290.jpg,evo,evo_evodji_0007,290,train,1
/workspace/Boreal-Forest-Fire/Boreal-Forest-Fire-Subset-A/Evo-Images/evoDJI_0007_frame291.jpg,evo,evo_evodji_0007,291,train,1
/workspace/Boreal-Forest-Fire/Boreal-Forest-Fire-Subset-A/Evo-Images/evoDJI_0007_frame292.jpg,evo,evo_evodji_0007,292,train,1
/workspace/Boreal-Forest-Fire/Boreal-Forest-Fire-Subset-A/Evo-Images/evoDJI_0007_frame293.jpg,evo,evo_evodji_0007,293,train,1
/workspace/Boreal-Forest-Fire/Boreal-Forest-Fire-Subset-A/Evo-Images/evoDJI_0007_frame294.jpg,evo,evo_evodji_0007,294,train,1
/workspace/Boreal-Forest-Fire/Boreal-Forest-Fire-Subset-A/Evo-Images/evoDJI_0007_frame295.jpg,evo,evo_evodji_0007,295,train,1
/workspace/Boreal-Forest-Fire/Boreal-Forest-Fire-Subset-A/Evo-Images/evoDJI_0007_frame296.jpg,evo,evo_evodji_0007,296,train,1
/workspace/Boreal-Forest-Fire/Boreal-Forest-Fire-Subset-A/Evo-Images/evoDJI_0007_frame297.jpg,evo,evo_evodji_0007,297,train,1
/workspace/Boreal-Forest-Fire/Boreal-Forest-Fire-Subset-A/Evo-Images/evoDJI_0007_frame298.jpg,evo,evo_evodji_0007,298,train,1
/workspace/Boreal-Forest-Fire/Boreal-Forest-Fire-Subset-A/Evo-Images/evoDJI_0007_frame299.jpg,evo,evo_evodji_0007,299,train,1
/workspace/Boreal-Forest-Fire/Boreal-Forest-Fire-Subset-A/Evo-Images/evoDJI_0007_frame3.jpg,evo,evo_evodji_0007,3,train,1
/workspace/Boreal-Forest-Fire/Boreal-Forest-Fire-Subset-A/Evo-Images/evoDJI_0007_frame30.jpg,evo,evo_evodji_0007,30,train,1
/workspace/Boreal-Forest-Fire/Boreal-Forest-Fire-Subset-A/Evo-Images/evoDJI_0007_frame300.jpg,evo,evo_evodji_0007,300,train,1
/workspace/Boreal-Forest-Fire/Boreal-Forest-Fire-Subset-A/Evo-Images/evoDJI_0007_frame301.jpg,evo,evo_evodji_0007,301,train,1
/workspace/Boreal-Forest-Fire/Boreal-Forest-Fire-Subset-A/Evo-Images/evoDJI_0007_frame302.jpg,evo,evo_evodji_0007,302,train,1
/workspace/Boreal-Forest-Fire/Boreal-Forest-Fire-Subset-A/Evo-Images/evoDJI_0007_frame303.jpg,evo,evo_evodji_0007,303,train,1
/workspace/Boreal-Forest-Fire/Boreal-Forest-Fire-Subset-A/Evo-Images/evoDJI_0007_frame304.jpg,evo,evo_evodji_0007,304,train,1
/workspace/Boreal-Forest-Fire/Boreal-Forest-Fire-Subset-A/Evo-Images/evoDJI_0007_frame305.jpg,evo,evo_evodji_0007,305,train,1
/workspace/Boreal-Forest-Fire/Boreal-Forest-Fire-Subset-A/Evo-Images/evoDJI_0007_frame306.jpg,evo,evo_evodji_0007,306,train,1
/workspace/Boreal-Forest-Fire/Boreal-Forest-Fire-Subset-A/Evo-Images/evoDJI_0007_frame307.jpg,evo,evo_evodji_0007,307,train,1
/workspace/Boreal-Forest-Fire/Boreal-Forest-Fire-Subset-A/Evo-Images/evoDJI_0007_frame308.jpg,evo,evo_evodji_0007,308,train,1
/workspace/Boreal-Forest-Fire/Boreal-Forest-Fire-Subset-A/Evo-Images/evoDJI_0007_frame309.jpg,evo,evo_evodji_0007,309,train,1
/workspace/Boreal-Forest-Fire/Boreal-Forest-Fire-Subset-A/Evo-Images/evoDJI_0007_frame31.jpg,evo,evo_evodji_0007,31,train,1
/workspace/Boreal-Forest-Fire/Boreal-Forest-Fire-Subset-A/Evo-Images/evoDJI_0007_frame310.jpg,evo,evo_evodji_0007,310,train,1
/workspace/Boreal-Forest-Fire/Boreal-Forest-Fire-Subset-A/Evo-Images/evoDJI_0007_frame311.jpg,evo,evo_evodji_0007,311,train,1
/workspace/Boreal-Forest-Fire/Boreal-Forest-Fire-Subset-A/Evo-Images/evoDJI_0007_frame312.jpg,evo,evo_evodji_0007,312,train,1
/workspace/Boreal-Forest-Fire/Boreal-Forest-Fire-Subset-A/Evo-Images/evoDJI_0007_frame313.jpg,evo,evo_evodji_0007,313,train,1
/workspace/Boreal-Forest-Fire/Boreal-Forest-Fire-Subset-A/Evo-Images/evoDJI_0007_frame314.jpg,evo,evo_evodji_0007,314,train,1
/workspace/Boreal-Forest-Fire/Boreal-Forest-Fire-Subset-A/Evo-Images/evoDJI_0007_frame315.jpg,evo,evo_evodji_0007,315,train,1
/workspace/Boreal-Forest-Fire/Boreal-Forest-Fire-Subset-A/Evo-Images/evoDJI_0007_frame316.jpg,evo,evo_evodji_0007,316,train,1
/workspace/Boreal-Forest-Fire/Boreal-Forest-Fire-Subset-A/Evo-Images/evoDJI_0007_frame317.jpg,evo,evo_evodji_0007,317,train,1
/workspace/Boreal-Forest-Fire/Boreal-Forest-Fire-Subset-A/Evo-Images/evoDJI_0007_frame318.jpg,evo,evo_evodji_0007,318,train,1
/workspace/Boreal-Forest-Fire/Boreal-Forest-Fire-Subset-A/Evo-Images/evoDJI_0007_frame319.jpg,evo,evo_evodji_0007,319,train,1
/workspace/Boreal-Forest-Fire/Boreal-Forest-Fire-Subset-A/Evo-Images/evoDJI_0007_frame32.jpg,evo,evo_evodji_0007,32,train,1
/workspace/Boreal-Forest-Fire/Boreal-Forest-Fire-Subset-A/Evo-Images/evoDJI_0007_frame320.jpg,evo,evo_evodji_0007,320,train,1
/workspace/Boreal-Forest-Fire/Boreal-Forest-Fire-Subset-A/Evo-Images/evoDJI_0007_frame321.jpg,evo,evo_evodji_0007,321,train,1
/workspace/Boreal-Forest-Fire/Boreal-Forest-Fire-Subset-A/Evo-Images/evoDJI_0007_frame322.jpg,evo,evo_evodji_0007,322,train,1
/workspace/Boreal-Forest-Fire/Boreal-Forest-Fire-Subset-A/Evo-Images/evoDJI_0007_frame323.jpg,evo,evo_evodji_0007,323,train,1
/workspace/Boreal-Forest-Fire/Boreal-Forest-Fire-Subset-A/Evo-Images/evoDJI_0007_frame324.jpg,evo,evo_evodji_0007,324,train,1
/workspace/Boreal-Forest-Fire/Boreal-Forest-Fire-Subset-A/Evo-Images/evoDJI_0007_frame325.jpg,evo,evo_evodji_0007,325,train,1
/workspace/Boreal-Forest-Fire/Boreal-Forest-Fire-Subset-A/Evo-Images/evoDJI_0007_frame326.jpg,evo,evo_evodji_0007,326,train,1
/workspace/Boreal-Forest-Fire/Boreal-Forest-Fire-Subset-A/Evo-Images/evoDJI_0007_frame327.jpg,evo,evo_evodji_0007,327,train,1
/workspace/Boreal-Forest-Fire/Boreal-Forest-Fire-Subset-A/Evo-Images/evoDJI_0007_frame33.jpg,evo,evo_evodji_0007,33,train,1
/workspace/Boreal-Forest-Fire/Boreal-Forest-Fire-Subset-A/Evo-Images/evoDJI_0007_frame34.jpg,evo,evo_evodji_0007,34,train,1
/workspace/Boreal-Forest-Fire/Boreal-Forest-Fire-Subset-A/Evo-Images/evoDJI_0007_frame35.jpg,evo,evo_evodji_0007,35,train,1
/workspace/Boreal-Forest-Fire/Boreal-Forest-Fire-Subset-A/Evo-Images/evoDJI_0007_frame36.jpg,evo,evo_evodji_0007,36,train,1
/workspace/Boreal-Forest-Fire/Boreal-Forest-Fire-Subset-A/Evo-Images/evoDJI_0007_frame37.jpg,evo,evo_evodji_0007,37,train,1
/workspace/Boreal-Forest-Fire/Boreal-Forest-Fire-Subset-A/Evo-Images/evoDJI_0007_frame38.jpg,evo,evo_evodji_0007,38,train,1
/workspace/Boreal-Forest-Fire/Boreal-Forest-Fire-Subset-A/Evo-Images/evoDJI_0007_frame39.jpg,evo,evo_evodji_0007,39,train,1
/workspace/Boreal-Forest-Fire/Boreal-Forest-Fire-Subset-A/Evo-Images/evoDJI_0007_frame4.jpg,evo,evo_evodji_0007,4,train,1
/workspace/Boreal-Forest-Fire/Boreal-Forest-Fire-Subset-A/Evo-Images/evoDJI_0007_frame40.jpg,evo,evo_evodji_0007,40,train,1
/workspace/Boreal-Forest-Fire/Boreal-Forest-Fire-Subset-A/Evo-Images/evoDJI_0007_frame41.jpg,evo,evo_evodji_0007,41,train,1
/workspace/Boreal-Forest-Fire/Boreal-Forest-Fire-Subset-A/Evo-Images/evoDJI_0007_frame42.jpg,evo,evo_evodji_0007,42,train,1
/workspace/Boreal-Forest-Fire/Boreal-Forest-Fire-Subset-A/Evo-Images/evoDJI_0007_frame43.jpg,evo,evo_evodji_0007,43,train,1
/workspace/Boreal-Forest-Fire/Boreal-Forest-Fire-Subset-A/Evo-Images/evoDJI_0007_frame44.jpg,evo,evo_evodji_0007,44,train,1
/workspace/Boreal-Forest-Fire/Boreal-Forest-Fire-Subset-A/Evo-Images/evoDJI_0007_frame45.jpg,evo,evo_evodji_0007,45,train,1
/workspace/Boreal-Forest-Fire/Boreal-Forest-Fire-Subset-A/Evo-Images/evoDJI_0007_frame46.jpg,evo,evo_evodji_0007,46,train,1
/workspace/Boreal-Forest-Fire/Boreal-Forest-Fire-Subset-A/Evo-Images/evoDJI_0007_frame47.jpg,evo,evo_evodji_0007,47,train,1
/workspace/Boreal-Forest-Fire/Boreal-Forest-Fire-Subset-A/Evo-Images/evoDJI_0007_frame48.jpg,evo,evo_evodji_0007,48,train,1
/workspace/Boreal-Forest-Fire/Boreal-Forest-Fire-Subset-A/Evo-Images/evoDJI_0007_frame49.jpg,evo,evo_evodji_0007,49,train,8
/workspace/Boreal-Forest-Fire/Boreal-Forest-Fire-Subset-A/Evo-Images/evoDJI_0007_frame5.jpg,evo,evo_evodji_0007,5,train,1
/workspace/Boreal-Forest-Fire/Boreal-Forest-Fire-Subset-A/Evo-Images/evoDJI_0007_frame50.jpg,evo,evo_evodji_0007,50,train,1
/workspace/Boreal-Forest-Fire/Boreal-Forest-Fire-Subset-A/Evo-Images/evoDJI_0007_frame51.jpg,evo,evo_evodji_0007,51,train,1
/workspace/Boreal-Forest-Fire/Boreal-Forest-Fire-Subset-A/Evo-Images/evoDJI_0007_frame52.jpg,evo,evo_evodji_0007,52,train,1
/workspace/Boreal-Forest-Fire/Boreal-Forest-Fire-Subset-A/Evo-Images/evoDJI_0007_frame53.jpg,evo,evo_evodji_0007,53,train,1
/workspace/Boreal-Forest-Fire/Boreal-Forest-Fire-Subset-A/Evo-Images/evoDJI_0007_frame54.jpg,evo,evo_evodji_0007,54,train,1
/workspace/Boreal-Forest-Fire/Boreal-Forest-Fire-Subset-A/Evo-Images/evoDJI_0007_frame55.jpg,evo,evo_evodji_0007,55,train,1
/workspace/Boreal-Forest-Fire/Boreal-Forest-Fire-Subset-A/Evo-Images/evoDJI_0007_frame56.jpg,evo,evo_evodji_0007,56,train,1
/workspace/Boreal-Forest-Fire/Boreal-Forest-Fire-Subset-A/Evo-Images/evoDJI_0007_frame57.jpg,evo,evo_evodji_0007,57,train,1
/workspace/Boreal-Forest-Fire/Boreal-Forest-Fire-Subset-A/Evo-Images/evoDJI_0007_frame58.jpg,evo,evo_evodji_0007,58,train,1
/workspace/Boreal-Forest-Fire/Boreal-Forest-Fire-Subset-A/Evo-Images/evoDJI_0007_frame59.jpg,evo,evo_evodji_0007,59,train,1
/workspace/Boreal-Forest-Fire/Boreal-Forest-Fire-Subset-A/Evo-Images/evoDJI_0007_frame6.jpg,evo,evo_evodji_0007,6,train,1
/workspace/Boreal-Forest-Fire/Boreal-Forest-Fire-Subset-A/Evo-Images/evoDJI_0007_frame60.jpg,evo,evo_evodji_0007,60,train,1
/workspace/Boreal-Forest-Fire/Boreal-Forest-Fire-Subset-A/Evo-Images/evoDJI_0007_frame61.jpg,evo,evo_evodji_0007,61,train,1
/workspace/Boreal-Forest-Fire/Boreal-Forest-Fire-Subset-A/Evo-Images/evoDJI_0007_frame62.jpg,evo,evo_evodji_0007,62,train,1
/workspace/Boreal-Forest-Fire/Boreal-Forest-Fire-Subset-A/Evo-Images/evoDJI_0007_frame63.jpg,evo,evo_evodji_0007,63,train,1
/workspace/Boreal-Forest-Fire/Boreal-Forest-Fire-Subset-A/Evo-Images/evoDJI_0007_frame64.jpg,evo,evo_evodji_0007,64,train,1
/workspace/Boreal-Forest-Fire/Boreal-Forest-Fire-Subset-A/Evo-Images/evoDJI_0007_frame65.jpg,evo,evo_evodji_0007,65,train,1
/workspace/Boreal-Forest-Fire/Boreal-Forest-Fire-Subset-A/Evo-Images/evoDJI_0007_frame66.jpg,evo,evo_evodji_0007,66,train,1
/workspace/Boreal-Forest-Fire/Boreal-Forest-Fire-Subset-A/Evo-Images/evoDJI_0007_frame67.jpg,evo,evo_evodji_0007,67,train,1
/workspace/Boreal-Forest-Fire/Boreal-Forest-Fire-Subset-A/Evo-Images/evoDJI_0007_frame68.jpg,evo,evo_evodji_0007,68,train,1
/workspace/Boreal-Forest-Fire/Boreal-Forest-Fire-Subset-A/Evo-Images/evoDJI_0007_frame69.jpg,evo,evo_evodji_0007,69,train,1
/workspace/Boreal-Forest-Fire/Boreal-Forest-Fire-Subset-A/Evo-Images/evoDJI_0007_frame7.jpg,evo,evo_evodji_0007,7,train,1
/workspace/Boreal-Forest-Fire/Boreal-Forest-Fire-Subset-A/Evo-Images/evoDJI_0007_frame70.jpg,evo,evo_evodji_0007,70,train,1
/workspace/Boreal-Forest-Fire/Boreal-Forest-Fire-Subset-A/Evo-Images/evoDJI_0007_frame71.jpg,evo,evo_evodji_0007,71,train,1
/workspace/Boreal-Forest-Fire/Boreal-Forest-Fire-Subset-A/Evo-Images/evoDJI_0007_frame72.jpg,evo,evo_evodji_0007,72,train,1
/workspace/Boreal-Forest-Fire/Boreal-Forest-Fire-Subset-A/Evo-Images/evoDJI_0007_frame73.jpg,evo,evo_evodji_0007,73,train,1
/workspace/Boreal-Forest-Fire/Boreal-Forest-Fire-Subset-A/Evo-Images/evoDJI_0007_frame74.jpg,evo,evo_evodji_0007,74,train,1
/workspace/Boreal-Forest-Fire/Boreal-Forest-Fire-Subset-A/Evo-Images/evoDJI_0007_frame75.jpg,evo,evo_evodji_0007,75,train,1
/workspace/Boreal-Forest-Fire/Boreal-Forest-Fire-Subset-A/Evo-Images/evoDJI_0007_frame76.jpg,evo,evo_evodji_0007,76,train,1
/workspace/Boreal-Forest-Fire/Boreal-Forest-Fire-Subset-A/Evo-Images/evoDJI_0007_frame77.jpg,evo,evo_evodji_0007,77,train,1
/workspace/Boreal-Forest-Fire/Boreal-Forest-Fire-Subset-A/Evo-Images/evoDJI_0007_frame78.jpg,evo,evo_evodji_0007,78,train,1
/workspace/Boreal-Forest-Fire/Boreal-Forest-Fire-Subset-A/Evo-Images/evoDJI_0007_frame79.jpg,evo,evo_evodji_0007,79,train,1
/workspace/Boreal-Forest-Fire/Boreal-Forest-Fire-Subset-A/Evo-Images/evoDJI_0007_frame8.jpg,evo,evo_evodji_0007,8,train,1
/workspace/Boreal-Forest-Fire/Boreal-Forest-Fire-Subset-A/Evo-Images/evoDJI_0007_frame80.jpg,evo,evo_evodji_0007,80,train,1
/workspace/Boreal-Forest-Fire/Boreal-Forest-Fire-Subset-A/Evo-Images/evoDJI_0007_frame81.jpg,evo,evo_evodji_0007,81,train,1
/workspace/Boreal-Forest-Fire/Boreal-Forest-Fire-Subset-A/Evo-Images/evoDJI_0007_frame82.jpg,evo,evo_evodji_0007,82,train,1
/workspace/Boreal-Forest-Fire/Boreal-Forest-Fire-Subset-A/Evo-Images/evoDJI_0007_frame83.jpg,evo,evo_evodji_0007,83,train,1
/workspace/Boreal-Forest-Fire/Boreal-Forest-Fire-Subset-A/Evo-Images/evoDJI_0007_frame84.jpg,evo,evo_evodji_0007,84,train,1
/workspace/Boreal-Forest-Fire/Boreal-Forest-Fire-Subset-A/Evo-Images/evoDJI_0007_frame85.jpg,evo,evo_evodji_0007,85,train,1
/workspace/Boreal-Forest-Fire/Boreal-Forest-Fire-Subset-A/Evo-Images/evoDJI_0007_frame86.jpg,evo,evo_evodji_0007,86,train,1
/workspace/Boreal-Forest-Fire/Boreal-Forest-Fire-Subset-A/Evo-Images/evoDJI_0007_frame87.jpg,evo,evo_evodji_0007,87,train,1
/workspace/Boreal-Forest-Fire/Boreal-Forest-Fire-Subset-A/Evo-Images/evoDJI_0007_frame88.jpg,evo,evo_evodji_0007,88,train,1
/workspace/Boreal-Forest-Fire/Boreal-Forest-Fire-Subset-A/Evo-Images/evoDJI_0007_frame89.jpg,evo,evo_evodji_0007,89,train,1
/workspace/Boreal-Forest-Fire/Boreal-Forest-Fire-Subset-A/Evo-Images/evoDJI_0007_frame9.jpg,evo,evo_evodji_0007,9,train,1
/workspace/Boreal-Forest-Fire/Boreal-Forest-Fire-Subset-A/Evo-Images/evoDJI_0007_frame90.jpg,evo,evo_evodji_0007,90,train,1
/workspace/Boreal-Forest-Fire/Boreal-Forest-Fire-Subset-A/Evo-Images/evoDJI_0007_frame91.jpg,evo,evo_evodji_0007,91,train,1
/workspace/Boreal-Forest-Fire/Boreal-Forest-Fire-Subset-A/Evo-Images/evoDJI_0007_frame92.jpg,evo,evo_evodji_0007,92,train,1
/workspace/Boreal-Forest-Fire/Boreal-Forest-Fire-Subset-A/Evo-Images/evoDJI_0007_frame93.jpg,evo,evo_evodji_0007,93,train,1
/workspace/Boreal-Forest-Fire/Boreal-Forest-Fire-Subset-A/Evo-Images/evoDJI_0007_frame94.jpg,evo,evo_evodji_0007,94,train,1
/workspace/Boreal-Forest-Fire/Boreal-Forest-Fire-Subset-A/Evo-Images/evoDJI_0007_frame95.jpg,evo,evo_evodji_0007,95,train,1
/workspace/Boreal-Forest-Fire/Boreal-Forest-Fire-Subset-A/Evo-Images/evoDJI_0007_frame96.jpg,evo,evo_evodji_0007,96,train,1
/workspace/Boreal-Forest-Fire/Boreal-Forest-Fire-Subset-A/Evo-Images/evoDJI_0007_frame97.jpg,evo,evo_evodji_0007,97,train,1
/workspace/Boreal-Forest-Fire/Boreal-Forest-Fire-Subset-A/Evo-Images/evoDJI_0007_frame98.jpg,evo,evo_evodji_0007,98,train,1
/workspace/Boreal-Forest-Fire/Boreal-Forest-Fire-Subset-A/Evo-Images/evoDJI_0007_frame99.jpg,evo,evo_evodji_0007,99,train,1
/workspace/Boreal-Forest-Fire/Boreal-Forest-Fire-Subset-A/Evo-Images/evoDJI_0009_frame0.jpg,evo,evo_evodji_0009,0,val,1
/workspace/Boreal-Forest-Fire/Boreal-Forest-Fire-Subset-A/Evo-Images/evoDJI_0009_frame1.jpg,evo,evo_evodji_0009,1,val,1
/workspace/Boreal-Forest-Fire/Boreal-Forest-Fire-Subset-A/Evo-Images/evoDJI_0009_frame10.jpg,evo,evo_evodji_0009,10,val,1
/workspace/Boreal-Forest-Fire/Boreal-Forest-Fire-Subset-A/Evo-Images/evoDJI_0009_frame100.jpg,evo,evo_evodji_0009,100,val,1
/workspace/Boreal-Forest-Fire/Boreal-Forest-Fire-Subset-A/Evo-Images/evoDJI_0009_frame101.jpg,evo,evo_evodji_0009,101,val,1
/workspace/Boreal-Forest-Fire/Boreal-Forest-Fire-Subset-A/Evo-Images/evoDJI_0009_frame102.jpg,evo,evo_evodji_0009,102,val,1
/workspace/Boreal-Forest-Fire/Boreal-Forest-Fire-Subset-A/Evo-Images/evoDJI_0009_frame103.jpg,evo,evo_evodji_0009,103,val,1
/workspace/Boreal-Forest-Fire/Boreal-Forest-Fire-Subset-A/Evo-Images/evoDJI_0009_frame104.jpg,evo,evo_evodji_0009,104,val,1
/workspace/Boreal-Forest-Fire/Boreal-Forest-Fire-Subset-A/Evo-Images/evoDJI_0009_frame105.jpg,evo,evo_evodji_0009,105,val,1
/workspace/Boreal-Forest-Fire/Boreal-Forest-Fire-Subset-A/Evo-Images/evoDJI_0009_frame106.jpg,evo,evo_evodji_0009,106,val,1
/workspace/Boreal-Forest-Fire/Boreal-Forest-Fire-Subset-A/Evo-Images/evoDJI_0009_frame107.jpg,evo,evo_evodji_0009,107,val,1
/workspace/Boreal-Forest-Fire/Boreal-Forest-Fire-Subset-A/Evo-Images/evoDJI_0009_frame108.jpg,evo,evo_evodji_0009,108,val,1
/workspace/Boreal-Forest-Fire/Boreal-Forest-Fire-Subset-A/Evo-Images/evoDJI_0009_frame109.jpg,evo,evo_evodji_0009,109,val,1
/workspace/Boreal-Forest-Fire/Boreal-Forest-Fire-Subset-A/Evo-Images/evoDJI_0009_frame11.jpg,evo,evo_evodji_0009,11,val,1
/workspace/Boreal-Forest-Fire/Boreal-Forest-Fire-Subset-A/Evo-Images/evoDJI_0009_frame110.jpg,evo,evo_evodji_0009,110,val,1
/workspace/Boreal-Forest-Fire/Boreal-Forest-Fire-Subset-A/Evo-Images/evoDJI_0009_frame111.jpg,evo,evo_evodji_0009,111,val,1
/workspace/Boreal-Forest-Fire/Boreal-Forest-Fire-Subset-A/Evo-Images/evoDJI_0009_frame112.jpg,evo,evo_evodji_0009,112,val,1
/workspace/Boreal-Forest-Fire/Boreal-Forest-Fire-Subset-A/Evo-Images/evoDJI_0009_frame113.jpg,evo,evo_evodji_0009,113,val,1
/workspace/Boreal-Forest-Fire/Boreal-Forest-Fire-Subset-A/Evo-Images/evoDJI_0009_frame114.jpg,evo,evo_evodji_0009,114,val,1
/workspace/Boreal-Forest-Fire/Boreal-Forest-Fire-Subset-A/Evo-Images/evoDJI_0009_frame115.jpg,evo,evo_evodji_0009,115,val,1
/workspace/Boreal-Forest-Fire/Boreal-Forest-Fire-Subset-A/Evo-Images/evoDJI_0009_frame116.jpg,evo,evo_evodji_0009,116,val,1
/workspace/Boreal-Forest-Fire/Boreal-Forest-Fire-Subset-A/Evo-Images/evoDJI_0009_frame117.jpg,evo,evo_evodji_0009,117,val,1
/workspace/Boreal-Forest-Fire/Boreal-Forest-Fire-Subset-A/Evo-Images/evoDJI_0009_frame118.jpg,evo,evo_evodji_0009,118,val,1
/workspace/Boreal-Forest-Fire/Boreal-Forest-Fire-Subset-A/Evo-Images/evoDJI_0009_frame119.jpg,evo,evo_evodji_0009,119,val,1
/workspace/Boreal-Forest-Fire/Boreal-Forest-Fire-Subset-A/Evo-Images/evoDJI_0009_frame12.jpg,evo,evo_evodji_0009,12,val,1
/workspace/Boreal-Forest-Fire/Boreal-Forest-Fire-Subset-A/Evo-Images/evoDJI_0009_frame120.jpg,evo,evo_evodji_0009,120,val,1
/workspace/Boreal-Forest-Fire/Boreal-Forest-Fire-Subset-A/Evo-Images/evoDJI_0009_frame121.jpg,evo,evo_evodji_0009,121,val,1
/workspace/Boreal-Forest-Fire/Boreal-Forest-Fire-Subset-A/Evo-Images/evoDJI_0009_frame122.jpg,evo,evo_evodji_0009,122,val,1
/workspace/Boreal-Forest-Fire/Boreal-Forest-Fire-Subset-A/Evo-Images/evoDJI_0009_frame123.jpg,evo,evo_evodji_0009,123,val,1
/workspace/Boreal-Forest-Fire/Boreal-Forest-Fire-Subset-A/Evo-Images/evoDJI_0009_frame124.jpg,evo,evo_evodji_0009,124,val,1
/workspace/Boreal-Forest-Fire/Boreal-Forest-Fire-Subset-A/Evo-Images/evoDJI_0009_frame125.jpg,evo,evo_evodji_0009,125,val,1
/workspace/Boreal-Forest-Fire/Boreal-Forest-Fire-Subset-A/Evo-Images/evoDJI_0009_frame126.jpg,evo,evo_evodji_0009,126,val,1
/workspace/Boreal-Forest-Fire/Boreal-Forest-Fire-Subset-A/Evo-Images/evoDJI_0009_frame127.jpg,evo,evo_evodji_0009,127,val,1
/workspace/Boreal-Forest-Fire/Boreal-Forest-Fire-Subset-A/Evo-Images/evoDJI_0009_frame128.jpg,evo,evo_evodji_0009,128,val,1
/workspace/Boreal-Forest-Fire/Boreal-Forest-Fire-Subset-A/Evo-Images/evoDJI_0009_frame129.jpg,evo,evo_evodji_0009,129,val,1
/workspace/Boreal-Forest-Fire/Boreal-Forest-Fire-Subset-A/Evo-Images/evoDJI_0009_frame13.jpg,evo,evo_evodji_0009,13,val,1
/workspace/Boreal-Forest-Fire/Boreal-Forest-Fire-Subset-A/Evo-Images/evoDJI_0009_frame130.jpg,evo,evo_evodji_0009,130,val,1
/workspace/Boreal-Forest-Fire/Boreal-Forest-Fire-Subset-A/Evo-Images/evoDJI_0009_frame131.jpg,evo,evo_evodji_0009,131,val,1
/workspace/Boreal-Forest-Fire/Boreal-Forest-Fire-Subset-A/Evo-Images/evoDJI_0009_frame132.jpg,evo,evo_evodji_0009,132,val,1
/workspace/Boreal-Forest-Fire/Boreal-Forest-Fire-Subset-A/Evo-Images/evoDJI_0009_frame133.jpg,evo,evo_evodji_0009,133,val,1
/workspace/Boreal-Forest-Fire/Boreal-Forest-Fire-Subset-A/Evo-Images/evoDJI_0009_frame134.jpg,evo,evo_evodji_0009,134,val,1
/workspace/Boreal-Forest-Fire/Boreal-Forest-Fire-Subset-A/Evo-Images/evoDJI_0009_frame135.jpg,evo,evo_evodji_0009,135,val,1
/workspace/Boreal-Forest-Fire/Boreal-Forest-Fire-Subset-A/Evo-Images/evoDJI_0009_frame136.jpg,evo,evo_evodji_0009,136,val,1
/workspace/Boreal-Forest-Fire/Boreal-Forest-Fire-Subset-A/Evo-Images/evoDJI_0009_frame137.jpg,evo,evo_evodji_0009,137,val,1
/workspace/Boreal-Forest-Fire/Boreal-Forest-Fire-Subset-A/Evo-Images/evoDJI_0009_frame138.jpg,evo,evo_evodji_0009,138,val,1
/workspace/Boreal-Forest-Fire/Boreal-Forest-Fire-Subset-A/Evo-Images/evoDJI_0009_frame139.jpg,evo,evo_evodji_0009,139,val,1
/workspace/Boreal-Forest-Fire/Boreal-Forest-Fire-Subset-A/Evo-Images/evoDJI_0009_frame14.jpg,evo,evo_evodji_0009,14,val,1
/workspace/Boreal-Forest-Fire/Boreal-Forest-Fire-Subset-A/Evo-Images/evoDJI_0009_frame140.jpg,evo,evo_evodji_0009,140,val,1
/workspace/Boreal-Forest-Fire/Boreal-Forest-Fire-Subset-A/Evo-Images/evoDJI_0009_frame141.jpg,evo,evo_evodji_0009,141,val,1
/workspace/Boreal-Forest-Fire/Boreal-Forest-Fire-Subset-A/Evo-Images/evoDJI_0009_frame142.jpg,evo,evo_evodji_0009,142,val,1
/workspace/Boreal-Forest-Fire/Boreal-Forest-Fire-Subset-A/Evo-Images/evoDJI_0009_frame143.jpg,evo,evo_evodji_0009,143,val,1
/workspace/Boreal-Forest-Fire/Boreal-Forest-Fire-Subset-A/Evo-Images/evoDJI_0009_frame144.jpg,evo,evo_evodji_0009,144,val,1
/workspace/Boreal-Forest-Fire/Boreal-Forest-Fire-Subset-A/Evo-Images/evoDJI_0009_frame145.jpg,evo,evo_evodji_0009,145,val,1
/workspace/Boreal-Forest-Fire/Boreal-Forest-Fire-Subset-A/Evo-Images/evoDJI_0009_frame146.jpg,evo,evo_evodji_0009,146,val,1
/workspace/Boreal-Forest-Fire/Boreal-Forest-Fire-Subset-A/Evo-Images/evoDJI_0009_frame147.jpg,evo,evo_evodji_0009,147,val,1
/workspace/Boreal-Forest-Fire/Boreal-Forest-Fire-Subset-A/Evo-Images/evoDJI_0009_frame148.jpg,evo,evo_evodji_0009,148,val,1
/workspace/Boreal-Forest-Fire/Boreal-Forest-Fire-Subset-A/Evo-Images/evoDJI_0009_frame149.jpg,evo,evo_evodji_0009,149,val,1
/workspace/Boreal-Forest-Fire/Boreal-Forest-Fire-Subset-A/Evo-Images/evoDJI_0009_frame15.jpg,evo,evo_evodji_0009,15,val,1
/workspace/Boreal-Forest-Fire/Boreal-Forest-Fire-Subset-A/Evo-Images/evoDJI_0009_frame150.jpg,evo,evo_evodji_0009,150,val,1
/workspace/Boreal-Forest-Fire/Boreal-Forest-Fire-Subset-A/Evo-Images/evoDJI_0009_frame151.jpg,evo,evo_evodji_0009,151,val,1
/workspace/Boreal-Forest-Fire/Boreal-Forest-Fire-Subset-A/Evo-Images/evoDJI_0009_frame152.jpg,evo,evo_evodji_0009,152,val,1
/workspace/Boreal-Forest-Fire/Boreal-Forest-Fire-Subset-A/Evo-Images/evoDJI_0009_frame153.jpg,evo,evo_evodji_0009,153,val,1
/workspace/Boreal-Forest-Fire/Boreal-Forest-Fire-Subset-A/Evo-Images/evoDJI_0009_frame154.jpg,evo,evo_evodji_0009,154,val,1
/workspace/Boreal-Forest-Fire/Boreal-Forest-Fire-Subset-A/Evo-Images/evoDJI_0009_frame155.jpg,evo,evo_evodji_0009,155,val,1
/workspace/Boreal-Forest-Fire/Boreal-Forest-Fire-Subset-A/Evo-Images/evoDJI_0009_frame156.jpg,evo,evo_evodji_0009,156,val,1
/workspace/Boreal-Forest-Fire/Boreal-Forest-Fire-Subset-A/Evo-Images/evoDJI_0009_frame157.jpg,evo,evo_evodji_0009,157,val,1
/workspace/Boreal-Forest-Fire/Boreal-Forest-Fire-Subset-A/Evo-Images/evoDJI_0009_frame158.jpg,evo,evo_evodji_0009,158,val,1
/workspace/Boreal-Forest-Fire/Boreal-Forest-Fire-Subset-A/Evo-Images/evoDJI_0009_frame159.jpg,evo,evo_evodji_0009,159,val,1
/workspace/Boreal-Forest-Fire/Boreal-Forest-Fire-Subset-A/Evo-Images/evoDJI_0009_frame16.jpg,evo,evo_evodji_0009,16,val,1
/workspace/Boreal-Forest-Fire/Boreal-Forest-Fire-Subset-A/Evo-Images/evoDJI_0009_frame160.jpg,evo,evo_evodji_0009,160,val,1
/workspace/Boreal-Forest-Fire/Boreal-Forest-Fire-Subset-A/Evo-Images/evoDJI_0009_frame161.jpg,evo,evo_evodji_0009,161,val,1
/workspace/Boreal-Forest-Fire/Boreal-Forest-Fire-Subset-A/Evo-Images/evoDJI_0009_frame162.jpg,evo,evo_evodji_0009,162,val,1
/workspace/Boreal-Forest-Fire/Boreal-Forest-Fire-Subset-A/Evo-Images/evoDJI_0009_frame163.jpg,evo,evo_evodji_0009,163,val,1
/workspace/Boreal-Forest-Fire/Boreal-Forest-Fire-Subset-A/Evo-Images/evoDJI_0009_frame164.jpg,evo,evo_evodji_0009,164,val,1
/workspace/Boreal-Forest-Fire/Boreal-Forest-Fire-Subset-A/Evo-Images/evoDJI_0009_frame165.jpg,evo,evo_evodji_0009,165,val,1
/workspace/Boreal-Forest-Fire/Boreal-Forest-Fire-Subset-A/Evo-Images/evoDJI_0009_frame166.jpg,evo,evo_evodji_0009,166,val,1
/workspace/Boreal-Forest-Fire/Boreal-Forest-Fire-Subset-A/Evo-Images/evoDJI_0009_frame167.jpg,evo,evo_evodji_0009,167,val,1
/workspace/Boreal-Forest-Fire/Boreal-Forest-Fire-Subset-A/Evo-Images/evoDJI_0009_frame168.jpg,evo,evo_evodji_0009,168,val,1
/workspace/Boreal-Forest-Fire/Boreal-Forest-Fire-Subset-A/Evo-Images/evoDJI_0009_frame169.jpg,evo,evo_evodji_0009,169,val,1
/workspace/Boreal-Forest-Fire/Boreal-Forest-Fire-Subset-A/Evo-Images/evoDJI_0009_frame17.jpg,evo,evo_evodji_0009,17,val,1
/workspace/Boreal-Forest-Fire/Boreal-Forest-Fire-Subset-A/Evo-Images/evoDJI_0009_frame170.jpg,evo,evo_evodji_0009,170,val,1
/workspace/Boreal-Forest-Fire/Boreal-Forest-Fire-Subset-A/Evo-Images/evoDJI_0009_frame171.jpg,evo,evo_evodji_0009,171,val,1
/workspace/Boreal-Forest-Fire/Boreal-Forest-Fire-Subset-A/Evo-Images/evoDJI_0009_frame172.jpg,evo,evo_evodji_0009,172,val,1
/workspace/Boreal-Forest-Fire/Boreal-Forest-Fire-Subset-A/Evo-Images/evoDJI_0009_frame173.jpg,evo,evo_evodji_0009,173,val,1
/workspace/Boreal-Forest-Fire/Boreal-Forest-Fire-Subset-A/Evo-Images/evoDJI_0009_frame174.jpg,evo,evo_evodji_0009,174,val,1
/workspace/Boreal-Forest-Fire/Boreal-Forest-Fire-Subset-A/Evo-Images/evoDJI_0009_frame175.jpg,evo,evo_evodji_0009,175,val,1
/workspace/Boreal-Forest-Fire/Boreal-Forest-Fire-Subset-A/Evo-Images/evoDJI_0009_frame176.jpg,evo,evo_evodji_0009,176,val,1
/workspace/Boreal-Forest-Fire/Boreal-Forest-Fire-Subset-A/Evo-Images/evoDJI_0009_frame177.jpg,evo,evo_evodji_0009,177,val,1
/workspace/Boreal-Forest-Fire/Boreal-Forest-Fire-Subset-A/Evo-Images/evoDJI_0009_frame178.jpg,evo,evo_evodji_0009,178,val,1
/workspace/Boreal-Forest-Fire/Boreal-Forest-Fire-Subset-A/Evo-Images/evoDJI_0009_frame179.jpg,evo,evo_evodji_0009,179,val,1
/workspace/Boreal-Forest-Fire/Boreal-Forest-Fire-Subset-A/Evo-Images/evoDJI_0009_frame18.jpg,evo,evo_evodji_0009,18,val,1
/workspace/Boreal-Forest-Fire/Boreal-Forest-Fire-Subset-A/Evo-Images/evoDJI_0009_frame180.jpg,evo,evo_evodji_0009,180,val,1
/workspace/Boreal-Forest-Fire/Boreal-Forest-Fire-Subset-A/Evo-Images/evoDJI_0009_frame181.jpg,evo,evo_evodji_0009,181,val,1
/workspace/Boreal-Forest-Fire/Boreal-Forest-Fire-Subset-A/Evo-Images/evoDJI_0009_frame182.jpg,evo,evo_evodji_0009,182,val,1
/workspace/Boreal-Forest-Fire/Boreal-Forest-Fire-Subset-A/Evo-Images/evoDJI_0009_frame183.jpg,evo,evo_evodji_0009,183,val,1
/workspace/Boreal-Forest-Fire/Boreal-Forest-Fire-Subset-A/Evo-Images/evoDJI_0009_frame184.jpg,evo,evo_evodji_0009,184,val,1
/workspace/Boreal-Forest-Fire/Boreal-Forest-Fire-Subset-A/Evo-Images/evoDJI_0009_frame185.jpg,evo,evo_evodji_0009,185,val,1
/workspace/Boreal-Forest-Fire/Boreal-Forest-Fire-Subset-A/Evo-Images/evoDJI_0009_frame186.jpg,evo,evo_evodji_0009,186,val,1
/workspace/Boreal-Forest-Fire/Boreal-Forest-Fire-Subset-A/Evo-Images/evoDJI_0009_frame187.jpg,evo,evo_evodji_0009,187,val,1
/workspace/Boreal-Forest-Fire/Boreal-Forest-Fire-Subset-A/Evo-Images/evoDJI_0009_frame188.jpg,evo,evo_evodji_0009,188,val,1
/workspace/Boreal-Forest-Fire/Boreal-Forest-Fire-Subset-A/Evo-Images/evoDJI_0009_frame189.jpg,evo,evo_evodji_0009,189,val,1
/workspace/Boreal-Forest-Fire/Boreal-Forest-Fire-Subset-A/Evo-Images/evoDJI_0009_frame19.jpg,evo,evo_evodji_0009,19,val,1
/workspace/Boreal-Forest-Fire/Boreal-Forest-Fire-Subset-A/Evo-Images/evoDJI_0009_frame190.jpg,evo,evo_evodji_0009,190,val,1
/workspace/Boreal-Forest-Fire/Boreal-Forest-Fire-Subset-A/Evo-Images/evoDJI_0009_frame191.jpg,evo,evo_evodji_0009,191,val,1
/workspace/Boreal-Forest-Fire/Boreal-Forest-Fire-Subset-A/Evo-Images/evoDJI_0009_frame192.jpg,evo,evo_evodji_0009,192,val,1
/workspace/Boreal-Forest-Fire/Boreal-Forest-Fire-Subset-A/Evo-Images/evoDJI_0009_frame193.jpg,evo,evo_evodji_0009,193,val,1
/workspace/Boreal-Forest-Fire/Boreal-Forest-Fire-Subset-A/Evo-Images/evoDJI_0009_frame194.jpg,evo,evo_evodji_0009,194,val,1
/workspace/Boreal-Forest-Fire/Boreal-Forest-Fire-Subset-A/Evo-Images/evoDJI_0009_frame195.jpg,evo,evo_evodji_0009,195,val,1
/workspace/Boreal-Forest-Fire/Boreal-Forest-Fire-Subset-A/Evo-Images/evoDJI_0009_frame196.jpg,evo,evo_evodji_0009,196,val,1
/workspace/Boreal-Forest-Fire/Boreal-Forest-Fire-Subset-A/Evo-Images/evoDJI_0009_frame197.jpg,evo,evo_evodji_0009,197,val,1
/workspace/Boreal-Forest-Fire/Boreal-Forest-Fire-Subset-A/Evo-Images/evoDJI_0009_frame198.jpg,evo,evo_evodji_0009,198,val,1
/workspace/Boreal-Forest-Fire/Boreal-Forest-Fire-Subset-A/Evo-Images/evoDJI_0009_frame199.jpg,evo,evo_evodji_0009,199,val,1
/workspace/Boreal-Forest-Fire/Boreal-Forest-Fire-Subset-A/Evo-Images/evoDJI_0009_frame2.jpg,evo,evo_evodji_0009,2,val,1
/workspace/Boreal-Forest-Fire/Boreal-Forest-Fire-Subset-A/Evo-Images/evoDJI_0009_frame20.jpg,evo,evo_evodji_0009,20,val,1
/workspace/Boreal-Forest-Fire/Boreal-Forest-Fire-Subset-A/Evo-Images/evoDJI_0009_frame200.jpg,evo,evo_evodji_0009,200,val,1
/workspace/Boreal-Forest-Fire/Boreal-Forest-Fire-Subset-A/Evo-Images/evoDJI_0009_frame201.jpg,evo,evo_evodji_0009,201,val,1
/workspace/Boreal-Forest-Fire/Boreal-Forest-Fire-Subset-A/Evo-Images/evoDJI_0009_frame202.jpg,evo,evo_evodji_0009,202,val,1
/workspace/Boreal-Forest-Fire/Boreal-Forest-Fire-Subset-A/Evo-Images/evoDJI_0009_frame203.jpg,evo,evo_evodji_0009,203,val,1
/workspace/Boreal-Forest-Fire/Boreal-Forest-Fire-Subset-A/Evo-Images/evoDJI_0009_frame204.jpg,evo,evo_evodji_0009,204,val,1
/workspace/Boreal-Forest-Fire/Boreal-Forest-Fire-Subset-A/Evo-Images/evoDJI_0009_frame205.jpg,evo,evo_evodji_0009,205,val,1
/workspace/Boreal-Forest-Fire/Boreal-Forest-Fire-Subset-A/Evo-Images/evoDJI_0009_frame206.jpg,evo,evo_evodji_0009,206,val,1
/workspace/Boreal-Forest-Fire/Boreal-Forest-Fire-Subset-A/Evo-Images/evoDJI_0009_frame207.jpg,evo,evo_evodji_0009,207,val,1
/workspace/Boreal-Forest-Fire/Boreal-Forest-Fire-Subset-A/Evo-Images/evoDJI_0009_frame208.jpg,evo,evo_evodji_0009,208,val,1
/workspace/Boreal-Forest-Fire/Boreal-Forest-Fire-Subset-A/Evo-Images/evoDJI_0009_frame209.jpg,evo,evo_evodji_0009,209,val,1
/workspace/Boreal-Forest-Fire/Boreal-Forest-Fire-Subset-A/Evo-Images/evoDJI_0009_frame21.jpg,evo,evo_evodji_0009,21,val,1
/workspace/Boreal-Forest-Fire/Boreal-Forest-Fire-Subset-A/Evo-Images/evoDJI_0009_frame210.jpg,evo,evo_evodji_0009,210,val,1
/workspace/Boreal-Forest-Fire/Boreal-Forest-Fire-Subset-A/Evo-Images/evoDJI_0009_frame211.jpg,evo,evo_evodji_0009,211,val,1
/workspace/Boreal-Forest-Fire/Boreal-Forest-Fire-Subset-A/Evo-Images/evoDJI_0009_frame212.jpg,evo,evo_evodji_0009,212,val,1
/workspace/Boreal-Forest-Fire/Boreal-Forest-Fire-Subset-A/Evo-Images/evoDJI_0009_frame213.jpg,evo,evo_evodji_0009,213,val,1
/workspace/Boreal-Forest-Fire/Boreal-Forest-Fire-Subset-A/Evo-Images/evoDJI_0009_frame214.jpg,evo,evo_evodji_0009,214,val,1
/workspace/Boreal-Forest-Fire/Boreal-Forest-Fire-Subset-A/Evo-Images/evoDJI_0009_frame215.jpg,evo,evo_evodji_0009,215,val,1
/workspace/Boreal-Forest-Fire/Boreal-Forest-Fire-Subset-A/Evo-Images/evoDJI_0009_frame216.jpg,evo,evo_evodji_0009,216,val,1
/workspace/Boreal-Forest-Fire/Boreal-Forest-Fire-Subset-A/Evo-Images/evoDJI_0009_frame217.jpg,evo,evo_evodji_0009,217,val,1
/workspace/Boreal-Forest-Fire/Boreal-Forest-Fire-Subset-A/Evo-Images/evoDJI_0009_frame218.jpg,evo,evo_evodji_0009,218,val,1
/workspace/Boreal-Forest-Fire/Boreal-Forest-Fire-Subset-A/Evo-Images/evoDJI_0009_frame219.jpg,evo,evo_evodji_0009,219,val,1
/workspace/Boreal-Forest-Fire/Boreal-Forest-Fire-Subset-A/Evo-Images/evoDJI_0009_frame22.jpg,evo,evo_evodji_0009,22,val,1
/workspace/Boreal-Forest-Fire/Boreal-Forest-Fire-Subset-A/Evo-Images/evoDJI_0009_frame220.jpg,evo,evo_evodji_0009,220,val,1
/workspace/Boreal-Forest-Fire/Boreal-Forest-Fire-Subset-A/Evo-Images/evoDJI_0009_frame221.jpg,evo,evo_evodji_0009,221,val,1
/workspace/Boreal-Forest-Fire/Boreal-Forest-Fire-Subset-A/Evo-Images/evoDJI_0009_frame222.jpg,evo,evo_evodji_0009,222,val,1
/workspace/Boreal-Forest-Fire/Boreal-Forest-Fire-Subset-A/Evo-Images/evoDJI_0009_frame223.jpg,evo,evo_evodji_0009,223,val,1
/workspace/Boreal-Forest-Fire/Boreal-Forest-Fire-Subset-A/Evo-Images/evoDJI_0009_frame224.jpg,evo,evo_evodji_0009,224,val,1
/workspace/Boreal-Forest-Fire/Boreal-Forest-Fire-Subset-A/Evo-Images/evoDJI_0009_frame225.jpg,evo,evo_evodji_0009,225,val,1
/workspace/Boreal-Forest-Fire/Boreal-Forest-Fire-Subset-A/Evo-Images/evoDJI_0009_frame226.jpg,evo,evo_evodji_0009,226,val,1
/workspace/Boreal-Forest-Fire/Boreal-Forest-Fire-Subset-A/Evo-Images/evoDJI_0009_frame227.jpg,evo,evo_evodji_0009,227,val,1
/workspace/Boreal-Forest-Fire/Boreal-Forest-Fire-Subset-A/Evo-Images/evoDJI_0009_frame228.jpg,evo,evo_evodji_0009,228,val,1
/workspace/Boreal-Forest-Fire/Boreal-Forest-Fire-Subset-A/Evo-Images/evoDJI_0009_frame229.jpg,evo,evo_evodji_0009,229,val,1
/workspace/Boreal-Forest-Fire/Boreal-Forest-Fire-Subset-A/Evo-Images/evoDJI_0009_frame23.jpg,evo,evo_evodji_0009,23,val,1
/workspace/Boreal-Forest-Fire/Boreal-Forest-Fire-Subset-A/Evo-Images/evoDJI_0009_frame230.jpg,evo,evo_evodji_0009,230,val,1
/workspace/Boreal-Forest-Fire/Boreal-Forest-Fire-Subset-A/Evo-Images/evoDJI_0009_frame231.jpg,evo,evo_evodji_0009,231,val,1
/workspace/Boreal-Forest-Fire/Boreal-Forest-Fire-Subset-A/Evo-Images/evoDJI_0009_frame232.jpg,evo,evo_evodji_0009,232,val,1
/workspace/Boreal-Forest-Fire/Boreal-Forest-Fire-Subset-A/Evo-Images/evoDJI_0009_frame233.jpg,evo,evo_evodji_0009,233,val,1
/workspace/Boreal-Forest-Fire/Boreal-Forest-Fire-Subset-A/Evo-Images/evoDJI_0009_frame234.jpg,evo,evo_evodji_0009,234,val,1
/workspace/Boreal-Forest-Fire/Boreal-Forest-Fire-Subset-A/Evo-Images/evoDJI_0009_frame235.jpg,evo,evo_evodji_0009,235,val,1
/workspace/Boreal-Forest-Fire/Boreal-Forest-Fire-Subset-A/Evo-Images/evoDJI_0009_frame236.jpg,evo,evo_evodji_0009,236,val,1
/workspace/Boreal-Forest-Fire/Boreal-Forest-Fire-Subset-A/Evo-Images/evoDJI_0009_frame237.jpg,evo,evo_evodji_0009,237,val,1
/workspace/Boreal-Forest-Fire/Boreal-Forest-Fire-Subset-A/Evo-Images/evoDJI_0009_frame238.jpg,evo,evo_evodji_0009,238,val,1
/workspace/Boreal-Forest-Fire/Boreal-Forest-Fire-Subset-A/Evo-Images/evoDJI_0009_frame239.jpg,evo,evo_evodji_0009,239,val,1
/workspace/Boreal-Forest-Fire/Boreal-Forest-Fire-Subset-A/Evo-Images/evoDJI_0009_frame24.jpg,evo,evo_evodji_0009,24,val,1
/workspace/Boreal-Forest-Fire/Boreal-Forest-Fire-Subset-A/Evo-Images/evoDJI_0009_frame240.jpg,evo,evo_evodji_0009,240,val,1
/workspace/Boreal-Forest-Fire/Boreal-Forest-Fire-Subset-A/Evo-Images/evoDJI_0009_frame241.jpg,evo,evo_evodji_0009,241,val,1
/workspace/Boreal-Forest-Fire/Boreal-Forest-Fire-Subset-A/Evo-Images/evoDJI_0009_frame242.jpg,evo,evo_evodji_0009,242,val,1
/workspace/Boreal-Forest-Fire/Boreal-Forest-Fire-Subset-A/Evo-Images/evoDJI_0009_frame243.jpg,evo,evo_evodji_0009,243,val,1
/workspace/Boreal-Forest-Fire/Boreal-Forest-Fire-Subset-A/Evo-Images/evoDJI_0009_frame244.jpg,evo,evo_evodji_0009,244,val,1
/workspace/Boreal-Forest-Fire/Boreal-Forest-Fire-Subset-A/Evo-Images/evoDJI_0009_frame245.jpg,evo,evo_evodji_0009,245,val,1
/workspace/Boreal-Forest-Fire/Boreal-Forest-Fire-Subset-A/Evo-Images/evoDJI_0009_frame246.jpg,evo,evo_evodji_0009,246,val,1
/workspace/Boreal-Forest-Fire/Boreal-Forest-Fire-Subset-A/Evo-Images/evoDJI_0009_frame247.jpg,evo,evo_evodji_0009,247,val,1
/workspace/Boreal-Forest-Fire/Boreal-Forest-Fire-Subset-A/Evo-Images/evoDJI_0009_frame248.jpg,evo,evo_evodji_0009,248,val,1
/workspace/Boreal-Forest-Fire/Boreal-Forest-Fire-Subset-A/Evo-Images/evoDJI_0009_frame249.jpg,evo,evo_evodji_0009,249,val,1
/workspace/Boreal-Forest-Fire/Boreal-Forest-Fire-Subset-A/Evo-Images/evoDJI_0009_frame25.jpg,evo,evo_evodji_0009,25,val,1
/workspace/Boreal-Forest-Fire/Boreal-Forest-Fire-Subset-A/Evo-Images/evoDJI_0009_frame250.jpg,evo,evo_evodji_0009,250,val,1
/workspace/Boreal-Forest-Fire/Boreal-Forest-Fire-Subset-A/Evo-Images/evoDJI_0009_frame251.jpg,evo,evo_evodji_0009,251,val,1
/workspace/Boreal-Forest-Fire/Boreal-Forest-Fire-Subset-A/Evo-Images/evoDJI_0009_frame252.jpg,evo,evo_evodji_0009,252,val,1
/workspace/Boreal-Forest-Fire/Boreal-Forest-Fire-Subset-A/Evo-Images/evoDJI_0009_frame253.jpg,evo,evo_evodji_0009,253,val,1
/workspace/Boreal-Forest-Fire/Boreal-Forest-Fire-Subset-A/Evo-Images/evoDJI_0009_frame254.jpg,evo,evo_evodji_0009,254,val,1
/workspace/Boreal-Forest-Fire/Boreal-Forest-Fire-Subset-A/Evo-Images/evoDJI_0009_frame255.jpg,evo,evo_evodji_0009,255,val,1
/workspace/Boreal-Forest-Fire/Boreal-Forest-Fire-Subset-A/Evo-Images/evoDJI_0009_frame256.jpg,evo,evo_evodji_0009,256,val,1
/workspace/Boreal-Forest-Fire/Boreal-Forest-Fire-Subset-A/Evo-Images/evoDJI_0009_frame257.jpg,evo,evo_evodji_0009,257,val,1
/workspace/Boreal-Forest-Fire/Boreal-Forest-Fire-Subset-A/Evo-Images/evoDJI_0009_frame258.jpg,evo,evo_evodji_0009,258,val,1
/workspace/Boreal-Forest-Fire/Boreal-Forest-Fire-Subset-A/Evo-Images/evoDJI_0009_frame259.jpg,evo,evo_evodji_0009,259,val,1
/workspace/Boreal-Forest-Fire/Boreal-Forest-Fire-Subset-A/Evo-Images/evoDJI_0009_frame26.jpg,evo,evo_evodji_0009,26,val,1
/workspace/Boreal-Forest-Fire/Boreal-Forest-Fire-Subset-A/Evo-Images/evoDJI_0009_frame260.jpg,evo,evo_evodji_0009,260,val,1
/workspace/Boreal-Forest-Fire/Boreal-Forest-Fire-Subset-A/Evo-Images/evoDJI_0009_frame261.jpg,evo,evo_evodji_0009,261,val,1
/workspace/Boreal-Forest-Fire/Boreal-Forest-Fire-Subset-A/Evo-Images/evoDJI_0009_frame262.jpg,evo,evo_evodji_0009,262,val,1
/workspace/Boreal-Forest-Fire/Boreal-Forest-Fire-Subset-A/Evo-Images/evoDJI_0009_frame263.jpg,evo,evo_evodji_0009,263,val,1
/workspace/Boreal-Forest-Fire/Boreal-Forest-Fire-Subset-A/Evo-Images/evoDJI_0009_frame264.jpg,evo,evo_evodji_0009,264,val,1
/workspace/Boreal-Forest-Fire/Boreal-Forest-Fire-Subset-A/Evo-Images/evoDJI_0009_frame265.jpg,evo,evo_evodji_0009,265,val,1
/workspace/Boreal-Forest-Fire/Boreal-Forest-Fire-Subset-A/Evo-Images/evoDJI_0009_frame266.jpg,evo,evo_evodji_0009,266,val,1
/workspace/Boreal-Forest-Fire/Boreal-Forest-Fire-Subset-A/Evo-Images/evoDJI_0009_frame267.jpg,evo,evo_evodji_0009,267,val,1
/workspace/Boreal-Forest-Fire/Boreal-Forest-Fire-Subset-A/Evo-Images/evoDJI_0009_frame268.jpg,evo,evo_evodji_0009,268,val,1
/workspace/Boreal-Forest-Fire/Boreal-Forest-Fire-Subset-A/Evo-Images/evoDJI_0009_frame269.jpg,evo,evo_evodji_0009,269,val,1
/workspace/Boreal-Forest-Fire/Boreal-Forest-Fire-Subset-A/Evo-Images/evoDJI_0009_frame27.jpg,evo,evo_evodji_0009,27,val,1
/workspace/Boreal-Forest-Fire/Boreal-Forest-Fire-Subset-A/Evo-Images/evoDJI_0009_frame270.jpg,evo,evo_evodji_0009,270,val,1
/workspace/Boreal-Forest-Fire/Boreal-Forest-Fire-Subset-A/Evo-Images/evoDJI_0009_frame271.jpg,evo,evo_evodji_0009,271,val,1
/workspace/Boreal-Forest-Fire/Boreal-Forest-Fire-Subset-A/Evo-Images/evoDJI_0009_frame272.jpg,evo,evo_evodji_0009,272,val,1
/workspace/Boreal-Forest-Fire/Boreal-Forest-Fire-Subset-A/Evo-Images/evoDJI_0009_frame273.jpg,evo,evo_evodji_0009,273,val,1
/workspace/Boreal-Forest-Fire/Boreal-Forest-Fire-Subset-A/Evo-Images/evoDJI_0009_frame274.jpg,evo,evo_evodji_0009,274,val,1
/workspace/Boreal-Forest-Fire/Boreal-Forest-Fire-Subset-A/Evo-Images/evoDJI_0009_frame275.jpg,evo,evo_evodji_0009,275,val,1
/workspace/Boreal-Forest-Fire/Boreal-Forest-Fire-Subset-A/Evo-Images/evoDJI_0009_frame276.jpg,evo,evo_evodji_0009,276,val,1
/workspace/Boreal-Forest-Fire/Boreal-Forest-Fire-Subset-A/Evo-Images/evoDJI_0009_frame277.jpg,evo,evo_evodji_0009,277,val,1
/workspace/Boreal-Forest-Fire/Boreal-Forest-Fire-Subset-A/Evo-Images/evoDJI_0009_frame278.jpg,evo,evo_evodji_0009,278,val,1
/workspace/Boreal-Forest-Fire/Boreal-Forest-Fire-Subset-A/Evo-Images/evoDJI_0009_frame279.jpg,evo,evo_evodji_0009,279,val,1
/workspace/Boreal-Forest-Fire/Boreal-Forest-Fire-Subset-A/Evo-Images/evoDJI_0009_frame28.jpg,evo,evo_evodji_0009,28,val,1
/workspace/Boreal-Forest-Fire/Boreal-Forest-Fire-Subset-A/Evo-Images/evoDJI_0009_frame280.jpg,evo,evo_evodji_0009,280,val,1
/workspace/Boreal-Forest-Fire/Boreal-Forest-Fire-Subset-A/Evo-Images/evoDJI_0009_frame281.jpg,evo,evo_evodji_0009,281,val,1
/workspace/Boreal-Forest-Fire/Boreal-Forest-Fire-Subset-A/Evo-Images/evoDJI_0009_frame282.jpg,evo,evo_evodji_0009,282,val,1
/workspace/Boreal-Forest-Fire/Boreal-Forest-Fire-Subset-A/Evo-Images/evoDJI_0009_frame283.jpg,evo,evo_evodji_0009,283,val,1
/workspace/Boreal-Forest-Fire/Boreal-Forest-Fire-Subset-A/Evo-Images/evoDJI_0009_frame284.jpg,evo,evo_evodji_0009,284,val,1
/workspace/Boreal-Forest-Fire/Boreal-Forest-Fire-Subset-A/Evo-Images/evoDJI_0009_frame285.jpg,evo,evo_evodji_0009,285,val,1
/workspace/Boreal-Forest-Fire/Boreal-Forest-Fire-Subset-A/Evo-Images/evoDJI_0009_frame286.jpg,evo,evo_evodji_0009,286,val,1
/workspace/Boreal-Forest-Fire/Boreal-Forest-Fire-Subset-A/Evo-Images/evoDJI_0009_frame287.jpg,evo,evo_evodji_0009,287,val,1
/workspace/Boreal-Forest-Fire/Boreal-Forest-Fire-Subset-A/Evo-Images/evoDJI_0009_frame288.jpg,evo,evo_evodji_0009,288,val,1
/workspace/Boreal-Forest-Fire/Boreal-Forest-Fire-Subset-A/Evo-Images/evoDJI_0009_frame29.jpg,evo,evo_evodji_0009,29,val,1
/workspace/Boreal-Forest-Fire/Boreal-Forest-Fire-Subset-A/Evo-Images/evoDJI_0009_frame3.jpg,evo,evo_evodji_0009,3,val,1
/workspace/Boreal-Forest-Fire/Boreal-Forest-Fire-Subset-A/Evo-Images/evoDJI_0009_frame30.jpg,evo,evo_evodji_0009,30,val,1
/workspace/Boreal-Forest-Fire/Boreal-Forest-Fire-Subset-A/Evo-Images/evoDJI_0009_frame31.jpg,evo,evo_evodji_0009,31,val,1
/workspace/Boreal-Forest-Fire/Boreal-Forest-Fire-Subset-A/Evo-Images/evoDJI_0009_frame32.jpg,evo,evo_evodji_0009,32,val,1
/workspace/Boreal-Forest-Fire/Boreal-Forest-Fire-Subset-A/Evo-Images/evoDJI_0009_frame33.jpg,evo,evo_evodji_0009,33,val,1
/workspace/Boreal-Forest-Fire/Boreal-Forest-Fire-Subset-A/Evo-Images/evoDJI_0009_frame34.jpg,evo,evo_evodji_0009,34,val,1
/workspace/Boreal-Forest-Fire/Boreal-Forest-Fire-Subset-A/Evo-Images/evoDJI_0009_frame35.jpg,evo,evo_evodji_0009,35,val,1
/workspace/Boreal-Forest-Fire/Boreal-Forest-Fire-Subset-A/Evo-Images/evoDJI_0009_frame36.jpg,evo,evo_evodji_0009,36,val,1
/workspace/Boreal-Forest-Fire/Boreal-Forest-Fire-Subset-A/Evo-Images/evoDJI_0009_frame37.jpg,evo,evo_evodji_0009,37,val,1
/workspace/Boreal-Forest-Fire/Boreal-Forest-Fire-Subset-A/Evo-Images/evoDJI_0009_frame38.jpg,evo,evo_evodji_0009,38,val,1
/workspace/Boreal-Forest-Fire/Boreal-Forest-Fire-Subset-A/Evo-Images/evoDJI_0009_frame39.jpg,evo,evo_evodji_0009,39,val,1
/workspace/Boreal-Forest-Fire/Boreal-Forest-Fire-Subset-A/Evo-Images/evoDJI_0009_frame4.jpg,evo,evo_evodji_0009,4,val,1
/workspace/Boreal-Forest-Fire/Boreal-Forest-Fire-Subset-A/Evo-Images/evoDJI_0009_frame40.jpg,evo,evo_evodji_0009,40,val,1
/workspace/Boreal-Forest-Fire/Boreal-Forest-Fire-Subset-A/Evo-Images/evoDJI_0009_frame41.jpg,evo,evo_evodji_0009,41,val,1
/workspace/Boreal-Forest-Fire/Boreal-Forest-Fire-Subset-A/Evo-Images/evoDJI_0009_frame42.jpg,evo,evo_evodji_0009,42,val,1
/workspace/Boreal-Forest-Fire/Boreal-Forest-Fire-Subset-A/Evo-Images/evoDJI_0009_frame43.jpg,evo,evo_evodji_0009,43,val,1
/workspace/Boreal-Forest-Fire/Boreal-Forest-Fire-Subset-A/Evo-Images/evoDJI_0009_frame44.jpg,evo,evo_evodji_0009,44,val,1
/workspace/Boreal-Forest-Fire/Boreal-Forest-Fire-Subset-A/Evo-Images/evoDJI_0009_frame45.jpg,evo,evo_evodji_0009,45,val,1
/workspace/Boreal-Forest-Fire/Boreal-Forest-Fire-Subset-A/Evo-Images/evoDJI_0009_frame46.jpg,evo,evo_evodji_0009,46,val,1
/workspace/Boreal-Forest-Fire/Boreal-Forest-Fire-Subset-A/Evo-Images/evoDJI_0009_frame47.jpg,evo,evo_evodji_0009,47,val,1
/workspace/Boreal-Forest-Fire/Boreal-Forest-Fire-Subset-A/Evo-Images/evoDJI_0009_frame48.jpg,evo,evo_evodji_0009,48,val,1
/workspace/Boreal-Forest-Fire/Boreal-Forest-Fire-Subset-A/Evo-Images/evoDJI_0009_frame49.jpg,evo,evo_evodji_0009,49,val,1
/workspace/Boreal-Forest-Fire/Boreal-Forest-Fire-Subset-A/Evo-Images/evoDJI_0009_frame5.jpg,evo,evo_evodji_0009,5,val,1
/workspace/Boreal-Forest-Fire/Boreal-Forest-Fire-Subset-A/Evo-Images/evoDJI_0009_frame50.jpg,evo,evo_evodji_0009,50,val,1
/workspace/Boreal-Forest-Fire/Boreal-Forest-Fire-Subset-A/Evo-Images/evoDJI_0009_frame51.jpg,evo,evo_evodji_0009,51,val,1
/workspace/Boreal-Forest-Fire/Boreal-Forest-Fire-Subset-A/Evo-Images/evoDJI_0009_frame52.jpg,evo,evo_evodji_0009,52,val,1
/workspace/Boreal-Forest-Fire/Boreal-Forest-Fire-Subset-A/Evo-Images/evoDJI_0009_frame53.jpg,evo,evo_evodji_0009,53,val,1
/workspace/Boreal-Forest-Fire/Boreal-Forest-Fire-Subset-A/Evo-Images/evoDJI_0009_frame54.jpg,evo,evo_evodji_0009,54,val,1
/workspace/Boreal-Forest-Fire/Boreal-Forest-Fire-Subset-A/Evo-Images/evoDJI_0009_frame55.jpg,evo,evo_evodji_0009,55,val,1
/workspace/Boreal-Forest-Fire/Boreal-Forest-Fire-Subset-A/Evo-Images/evoDJI_0009_frame56.jpg,evo,evo_evodji_0009,56,val,1
/workspace/Boreal-Forest-Fire/Boreal-Forest-Fire-Subset-A/Evo-Images/evoDJI_0009_frame57.jpg,evo,evo_evodji_0009,57,val,1
/workspace/Boreal-Forest-Fire/Boreal-Forest-Fire-Subset-A/Evo-Images/evoDJI_0009_frame58.jpg,evo,evo_evodji_0009,58,val,1
/workspace/Boreal-Forest-Fire/Boreal-Forest-Fire-Subset-A/Evo-Images/evoDJI_0009_frame59.jpg,evo,evo_evodji_0009,59,val,1
/workspace/Boreal-Forest-Fire/Boreal-Forest-Fire-Subset-A/Evo-Images/evoDJI_0009_frame6.jpg,evo,evo_evodji_0009,6,val,1
/workspace/Boreal-Forest-Fire/Boreal-Forest-Fire-Subset-A/Evo-Images/evoDJI_0009_frame60.jpg,evo,evo_evodji_0009,60,val,1
/workspace/Boreal-Forest-Fire/Boreal-Forest-Fire-Subset-A/Evo-Images/evoDJI_0009_frame61.jpg,evo,evo_evodji_0009,61,val,1
/workspace/Boreal-Forest-Fire/Boreal-Forest-Fire-Subset-A/Evo-Images/evoDJI_0009_frame62.jpg,evo,evo_evodji_0009,62,val,1
/workspace/Boreal-Forest-Fire/Boreal-Forest-Fire-Subset-A/Evo-Images/evoDJI_0009_frame63.jpg,evo,evo_evodji_0009,63,val,1
/workspace/Boreal-Forest-Fire/Boreal-Forest-Fire-Subset-A/Evo-Images/evoDJI_0009_frame64.jpg,evo,evo_evodji_0009,64,val,1
/workspace/Boreal-Forest-Fire/Boreal-Forest-Fire-Subset-A/Evo-Images/evoDJI_0009_frame65.jpg,evo,evo_evodji_0009,65,val,1
/workspace/Boreal-Forest-Fire/Boreal-Forest-Fire-Subset-A/Evo-Images/evoDJI_0009_frame66.jpg,evo,evo_evodji_0009,66,val,1
/workspace/Boreal-Forest-Fire/Boreal-Forest-Fire-Subset-A/Evo-Images/evoDJI_0009_frame67.jpg,evo,evo_evodji_0009,67,val,1
/workspace/Boreal-Forest-Fire/Boreal-Forest-Fire-Subset-A/Evo-Images/evoDJI_0009_frame68.jpg,evo,evo_evodji_0009,68,val,1
/workspace/Boreal-Forest-Fire/Boreal-Forest-Fire-Subset-A/Evo-Images/evoDJI_0009_frame69.jpg,evo,evo_evodji_0009,69,val,1
/workspace/Boreal-Forest-Fire/Boreal-Forest-Fire-Subset-A/Evo-Images/evoDJI_0009_frame7.jpg,evo,evo_evodji_0009,7,val,1
/workspace/Boreal-Forest-Fire/Boreal-Forest-Fire-Subset-A/Evo-Images/evoDJI_0009_frame70.jpg,evo,evo_evodji_0009,70,val,1
/workspace/Boreal-Forest-Fire/Boreal-Forest-Fire-Subset-A/Evo-Images/evoDJI_0009_frame71.jpg,evo,evo_evodji_0009,71,val,1
/workspace/Boreal-Forest-Fire/Boreal-Forest-Fire-Subset-A/Evo-Images/evoDJI_0009_frame72.jpg,evo,evo_evodji_0009,72,val,1
/workspace/Boreal-Forest-Fire/Boreal-Forest-Fire-Subset-A/Evo-Images/evoDJI_0009_frame73.jpg,evo,evo_evodji_0009,73,val,1
/workspace/Boreal-Forest-Fire/Boreal-Forest-Fire-Subset-A/Evo-Images/evoDJI_0009_frame74.jpg,evo,evo_evodji_0009,74,val,1
/workspace/Boreal-Forest-Fire/Boreal-Forest-Fire-Subset-A/Evo-Images/evoDJI_0009_frame75.jpg,evo,evo_evodji_0009,75,val,1
/workspace/Boreal-Forest-Fire/Boreal-Forest-Fire-Subset-A/Evo-Images/evoDJI_0009_frame76.jpg,evo,evo_evodji_0009,76,val,1
/workspace/Boreal-Forest-Fire/Boreal-Forest-Fire-Subset-A/Evo-Images/evoDJI_0009_frame77.jpg,evo,evo_evodji_0009,77,val,1
/workspace/Boreal-Forest-Fire/Boreal-Forest-Fire-Subset-A/Evo-Images/evoDJI_0009_frame78.jpg,evo,evo_evodji_0009,78,val,1
/workspace/Boreal-Forest-Fire/Boreal-Forest-Fire-Subset-A/Evo-Images/evoDJI_0009_frame79.jpg,evo,evo_evodji_0009,79,val,1
/workspace/Boreal-Forest-Fire/Boreal-Forest-Fire-Subset-A/Evo-Images/evoDJI_0009_frame8.jpg,evo,evo_evodji_0009,8,val,1
/workspace/Boreal-Forest-Fire/Boreal-Forest-Fire-Subset-A/Evo-Images/evoDJI_0009_frame80.jpg,evo,evo_evodji_0009,80,val,1
/workspace/Boreal-Forest-Fire/Boreal-Forest-Fire-Subset-A/Evo-Images/evoDJI_0009_frame81.jpg,evo,evo_evodji_0009,81,val,1
/workspace/Boreal-Forest-Fire/Boreal-Forest-Fire-Subset-A/Evo-Images/evoDJI_0009_frame82.jpg,evo,evo_evodji_0009,82,val,1
/workspace/Boreal-Forest-Fire/Boreal-Forest-Fire-Subset-A/Evo-Images/evoDJI_0009_frame83.jpg,evo,evo_evodji_0009,83,val,1
/workspace/Boreal-Forest-Fire/Boreal-Forest-Fire-Subset-A/Evo-Images/evoDJI_0009_frame84.jpg,evo,evo_evodji_0009,84,val,1
/workspace/Boreal-Forest-Fire/Boreal-Forest-Fire-Subset-A/Evo-Images/evoDJI_0009_frame85.jpg,evo,evo_evodji_0009,85,val,1
/workspace/Boreal-Forest-Fire/Boreal-Forest-Fire-Subset-A/Evo-Images/evoDJI_0009_frame86.jpg,evo,evo_evodji_0009,86,val,1
/workspace/Boreal-Forest-Fire/Boreal-Forest-Fire-Subset-A/Evo-Images/evoDJI_0009_frame87.jpg,evo,evo_evodji_0009,87,val,1
/workspace/Boreal-Forest-Fire/Boreal-Forest-Fire-Subset-A/Evo-Images/evoDJI_0009_frame88.jpg,evo,evo_evodji_0009,88,val,1
/workspace/Boreal-Forest-Fire/Boreal-Forest-Fire-Subset-A/Evo-Images/evoDJI_0009_frame89.jpg,evo,evo_evodji_0009,89,val,1
/workspace/Boreal-Forest-Fire/Boreal-Forest-Fire-Subset-A/Evo-Images/evoDJI_0009_frame9.jpg,evo,evo_evodji_0009,9,val,1
/workspace/Boreal-Forest-Fire/Boreal-Forest-Fire-Subset-A/Evo-Images/evoDJI_0009_frame90.jpg,evo,evo_evodji_0009,90,val,1
/workspace/Boreal-Forest-Fire/Boreal-Forest-Fire-Subset-A/Evo-Images/evoDJI_0009_frame91.jpg,evo,evo_evodji_0009,91,val,1
/workspace/Boreal-Forest-Fire/Boreal-Forest-Fire-Subset-A/Evo-Images/evoDJI_0009_frame92.jpg,evo,evo_evodji_0009,92,val,1
/workspace/Boreal-Forest-Fire/Boreal-Forest-Fire-Subset-A/Evo-Images/evoDJI_0009_frame93.jpg,evo,evo_evodji_0009,93,val,1
/workspace/Boreal-Forest-Fire/Boreal-Forest-Fire-Subset-A/Evo-Images/evoDJI_0009_frame94.jpg,evo,evo_evodji_0009,94,val,1
/workspace/Boreal-Forest-Fire/Boreal-Forest-Fire-Subset-A/Evo-Images/evoDJI_0009_frame95.jpg,evo,evo_evodji_0009,95,val,1
/workspace/Boreal-Forest-Fire/Boreal-Forest-Fire-Subset-A/Evo-Images/evoDJI_0009_frame96.jpg,evo,evo_evodji_0009,96,val,1
/workspace/Boreal-Forest-Fire/Boreal-Forest-Fire-Subset-A/Evo-Images/evoDJI_0009_frame97.jpg,evo,evo_evodji_0009,97,val,1
/workspace/Boreal-Forest-Fire/Boreal-Forest-Fire-Subset-A/Evo-Images/evoDJI_0009_frame98.jpg,evo,evo_evodji_0009,98,val,1
/workspace/Boreal-Forest-Fire/Boreal-Forest-Fire-Subset-A/Evo-Images/evoDJI_0009_frame99.jpg,evo,evo_evodji_0009,99,val,1
/workspace/Boreal-Forest-Fire/Boreal-Forest-Fire-Subset-A/Heinola-Images/heinola_DJI_0025_frame1.jpg,heinola,heinola_dji_0025,1,test,1
/workspace/Boreal-Forest-Fire/Boreal-Forest-Fire-Subset-A/Heinola-Images/heinola_DJI_0025_frame10.jpg,heinola,heinola_dji_0025,10,test,1
/workspace/Boreal-Forest-Fire/Boreal-Forest-Fire-Subset-A/Heinola-Images/heinola_DJI_0025_frame100.jpg,heinola,heinola_dji_0025,100,test,1
/workspace/Boreal-Forest-Fire/Boreal-Forest-Fire-Subset-A/Heinola-Images/heinola_DJI_0025_frame101.jpg,heinola,heinola_dji_0025,101,test,1
/workspace/Boreal-Forest-Fire/Boreal-Forest-Fire-Subset-A/Heinola-Images/heinola_DJI_0025_frame102.jpg,heinola,heinola_dji_0025,102,test,1
/workspace/Boreal-Forest-Fire/Boreal-Forest-Fire-Subset-A/Heinola-Images/heinola_DJI_0025_frame103.jpg,heinola,heinola_dji_0025,103,test,1
/workspace/Boreal-Forest-Fire/Boreal-Forest-Fire-Subset-A/Heinola-Images/heinola_DJI_0025_frame104.jpg,heinola,heinola_dji_0025,104,test,1
/workspace/Boreal-Forest-Fire/Boreal-Forest-Fire-Subset-A/Heinola-Images/heinola_DJI_0025_frame105.jpg,heinola,heinola_dji_0025,105,test,1
/workspace/Boreal-Forest-Fire/Boreal-Forest-Fire-Subset-A/Heinola-Images/heinola_DJI_0025_frame106.jpg,heinola,heinola_dji_0025,106,test,1
/workspace/Boreal-Forest-Fire/Boreal-Forest-Fire-Subset-A/Heinola-Images/heinola_DJI_0025_frame107.jpg,heinola,heinola_dji_0025,107,test,1
/workspace/Boreal-Forest-Fire/Boreal-Forest-Fire-Subset-A/Heinola-Images/heinola_DJI_0025_frame108.jpg,heinola,heinola_dji_0025,108,test,1
/workspace/Boreal-Forest-Fire/Boreal-Forest-Fire-Subset-A/Heinola-Images/heinola_DJI_0025_frame109.jpg,heinola,heinola_dji_0025,109,test,1
/workspace/Boreal-Forest-Fire/Boreal-Forest-Fire-Subset-A/Heinola-Images/heinola_DJI_0025_frame11.jpg,heinola,heinola_dji_0025,11,test,1
/workspace/Boreal-Forest-Fire/Boreal-Forest-Fire-Subset-A/Heinola-Images/heinola_DJI_0025_frame110.jpg,heinola,heinola_dji_0025,110,test,1
/workspace/Boreal-Forest-Fire/Boreal-Forest-Fire-Subset-A/Heinola-Images/heinola_DJI_0025_frame111.jpg,heinola,heinola_dji_0025,111,test,1
/workspace/Boreal-Forest-Fire/Boreal-Forest-Fire-Subset-A/Heinola-Images/heinola_DJI_0025_frame112.jpg,heinola,heinola_dji_0025,112,test,1
/workspace/Boreal-Forest-Fire/Boreal-Forest-Fire-Subset-A/Heinola-Images/heinola_DJI_0025_frame113.jpg,heinola,heinola_dji_0025,113,test,1
/workspace/Boreal-Forest-Fire/Boreal-Forest-Fire-Subset-A/Heinola-Images/heinola_DJI_0025_frame114.jpg,heinola,heinola_dji_0025,114,test,1
/workspace/Boreal-Forest-Fire/Boreal-Forest-Fire-Subset-A/Heinola-Images/heinola_DJI_0025_frame115.jpg,heinola,heinola_dji_0025,115,test,1
/workspace/Boreal-Forest-Fire/Boreal-Forest-Fire-Subset-A/Heinola-Images/heinola_DJI_0025_frame116.jpg,heinola,heinola_dji_0025,116,test,1
/workspace/Boreal-Forest-Fire/Boreal-Forest-Fire-Subset-A/Heinola-Images/heinola_DJI_0025_frame117.jpg,heinola,heinola_dji_0025,117,test,1
/workspace/Boreal-Forest-Fire/Boreal-Forest-Fire-Subset-A/Heinola-Images/heinola_DJI_0025_frame118.jpg,heinola,heinola_dji_0025,118,test,1
/workspace/Boreal-Forest-Fire/Boreal-Forest-Fire-Subset-A/Heinola-Images/heinola_DJI_0025_frame119.jpg,heinola,heinola_dji_0025,119,test,1
/workspace/Boreal-Forest-Fire/Boreal-Forest-Fire-Subset-A/Heinola-Images/heinola_DJI_0025_frame12.jpg,heinola,heinola_dji_0025,12,test,1
/workspace/Boreal-Forest-Fire/Boreal-Forest-Fire-Subset-A/Heinola-Images/heinola_DJI_0025_frame120.jpg,heinola,heinola_dji_0025,120,test,1
/workspace/Boreal-Forest-Fire/Boreal-Forest-Fire-Subset-A/Heinola-Images/heinola_DJI_0025_frame121.jpg,heinola,heinola_dji_0025,121,test,1
/workspace/Boreal-Forest-Fire/Boreal-Forest-Fire-Subset-A/Heinola-Images/heinola_DJI_0025_frame122.jpg,heinola,heinola_dji_0025,122,test,1
/workspace/Boreal-Forest-Fire/Boreal-Forest-Fire-Subset-A/Heinola-Images/heinola_DJI_0025_frame123.jpg,heinola,heinola_dji_0025,123,test,1
/workspace/Boreal-Forest-Fire/Boreal-Forest-Fire-Subset-A/Heinola-Images/heinola_DJI_0025_frame124.jpg,heinola,heinola_dji_0025,124,test,1
/workspace/Boreal-Forest-Fire/Boreal-Forest-Fire-Subset-A/Heinola-Images/heinola_DJI_0025_frame125.jpg,heinola,heinola_dji_0025,125,test,1
/workspace/Boreal-Forest-Fire/Boreal-Forest-Fire-Subset-A/Heinola-Images/heinola_DJI_0025_frame126.jpg,heinola,heinola_dji_0025,126,test,1
/workspace/Boreal-Forest-Fire/Boreal-Forest-Fire-Subset-A/Heinola-Images/heinola_DJI_0025_frame127.jpg,heinola,heinola_dji_0025,127,test,1
/workspace/Boreal-Forest-Fire/Boreal-Forest-Fire-Subset-A/Heinola-Images/heinola_DJI_0025_frame128.jpg,heinola,heinola_dji_0025,128,test,1
/workspace/Boreal-Forest-Fire/Boreal-Forest-Fire-Subset-A/Heinola-Images/heinola_DJI_0025_frame129.jpg,heinola,heinola_dji_0025,129,test,1
/workspace/Boreal-Forest-Fire/Boreal-Forest-Fire-Subset-A/Heinola-Images/heinola_DJI_0025_frame13.jpg,heinola,heinola_dji_0025,13,test,1
/workspace/Boreal-Forest-Fire/Boreal-Forest-Fire-Subset-A/Heinola-Images/heinola_DJI_0025_frame130.jpg,heinola,heinola_dji_0025,130,test,1
/workspace/Boreal-Forest-Fire/Boreal-Forest-Fire-Subset-A/Heinola-Images/heinola_DJI_0025_frame131.jpg,heinola,heinola_dji_0025,131,test,1
/workspace/Boreal-Forest-Fire/Boreal-Forest-Fire-Subset-A/Heinola-Images/heinola_DJI_0025_frame132.jpg,heinola,heinola_dji_0025,132,test,1
/workspace/Boreal-Forest-Fire/Boreal-Forest-Fire-Subset-A/Heinola-Images/heinola_DJI_0025_frame133.jpg,heinola,heinola_dji_0025,133,test,1
/workspace/Boreal-Forest-Fire/Boreal-Forest-Fire-Subset-A/Heinola-Images/heinola_DJI_0025_frame134.jpg,heinola,heinola_dji_0025,134,test,1
/workspace/Boreal-Forest-Fire/Boreal-Forest-Fire-Subset-A/Heinola-Images/heinola_DJI_0025_frame135.jpg,heinola,heinola_dji_0025,135,test,1
/workspace/Boreal-Forest-Fire/Boreal-Forest-Fire-Subset-A/Heinola-Images/heinola_DJI_0025_frame136.jpg,heinola,heinola_dji_0025,136,test,1
/workspace/Boreal-Forest-Fire/Boreal-Forest-Fire-Subset-A/Heinola-Images/heinola_DJI_0025_frame137.jpg,heinola,heinola_dji_0025,137,test,1
/workspace/Boreal-Forest-Fire/Boreal-Forest-Fire-Subset-A/Heinola-Images/heinola_DJI_0025_frame138.jpg,heinola,heinola_dji_0025,138,test,1
/workspace/Boreal-Forest-Fire/Boreal-Forest-Fire-Subset-A/Heinola-Images/heinola_DJI_0025_frame139.jpg,heinola,heinola_dji_0025,139,test,1
/workspace/Boreal-Forest-Fire/Boreal-Forest-Fire-Subset-A/Heinola-Images/heinola_DJI_0025_frame14.jpg,heinola,heinola_dji_0025,14,test,1
/workspace/Boreal-Forest-Fire/Boreal-Forest-Fire-Subset-A/Heinola-Images/heinola_DJI_0025_frame140.jpg,heinola,heinola_dji_0025,140,test,1
/workspace/Boreal-Forest-Fire/Boreal-Forest-Fire-Subset-A/Heinola-Images/heinola_DJI_0025_frame141.jpg,heinola,heinola_dji_0025,141,test,1
/workspace/Boreal-Forest-Fire/Boreal-Forest-Fire-Subset-A/Heinola-Images/heinola_DJI_0025_frame142.jpg,heinola,heinola_dji_0025,142,test,1
/workspace/Boreal-Forest-Fire/Boreal-Forest-Fire-Subset-A/Heinola-Images/heinola_DJI_0025_frame143.jpg,heinola,heinola_dji_0025,143,test,1
/workspace/Boreal-Forest-Fire/Boreal-Forest-Fire-Subset-A/Heinola-Images/heinola_DJI_0025_frame144.jpg,heinola,heinola_dji_0025,144,test,1
/workspace/Boreal-Forest-Fire/Boreal-Forest-Fire-Subset-A/Heinola-Images/heinola_DJI_0025_frame145.jpg,heinola,heinola_dji_0025,145,test,1
/workspace/Boreal-Forest-Fire/Boreal-Forest-Fire-Subset-A/Heinola-Images/heinola_DJI_0025_frame146.jpg,heinola,heinola_dji_0025,146,test,1
/workspace/Boreal-Forest-Fire/Boreal-Forest-Fire-Subset-A/Heinola-Images/heinola_DJI_0025_frame147.jpg,heinola,heinola_dji_0025,147,test,1
/workspace/Boreal-Forest-Fire/Boreal-Forest-Fire-Subset-A/Heinola-Images/heinola_DJI_0025_frame148.jpg,heinola,heinola_dji_0025,148,test,1
/workspace/Boreal-Forest-Fire/Boreal-Forest-Fire-Subset-A/Heinola-Images/heinola_DJI_0025_frame149.jpg,heinola,heinola_dji_0025,149,test,1
/workspace/Boreal-Forest-Fire/Boreal-Forest-Fire-Subset-A/Heinola-Images/heinola_DJI_0025_frame15.jpg,heinola,heinola_dji_0025,15,test,1
/workspace/Boreal-Forest-Fire/Boreal-Forest-Fire-Subset-A/Heinola-Images/heinola_DJI_0025_frame150.jpg,heinola,heinola_dji_0025,150,test,1
/workspace/Boreal-Forest-Fire/Boreal-Forest-Fire-Subset-A/Heinola-Images/heinola_DJI_0025_frame151.jpg,heinola,heinola_dji_0025,151,test,1
/workspace/Boreal-Forest-Fire/Boreal-Forest-Fire-Subset-A/Heinola-Images/heinola_DJI_0025_frame152.jpg,heinola,heinola_dji_0025,152,test,1
/workspace/Boreal-Forest-Fire/Boreal-Forest-Fire-Subset-A/Heinola-Images/heinola_DJI_0025_frame153.jpg,heinola,heinola_dji_0025,153,test,1
/workspace/Boreal-Forest-Fire/Boreal-Forest-Fire-Subset-A/Heinola-Images/heinola_DJI_0025_frame154.jpg,heinola,heinola_dji_0025,154,test,1
/workspace/Boreal-Forest-Fire/Boreal-Forest-Fire-Subset-A/Heinola-Images/heinola_DJI_0025_frame155.jpg,heinola,heinola_dji_0025,155,test,1
/workspace/Boreal-Forest-Fire/Boreal-Forest-Fire-Subset-A/Heinola-Images/heinola_DJI_0025_frame156.jpg,heinola,heinola_dji_0025,156,test,1
/workspace/Boreal-Forest-Fire/Boreal-Forest-Fire-Subset-A/Heinola-Images/heinola_DJI_0025_frame157.jpg,heinola,heinola_dji_0025,157,test,1
/workspace/Boreal-Forest-Fire/Boreal-Forest-Fire-Subset-A/Heinola-Images/heinola_DJI_0025_frame158.jpg,heinola,heinola_dji_0025,158,test,1
/workspace/Boreal-Forest-Fire/Boreal-Forest-Fire-Subset-A/Heinola-Images/heinola_DJI_0025_frame159.jpg,heinola,heinola_dji_0025,159,test,1
/workspace/Boreal-Forest-Fire/Boreal-Forest-Fire-Subset-A/Heinola-Images/heinola_DJI_0025_frame16.jpg,heinola,heinola_dji_0025,16,test,1
/workspace/Boreal-Forest-Fire/Boreal-Forest-Fire-Subset-A/Heinola-Images/heinola_DJI_0025_frame160.jpg,heinola,heinola_dji_0025,160,test,1
/workspace/Boreal-Forest-Fire/Boreal-Forest-Fire-Subset-A/Heinola-Images/heinola_DJI_0025_frame161.jpg,heinola,heinola_dji_0025,161,test,1
/workspace/Boreal-Forest-Fire/Boreal-Forest-Fire-Subset-A/Heinola-Images/heinola_DJI_0025_frame162.jpg,heinola,heinola_dji_0025,162,test,1
/workspace/Boreal-Forest-Fire/Boreal-Forest-Fire-Subset-A/Heinola-Images/heinola_DJI_0025_frame163.jpg,heinola,heinola_dji_0025,163,test,1
/workspace/Boreal-Forest-Fire/Boreal-Forest-Fire-Subset-A/Heinola-Images/heinola_DJI_0025_frame164.jpg,heinola,heinola_dji_0025,164,test,1
/workspace/Boreal-Forest-Fire/Boreal-Forest-Fire-Subset-A/Heinola-Images/heinola_DJI_0025_frame165.jpg,heinola,heinola_dji_0025,165,test,1
/workspace/Boreal-Forest-Fire/Boreal-Forest-Fire-Subset-A/Heinola-Images/heinola_DJI_0025_frame166.jpg,heinola,heinola_dji_0025,166,test,1
/workspace/Boreal-Forest-Fire/Boreal-Forest-Fire-Subset-A/Heinola-Images/heinola_DJI_0025_frame167.jpg,heinola,heinola_dji_0025,167,test,1
/workspace/Boreal-Forest-Fire/Boreal-Forest-Fire-Subset-A/Heinola-Images/heinola_DJI_0025_frame168.jpg,heinola,heinola_dji_0025,168,test,1
/workspace/Boreal-Forest-Fire/Boreal-Forest-Fire-Subset-A/Heinola-Images/heinola_DJI_0025_frame169.jpg,heinola,heinola_dji_0025,169,test,1
/workspace/Boreal-Forest-Fire/Boreal-Forest-Fire-Subset-A/Heinola-Images/heinola_DJI_0025_frame17.jpg,heinola,heinola_dji_0025,17,test,1
/workspace/Boreal-Forest-Fire/Boreal-Forest-Fire-Subset-A/Heinola-Images/heinola_DJI_0025_frame170.jpg,heinola,heinola_dji_0025,170,test,1
/workspace/Boreal-Forest-Fire/Boreal-Forest-Fire-Subset-A/Heinola-Images/heinola_DJI_0025_frame171.jpg,heinola,heinola_dji_0025,171,test,1
/workspace/Boreal-Forest-Fire/Boreal-Forest-Fire-Subset-A/Heinola-Images/heinola_DJI_0025_frame172.jpg,heinola,heinola_dji_0025,172,test,1
/workspace/Boreal-Forest-Fire/Boreal-Forest-Fire-Subset-A/Heinola-Images/heinola_DJI_0025_frame173.jpg,heinola,heinola_dji_0025,173,test,1
/workspace/Boreal-Forest-Fire/Boreal-Forest-Fire-Subset-A/Heinola-Images/heinola_DJI_0025_frame174.jpg,heinola,heinola_dji_0025,174,test,1
/workspace/Boreal-Forest-Fire/Boreal-Forest-Fire-Subset-A/Heinola-Images/heinola_DJI_0025_frame175.jpg,heinola,heinola_dji_0025,175,test,1
/workspace/Boreal-Forest-Fire/Boreal-Forest-Fire-Subset-A/Heinola-Images/heinola_DJI_0025_frame176.jpg,heinola,heinola_dji_0025,176,test,1
/workspace/Boreal-Forest-Fire/Boreal-Forest-Fire-Subset-A/Heinola-Images/heinola_DJI_0025_frame177.jpg,heinola,heinola_dji_0025,177,test,1
/workspace/Boreal-Forest-Fire/Boreal-Forest-Fire-Subset-A/Heinola-Images/heinola_DJI_0025_frame178.jpg,heinola,heinola_dji_0025,178,test,1
/workspace/Boreal-Forest-Fire/Boreal-Forest-Fire-Subset-A/Heinola-Images/heinola_DJI_0025_frame179.jpg,heinola,heinola_dji_0025,179,test,1
/workspace/Boreal-Forest-Fire/Boreal-Forest-Fire-Subset-A/Heinola-Images/heinola_DJI_0025_frame18.jpg,heinola,heinola_dji_0025,18,test,1
/workspace/Boreal-Forest-Fire/Boreal-Forest-Fire-Subset-A/Heinola-Images/heinola_DJI_0025_frame180.jpg,heinola,heinola_dji_0025,180,test,1
/workspace/Boreal-Forest-Fire/Boreal-Forest-Fire-Subset-A/Heinola-Images/heinola_DJI_0025_frame181.jpg,heinola,heinola_dji_0025,181,test,1
/workspace/Boreal-Forest-Fire/Boreal-Forest-Fire-Subset-A/Heinola-Images/heinola_DJI_0025_frame182.jpg,heinola,heinola_dji_0025,182,test,1
/workspace/Boreal-Forest-Fire/Boreal-Forest-Fire-Subset-A/Heinola-Images/heinola_DJI_0025_frame183.jpg,heinola,heinola_dji_0025,183,test,1
/workspace/Boreal-Forest-Fire/Boreal-Forest-Fire-Subset-A/Heinola-Images/heinola_DJI_0025_frame184.jpg,heinola,heinola_dji_0025,184,test,1
/workspace/Boreal-Forest-Fire/Boreal-Forest-Fire-Subset-A/Heinola-Images/heinola_DJI_0025_frame185.jpg,heinola,heinola_dji_0025,185,test,1
/workspace/Boreal-Forest-Fire/Boreal-Forest-Fire-Subset-A/Heinola-Images/heinola_DJI_0025_frame186.jpg,heinola,heinola_dji_0025,186,test,1
/workspace/Boreal-Forest-Fire/Boreal-Forest-Fire-Subset-A/Heinola-Images/heinola_DJI_0025_frame187.jpg,heinola,heinola_dji_0025,187,test,1
/workspace/Boreal-Forest-Fire/Boreal-Forest-Fire-Subset-A/Heinola-Images/heinola_DJI_0025_frame188.jpg,heinola,heinola_dji_0025,188,test,1
/workspace/Boreal-Forest-Fire/Boreal-Forest-Fire-Subset-A/Heinola-Images/heinola_DJI_0025_frame189.jpg,heinola,heinola_dji_0025,189,test,1
/workspace/Boreal-Forest-Fire/Boreal-Forest-Fire-Subset-A/Heinola-Images/heinola_DJI_0025_frame19.jpg,heinola,heinola_dji_0025,19,test,1
/workspace/Boreal-Forest-Fire/Boreal-Forest-Fire-Subset-A/Heinola-Images/heinola_DJI_0025_frame190.jpg,heinola,heinola_dji_0025,190,test,1
/workspace/Boreal-Forest-Fire/Boreal-Forest-Fire-Subset-A/Heinola-Images/heinola_DJI_0025_frame191.jpg,heinola,heinola_dji_0025,191,test,1
/workspace/Boreal-Forest-Fire/Boreal-Forest-Fire-Subset-A/Heinola-Images/heinola_DJI_0025_frame192.jpg,heinola,heinola_dji_0025,192,test,1
/workspace/Boreal-Forest-Fire/Boreal-Forest-Fire-Subset-A/Heinola-Images/heinola_DJI_0025_frame193.jpg,heinola,heinola_dji_0025,193,test,1
/workspace/Boreal-Forest-Fire/Boreal-Forest-Fire-Subset-A/Heinola-Images/heinola_DJI_0025_frame194.jpg,heinola,heinola_dji_0025,194,test,1
/workspace/Boreal-Forest-Fire/Boreal-Forest-Fire-Subset-A/Heinola-Images/heinola_DJI_0025_frame195.jpg,heinola,heinola_dji_0025,195,test,1
/workspace/Boreal-Forest-Fire/Boreal-Forest-Fire-Subset-A/Heinola-Images/heinola_DJI_0025_frame196.jpg,heinola,heinola_dji_0025,196,test,1
/workspace/Boreal-Forest-Fire/Boreal-Forest-Fire-Subset-A/Heinola-Images/heinola_DJI_0025_frame197.jpg,heinola,heinola_dji_0025,197,test,1
/workspace/Boreal-Forest-Fire/Boreal-Forest-Fire-Subset-A/Heinola-Images/heinola_DJI_0025_frame198.jpg,heinola,heinola_dji_0025,198,test,1
/workspace/Boreal-Forest-Fire/Boreal-Forest-Fire-Subset-A/Heinola-Images/heinola_DJI_0025_frame199.jpg,heinola,heinola_dji_0025,199,test,1
/workspace/Boreal-Forest-Fire/Boreal-Forest-Fire-Subset-A/Heinola-Images/heinola_DJI_0025_frame2.jpg,heinola,heinola_dji_0025,2,test,1
/workspace/Boreal-Forest-Fire/Boreal-Forest-Fire-Subset-A/Heinola-Images/heinola_DJI_0025_frame20.jpg,heinola,heinola_dji_0025,20,test,1
/workspace/Boreal-Forest-Fire/Boreal-Forest-Fire-Subset-A/Heinola-Images/heinola_DJI_0025_frame200.jpg,heinola,heinola_dji_0025,200,test,1
/workspace/Boreal-Forest-Fire/Boreal-Forest-Fire-Subset-A/Heinola-Images/heinola_DJI_0025_frame201.jpg,heinola,heinola_dji_0025,201,test,1
/workspace/Boreal-Forest-Fire/Boreal-Forest-Fire-Subset-A/Heinola-Images/heinola_DJI_0025_frame21.jpg,heinola,heinola_dji_0025,21,test,1
/workspace/Boreal-Forest-Fire/Boreal-Forest-Fire-Subset-A/Heinola-Images/heinola_DJI_0025_frame22.jpg,heinola,heinola_dji_0025,22,test,1
/workspace/Boreal-Forest-Fire/Boreal-Forest-Fire-Subset-A/Heinola-Images/heinola_DJI_0025_frame23.jpg,heinola,heinola_dji_0025,23,test,1
/workspace/Boreal-Forest-Fire/Boreal-Forest-Fire-Subset-A/Heinola-Images/heinola_DJI_0025_frame24.jpg,heinola,heinola_dji_0025,24,test,1
/workspace/Boreal-Forest-Fire/Boreal-Forest-Fire-Subset-A/Heinola-Images/heinola_DJI_0025_frame25.jpg,heinola,heinola_dji_0025,25,test,1
/workspace/Boreal-Forest-Fire/Boreal-Forest-Fire-Subset-A/Heinola-Images/heinola_DJI_0025_frame26.jpg,heinola,heinola_dji_0025,26,test,1
/workspace/Boreal-Forest-Fire/Boreal-Forest-Fire-Subset-A/Heinola-Images/heinola_DJI_0025_frame27.jpg,heinola,heinola_dji_0025,27,test,1
/workspace/Boreal-Forest-Fire/Boreal-Forest-Fire-Subset-A/Heinola-Images/heinola_DJI_0025_frame28.jpg,heinola,heinola_dji_0025,28,test,1
/workspace/Boreal-Forest-Fire/Boreal-Forest-Fire-Subset-A/Heinola-Images/heinola_DJI_0025_frame29.jpg,heinola,heinola_dji_0025,29,test,1
/workspace/Boreal-Forest-Fire/Boreal-Forest-Fire-Subset-A/Heinola-Images/heinola_DJI_0025_frame3.jpg,heinola,heinola_dji_0025,3,test,1
/workspace/Boreal-Forest-Fire/Boreal-Forest-Fire-Subset-A/Heinola-Images/heinola_DJI_0025_frame30.jpg,heinola,heinola_dji_0025,30,test,1
/workspace/Boreal-Forest-Fire/Boreal-Forest-Fire-Subset-A/Heinola-Images/heinola_DJI_0025_frame31.jpg,heinola,heinola_dji_0025,31,test,1
/workspace/Boreal-Forest-Fire/Boreal-Forest-Fire-Subset-A/Heinola-Images/heinola_DJI_0025_frame32.jpg,heinola,heinola_dji_0025,32,test,1
/workspace/Boreal-Forest-Fire/Boreal-Forest-Fire-Subset-A/Heinola-Images/heinola_DJI_0025_frame33.jpg,heinola,heinola_dji_0025,33,test,1
/workspace/Boreal-Forest-Fire/Boreal-Forest-Fire-Subset-A/Heinola-Images/heinola_DJI_0025_frame34.jpg,heinola,heinola_dji_0025,34,test,1
/workspace/Boreal-Forest-Fire/Boreal-Forest-Fire-Subset-A/Heinola-Images/heinola_DJI_0025_frame35.jpg,heinola,heinola_dji_0025,35,test,1
/workspace/Boreal-Forest-Fire/Boreal-Forest-Fire-Subset-A/Heinola-Images/heinola_DJI_0025_frame36.jpg,heinola,heinola_dji_0025,36,test,1
/workspace/Boreal-Forest-Fire/Boreal-Forest-Fire-Subset-A/Heinola-Images/heinola_DJI_0025_frame37.jpg,heinola,heinola_dji_0025,37,test,1
/workspace/Boreal-Forest-Fire/Boreal-Forest-Fire-Subset-A/Heinola-Images/heinola_DJI_0025_frame38.jpg,heinola,heinola_dji_0025,38,test,1
/workspace/Boreal-Forest-Fire/Boreal-Forest-Fire-Subset-A/Heinola-Images/heinola_DJI_0025_frame39.jpg,heinola,heinola_dji_0025,39,test,1
/workspace/Boreal-Forest-Fire/Boreal-Forest-Fire-Subset-A/Heinola-Images/heinola_DJI_0025_frame4.jpg,heinola,heinola_dji_0025,4,test,1
/workspace/Boreal-Forest-Fire/Boreal-Forest-Fire-Subset-A/Heinola-Images/heinola_DJI_0025_frame40.jpg,heinola,heinola_dji_0025,40,test,1
/workspace/Boreal-Forest-Fire/Boreal-Forest-Fire-Subset-A/Heinola-Images/heinola_DJI_0025_frame41.jpg,heinola,heinola_dji_0025,41,test,1
/workspace/Boreal-Forest-Fire/Boreal-Forest-Fire-Subset-A/Heinola-Images/heinola_DJI_0025_frame42.jpg,heinola,heinola_dji_0025,42,test,1
/workspace/Boreal-Forest-Fire/Boreal-Forest-Fire-Subset-A/Heinola-Images/heinola_DJI_0025_frame43.jpg,heinola,heinola_dji_0025,43,test,1
/workspace/Boreal-Forest-Fire/Boreal-Forest-Fire-Subset-A/Heinola-Images/heinola_DJI_0025_frame44.jpg,heinola,heinola_dji_0025,44,test,1
/workspace/Boreal-Forest-Fire/Boreal-Forest-Fire-Subset-A/Heinola-Images/heinola_DJI_0025_frame45.jpg,heinola,heinola_dji_0025,45,test,1
/workspace/Boreal-Forest-Fire/Boreal-Forest-Fire-Subset-A/Heinola-Images/heinola_DJI_0025_frame46.jpg,heinola,heinola_dji_0025,46,test,1
/workspace/Boreal-Forest-Fire/Boreal-Forest-Fire-Subset-A/Heinola-Images/heinola_DJI_0025_frame47.jpg,heinola,heinola_dji_0025,47,test,1
/workspace/Boreal-Forest-Fire/Boreal-Forest-Fire-Subset-A/Heinola-Images/heinola_DJI_0025_frame48.jpg,heinola,heinola_dji_0025,48,test,1
/workspace/Boreal-Forest-Fire/Boreal-Forest-Fire-Subset-A/Heinola-Images/heinola_DJI_0025_frame49.jpg,heinola,heinola_dji_0025,49,test,1
/workspace/Boreal-Forest-Fire/Boreal-Forest-Fire-Subset-A/Heinola-Images/heinola_DJI_0025_frame5.jpg,heinola,heinola_dji_0025,5,test,1
/workspace/Boreal-Forest-Fire/Boreal-Forest-Fire-Subset-A/Heinola-Images/heinola_DJI_0025_frame50.jpg,heinola,heinola_dji_0025,50,test,1
/workspace/Boreal-Forest-Fire/Boreal-Forest-Fire-Subset-A/Heinola-Images/heinola_DJI_0025_frame51.jpg,heinola,heinola_dji_0025,51,test,1
/workspace/Boreal-Forest-Fire/Boreal-Forest-Fire-Subset-A/Heinola-Images/heinola_DJI_0025_frame52.jpg,heinola,heinola_dji_0025,52,test,1
/workspace/Boreal-Forest-Fire/Boreal-Forest-Fire-Subset-A/Heinola-Images/heinola_DJI_0025_frame53.jpg,heinola,heinola_dji_0025,53,test,1
/workspace/Boreal-Forest-Fire/Boreal-Forest-Fire-Subset-A/Heinola-Images/heinola_DJI_0025_frame54.jpg,heinola,heinola_dji_0025,54,test,1
/workspace/Boreal-Forest-Fire/Boreal-Forest-Fire-Subset-A/Heinola-Images/heinola_DJI_0025_frame55.jpg,heinola,heinola_dji_0025,55,test,1
/workspace/Boreal-Forest-Fire/Boreal-Forest-Fire-Subset-A/Heinola-Images/heinola_DJI_0025_frame56.jpg,heinola,heinola_dji_0025,56,test,1
/workspace/Boreal-Forest-Fire/Boreal-Forest-Fire-Subset-A/Heinola-Images/heinola_DJI_0025_frame57.jpg,heinola,heinola_dji_0025,57,test,1
/workspace/Boreal-Forest-Fire/Boreal-Forest-Fire-Subset-A/Heinola-Images/heinola_DJI_0025_frame58.jpg,heinola,heinola_dji_0025,58,test,1
/workspace/Boreal-Forest-Fire/Boreal-Forest-Fire-Subset-A/Heinola-Images/heinola_DJI_0025_frame59.jpg,heinola,heinola_dji_0025,59,test,1
/workspace/Boreal-Forest-Fire/Boreal-Forest-Fire-Subset-A/Heinola-Images/heinola_DJI_0025_frame6.jpg,heinola,heinola_dji_0025,6,test,1
/workspace/Boreal-Forest-Fire/Boreal-Forest-Fire-Subset-A/Heinola-Images/heinola_DJI_0025_frame60.jpg,heinola,heinola_dji_0025,60,test,1
/workspace/Boreal-Forest-Fire/Boreal-Forest-Fire-Subset-A/Heinola-Images/heinola_DJI_0025_frame61.jpg,heinola,heinola_dji_0025,61,test,1
/workspace/Boreal-Forest-Fire/Boreal-Forest-Fire-Subset-A/Heinola-Images/heinola_DJI_0025_frame62.jpg,heinola,heinola_dji_0025,62,test,1
/workspace/Boreal-Forest-Fire/Boreal-Forest-Fire-Subset-A/Heinola-Images/heinola_DJI_0025_frame63.jpg,heinola,heinola_dji_0025,63,test,1
/workspace/Boreal-Forest-Fire/Boreal-Forest-Fire-Subset-A/Heinola-Images/heinola_DJI_0025_frame64.jpg,heinola,heinola_dji_0025,64,test,1
/workspace/Boreal-Forest-Fire/Boreal-Forest-Fire-Subset-A/Heinola-Images/heinola_DJI_0025_frame65.jpg,heinola,heinola_dji_0025,65,test,1
/workspace/Boreal-Forest-Fire/Boreal-Forest-Fire-Subset-A/Heinola-Images/heinola_DJI_0025_frame66.jpg,heinola,heinola_dji_0025,66,test,1
/workspace/Boreal-Forest-Fire/Boreal-Forest-Fire-Subset-A/Heinola-Images/heinola_DJI_0025_frame67.jpg,heinola,heinola_dji_0025,67,test,1
/workspace/Boreal-Forest-Fire/Boreal-Forest-Fire-Subset-A/Heinola-Images/heinola_DJI_0025_frame68.jpg,heinola,heinola_dji_0025,68,test,1
/workspace/Boreal-Forest-Fire/Boreal-Forest-Fire-Subset-A/Heinola-Images/heinola_DJI_0025_frame69.jpg,heinola,heinola_dji_0025,69,test,1
/workspace/Boreal-Forest-Fire/Boreal-Forest-Fire-Subset-A/Heinola-Images/heinola_DJI_0025_frame7.jpg,heinola,heinola_dji_0025,7,test,1
/workspace/Boreal-Forest-Fire/Boreal-Forest-Fire-Subset-A/Heinola-Images/heinola_DJI_0025_frame70.jpg,heinola,heinola_dji_0025,70,test,1
/workspace/Boreal-Forest-Fire/Boreal-Forest-Fire-Subset-A/Heinola-Images/heinola_DJI_0025_frame71.jpg,heinola,heinola_dji_0025,71,test,1
/workspace/Boreal-Forest-Fire/Boreal-Forest-Fire-Subset-A/Heinola-Images/heinola_DJI_0025_frame72.jpg,heinola,heinola_dji_0025,72,test,1
/workspace/Boreal-Forest-Fire/Boreal-Forest-Fire-Subset-A/Heinola-Images/heinola_DJI_0025_frame73.jpg,heinola,heinola_dji_0025,73,test,1
/workspace/Boreal-Forest-Fire/Boreal-Forest-Fire-Subset-A/Heinola-Images/heinola_DJI_0025_frame74.jpg,heinola,heinola_dji_0025,74,test,1
/workspace/Boreal-Forest-Fire/Boreal-Forest-Fire-Subset-A/Heinola-Images/heinola_DJI_0025_frame75.jpg,heinola,heinola_dji_0025,75,test,1
/workspace/Boreal-Forest-Fire/Boreal-Forest-Fire-Subset-A/Heinola-Images/heinola_DJI_0025_frame76.jpg,heinola,heinola_dji_0025,76,test,1
/workspace/Boreal-Forest-Fire/Boreal-Forest-Fire-Subset-A/Heinola-Images/heinola_DJI_0025_frame77.jpg,heinola,heinola_dji_0025,77,test,1
/workspace/Boreal-Forest-Fire/Boreal-Forest-Fire-Subset-A/Heinola-Images/heinola_DJI_0025_frame78.jpg,heinola,heinola_dji_0025,78,test,1
/workspace/Boreal-Forest-Fire/Boreal-Forest-Fire-Subset-A/Heinola-Images/heinola_DJI_0025_frame79.jpg,heinola,heinola_dji_0025,79,test,1
/workspace/Boreal-Forest-Fire/Boreal-Forest-Fire-Subset-A/Heinola-Images/heinola_DJI_0025_frame8.jpg,heinola,heinola_dji_0025,8,test,1
/workspace/Boreal-Forest-Fire/Boreal-Forest-Fire-Subset-A/Heinola-Images/heinola_DJI_0025_frame80.jpg,heinola,heinola_dji_0025,80,test,1
/workspace/Boreal-Forest-Fire/Boreal-Forest-Fire-Subset-A/Heinola-Images/heinola_DJI_0025_frame81.jpg,heinola,heinola_dji_0025,81,test,1
/workspace/Boreal-Forest-Fire/Boreal-Forest-Fire-Subset-A/Heinola-Images/heinola_DJI_0025_frame82.jpg,heinola,heinola_dji_0025,82,test,1
/workspace/Boreal-Forest-Fire/Boreal-Forest-Fire-Subset-A/Heinola-Images/heinola_DJI_0025_frame83.jpg,heinola,heinola_dji_0025,83,test,1
/workspace/Boreal-Forest-Fire/Boreal-Forest-Fire-Subset-A/Heinola-Images/heinola_DJI_0025_frame84.jpg,heinola,heinola_dji_0025,84,test,1
/workspace/Boreal-Forest-Fire/Boreal-Forest-Fire-Subset-A/Heinola-Images/heinola_DJI_0025_frame85.jpg,heinola,heinola_dji_0025,85,test,1
/workspace/Boreal-Forest-Fire/Boreal-Forest-Fire-Subset-A/Heinola-Images/heinola_DJI_0025_frame86.jpg,heinola,heinola_dji_0025,86,test,1
/workspace/Boreal-Forest-Fire/Boreal-Forest-Fire-Subset-A/Heinola-Images/heinola_DJI_0025_frame87.jpg,heinola,heinola_dji_0025,87,test,1
/workspace/Boreal-Forest-Fire/Boreal-Forest-Fire-Subset-A/Heinola-Images/heinola_DJI_0025_frame88.jpg,heinola,heinola_dji_0025,88,test,1
/workspace/Boreal-Forest-Fire/Boreal-Forest-Fire-Subset-A/Heinola-Images/heinola_DJI_0025_frame89.jpg,heinola,heinola_dji_0025,89,test,1
/workspace/Boreal-Forest-Fire/Boreal-Forest-Fire-Subset-A/Heinola-Images/heinola_DJI_0025_frame9.jpg,heinola,heinola_dji_0025,9,test,1
/workspace/Boreal-Forest-Fire/Boreal-Forest-Fire-Subset-A/Heinola-Images/heinola_DJI_0025_frame90.jpg,heinola,heinola_dji_0025,90,test,1
/workspace/Boreal-Forest-Fire/Boreal-Forest-Fire-Subset-A/Heinola-Images/heinola_DJI_0025_frame91.jpg,heinola,heinola_dji_0025,91,test,1
/workspace/Boreal-Forest-Fire/Boreal-Forest-Fire-Subset-A/Heinola-Images/heinola_DJI_0025_frame92.jpg,heinola,heinola_dji_0025,92,test,1
/workspace/Boreal-Forest-Fire/Boreal-Forest-Fire-Subset-A/Heinola-Images/heinola_DJI_0025_frame93.jpg,heinola,heinola_dji_0025,93,test,1
/workspace/Boreal-Forest-Fire/Boreal-Forest-Fire-Subset-A/Heinola-Images/heinola_DJI_0025_frame94.jpg,heinola,heinola_dji_0025,94,test,1
/workspace/Boreal-Forest-Fire/Boreal-Forest-Fire-Subset-A/Heinola-Images/heinola_DJI_0025_frame95.jpg,heinola,heinola_dji_0025,95,test,1
/workspace/Boreal-Forest-Fire/Boreal-Forest-Fire-Subset-A/Heinola-Images/heinola_DJI_0025_frame96.jpg,heinola,heinola_dji_0025,96,test,1
/workspace/Boreal-Forest-Fire/Boreal-Forest-Fire-Subset-A/Heinola-Images/heinola_DJI_0025_frame97.jpg,heinola,heinola_dji_0025,97,test,1
/workspace/Boreal-Forest-Fire/Boreal-Forest-Fire-Subset-A/Heinola-Images/heinola_DJI_0025_frame98.jpg,heinola,heinola_dji_0025,98,test,1
/workspace/Boreal-Forest-Fire/Boreal-Forest-Fire-Subset-A/Heinola-Images/heinola_DJI_0025_frame99.jpg,heinola,heinola_dji_0025,99,test,1
/workspace/Boreal-Forest-Fire/Boreal-Forest-Fire-Subset-A/Heinola-Images/heinola_DJI_0028_frame15.jpg,heinola,heinola_dji_0028,15,train,1
/workspace/Boreal-Forest-Fire/Boreal-Forest-Fire-Subset-A/Heinola-Images/heinola_DJI_0028_frame153.jpg,heinola,heinola_dji_0028,153,train,1
/workspace/Boreal-Forest-Fire/Boreal-Forest-Fire-Subset-A/Heinola-Images/heinola_DJI_0028_frame154.jpg,heinola,heinola_dji_0028,154,train,1
/workspace/Boreal-Forest-Fire/Boreal-Forest-Fire-Subset-A/Heinola-Images/heinola_DJI_0028_frame155.jpg,heinola,heinola_dji_0028,155,train,1
/workspace/Boreal-Forest-Fire/Boreal-Forest-Fire-Subset-A/Heinola-Images/heinola_DJI_0028_frame156.jpg,heinola,heinola_dji_0028,156,train,1
/workspace/Boreal-Forest-Fire/Boreal-Forest-Fire-Subset-A/Heinola-Images/heinola_DJI_0028_frame157.jpg,heinola,heinola_dji_0028,157,train,1
/workspace/Boreal-Forest-Fire/Boreal-Forest-Fire-Subset-A/Heinola-Images/heinola_DJI_0028_frame158.jpg,heinola,heinola_dji_0028,158,train,1
/workspace/Boreal-Forest-Fire/Boreal-Forest-Fire-Subset-A/Heinola-Images/heinola_DJI_0028_frame159.jpg,heinola,heinola_dji_0028,159,train,1
/workspace/Boreal-Forest-Fire/Boreal-Forest-Fire-Subset-A/Heinola-Images/heinola_DJI_0028_frame16.jpg,heinola,heinola_dji_0028,16,train,1
/workspace/Boreal-Forest-Fire/Boreal-Forest-Fire-Subset-A/Heinola-Images/heinola_DJI_0028_frame160.jpg,heinola,heinola_dji_0028,160,train,1
/workspace/Boreal-Forest-Fire/Boreal-Forest-Fire-Subset-A/Heinola-Images/heinola_DJI_0028_frame161.jpg,heinola,heinola_dji_0028,161,train,1
/workspace/Boreal-Forest-Fire/Boreal-Forest-Fire-Subset-A/Heinola-Images/heinola_DJI_0028_frame162.jpg,heinola,heinola_dji_0028,162,train,1
/workspace/Boreal-Forest-Fire/Boreal-Forest-Fire-Subset-A/Heinola-Images/heinola_DJI_0028_frame163.jpg,heinola,heinola_dji_0028,163,train,1
/workspace/Boreal-Forest-Fire/Boreal-Forest-Fire-Subset-A/Heinola-Images/heinola_DJI_0028_frame164.jpg,heinola,heinola_dji_0028,164,train,1
/workspace/Boreal-Forest-Fire/Boreal-Forest-Fire-Subset-A/Heinola-Images/heinola_DJI_0028_frame165.jpg,heinola,heinola_dji_0028,165,train,1
/workspace/Boreal-Forest-Fire/Boreal-Forest-Fire-Subset-A/Heinola-Images/heinola_DJI_0028_frame166.jpg,heinola,heinola_dji_0028,166,train,1
/workspace/Boreal-Forest-Fire/Boreal-Forest-Fire-Subset-A/Heinola-Images/heinola_DJI_0028_frame167.jpg,heinola,heinola_dji_0028,167,train,1
/workspace/Boreal-Forest-Fire/Boreal-Forest-Fire-Subset-A/Heinola-Images/heinola_DJI_0028_frame168.jpg,heinola,heinola_dji_0028,168,train,1
/workspace/Boreal-Forest-Fire/Boreal-Forest-Fire-Subset-A/Heinola-Images/heinola_DJI_0028_frame169.jpg,heinola,heinola_dji_0028,169,train,1
/workspace/Boreal-Forest-Fire/Boreal-Forest-Fire-Subset-A/Heinola-Images/heinola_DJI_0028_frame17.jpg,heinola,heinola_dji_0028,17,train,1
/workspace/Boreal-Forest-Fire/Boreal-Forest-Fire-Subset-A/Heinola-Images/heinola_DJI_0028_frame170.jpg,heinola,heinola_dji_0028,170,train,1
/workspace/Boreal-Forest-Fire/Boreal-Forest-Fire-Subset-A/Heinola-Images/heinola_DJI_0028_frame171.jpg,heinola,heinola_dji_0028,171,train,1
/workspace/Boreal-Forest-Fire/Boreal-Forest-Fire-Subset-A/Heinola-Images/heinola_DJI_0028_frame172.jpg,heinola,heinola_dji_0028,172,train,1
/workspace/Boreal-Forest-Fire/Boreal-Forest-Fire-Subset-A/Heinola-Images/heinola_DJI_0028_frame173.jpg,heinola,heinola_dji_0028,173,train,1
/workspace/Boreal-Forest-Fire/Boreal-Forest-Fire-Subset-A/Heinola-Images/heinola_DJI_0028_frame174.jpg,heinola,heinola_dji_0028,174,train,1
/workspace/Boreal-Forest-Fire/Boreal-Forest-Fire-Subset-A/Heinola-Images/heinola_DJI_0028_frame175.jpg,heinola,heinola_dji_0028,175,train,1
/workspace/Boreal-Forest-Fire/Boreal-Forest-Fire-Subset-A/Heinola-Images/heinola_DJI_0028_frame176.jpg,heinola,heinola_dji_0028,176,train,1
/workspace/Boreal-Forest-Fire/Boreal-Forest-Fire-Subset-A/Heinola-Images/heinola_DJI_0028_frame177.jpg,heinola,heinola_dji_0028,177,train,1
/workspace/Boreal-Forest-Fire/Boreal-Forest-Fire-Subset-A/Heinola-Images/heinola_DJI_0028_frame178.jpg,heinola,heinola_dji_0028,178,train,1
/workspace/Boreal-Forest-Fire/Boreal-Forest-Fire-Subset-A/Heinola-Images/heinola_DJI_0028_frame179.jpg,heinola,heinola_dji_0028,179,train,1
/workspace/Boreal-Forest-Fire/Boreal-Forest-Fire-Subset-A/Heinola-Images/heinola_DJI_0028_frame18.jpg,heinola,heinola_dji_0028,18,train,1
/workspace/Boreal-Forest-Fire/Boreal-Forest-Fire-Subset-A/Heinola-Images/heinola_DJI_0028_frame180.jpg,heinola,heinola_dji_0028,180,train,1
/workspace/Boreal-Forest-Fire/Boreal-Forest-Fire-Subset-A/Heinola-Images/heinola_DJI_0028_frame181.jpg,heinola,heinola_dji_0028,181,train,1
/workspace/Boreal-Forest-Fire/Boreal-Forest-Fire-Subset-A/Heinola-Images/heinola_DJI_0028_frame182.jpg,heinola,heinola_dji_0028,182,train,1
/workspace/Boreal-Forest-Fire/Boreal-Forest-Fire-Subset-A/Heinola-Images/heinola_DJI_0028_frame183.jpg,heinola,heinola_dji_0028,183,train,1
/workspace/Boreal-Forest-Fire/Boreal-Forest-Fire-Subset-A/Heinola-Images/heinola_DJI_0028_frame184.jpg,heinola,heinola_dji_0028,184,train,1
/workspace/Boreal-Forest-Fire/Boreal-Forest-Fire-Subset-A/Heinola-Images/heinola_DJI_0028_frame185.jpg,heinola,heinola_dji_0028,185,train,1
/workspace/Boreal-Forest-Fire/Boreal-Forest-Fire-Subset-A/Heinola-Images/heinola_DJI_0028_frame186.jpg,heinola,heinola_dji_0028,186,train,1
/workspace/Boreal-Forest-Fire/Boreal-Forest-Fire-Subset-A/Heinola-Images/heinola_DJI_0028_frame187.jpg,heinola,heinola_dji_0028,187,train,1
/workspace/Boreal-Forest-Fire/Boreal-Forest-Fire-Subset-A/Heinola-Images/heinola_DJI_0028_frame19.jpg,heinola,heinola_dji_0028,19,train,1
/workspace/Boreal-Forest-Fire/Boreal-Forest-Fire-Subset-A/Heinola-Images/heinola_DJI_0028_frame20.jpg,heinola,heinola_dji_0028,20,train,1
/workspace/Boreal-Forest-Fire/Boreal-Forest-Fire-Subset-A/Heinola-Images/heinola_DJI_0028_frame21.jpg,heinola,heinola_dji_0028,21,train,1
/workspace/Boreal-Forest-Fire/Boreal-Forest-Fire-Subset-A/Heinola-Images/heinola_DJI_0028_frame22.jpg,heinola,heinola_dji_0028,22,train,1
/workspace/Boreal-Forest-Fire/Boreal-Forest-Fire-Subset-A/Heinola-Images/heinola_DJI_0028_frame23.jpg,heinola,heinola_dji_0028,23,train,1
/workspace/Boreal-Forest-Fire/Boreal-Forest-Fire-Subset-A/Heinola-Images/heinola_DJI_0028_frame24.jpg,heinola,heinola_dji_0028,24,train,1
/workspace/Boreal-Forest-Fire/Boreal-Forest-Fire-Subset-A/Heinola-Images/heinola_DJI_0028_frame244.jpg,heinola,heinola_dji_0028,244,train,1
/workspace/Boreal-Forest-Fire/Boreal-Forest-Fire-Subset-A/Heinola-Images/heinola_DJI_0028_frame245.jpg,heinola,heinola_dji_0028,245,train,1
/workspace/Boreal-Forest-Fire/Boreal-Forest-Fire-Subset-A/Heinola-Images/heinola_DJI_0028_frame246.jpg,heinola,heinola_dji_0028,246,train,1
/workspace/Boreal-Forest-Fire/Boreal-Forest-Fire-Subset-A/Heinola-Images/heinola_DJI_0028_frame247.jpg,heinola,heinola_dji_0028,247,train,1
/workspace/Boreal-Forest-Fire/Boreal-Forest-Fire-Subset-A/Heinola-Images/heinola_DJI_0028_frame248.jpg,heinola,heinola_dji_0028,248,train,1
/workspace/Boreal-Forest-Fire/Boreal-Forest-Fire-Subset-A/Heinola-Images/heinola_DJI_0028_frame249.jpg,heinola,heinola_dji_0028,249,train,1
/workspace/Boreal-Forest-Fire/Boreal-Forest-Fire-Subset-A/Heinola-Images/heinola_DJI_0028_frame25.jpg,heinola,heinola_dji_0028,25,train,1
/workspace/Boreal-Forest-Fire/Boreal-Forest-Fire-Subset-A/Heinola-Images/heinola_DJI_0028_frame250.jpg,heinola,heinola_dji_0028,250,train,1
/workspace/Boreal-Forest-Fire/Boreal-Forest-Fire-Subset-A/Heinola-Images/heinola_DJI_0028_frame251.jpg,heinola,heinola_dji_0028,251,train,1
/workspace/Boreal-Forest-Fire/Boreal-Forest-Fire-Subset-A/Heinola-Images/heinola_DJI_0028_frame252.jpg,heinola,heinola_dji_0028,252,train,1
/workspace/Boreal-Forest-Fire/Boreal-Forest-Fire-Subset-A/Heinola-Images/heinola_DJI_0028_frame253.jpg,heinola,heinola_dji_0028,253,train,1
/workspace/Boreal-Forest-Fire/Boreal-Forest-Fire-Subset-A/Heinola-Images/heinola_DJI_0028_frame254.jpg,heinola,heinola_dji_0028,254,train,1
/workspace/Boreal-Forest-Fire/Boreal-Forest-Fire-Subset-A/Heinola-Images/heinola_DJI_0028_frame255.jpg,heinola,heinola_dji_0028,255,train,1
/workspace/Boreal-Forest-Fire/Boreal-Forest-Fire-Subset-A/Heinola-Images/heinola_DJI_0028_frame256.jpg,heinola,heinola_dji_0028,256,train,1
/workspace/Boreal-Forest-Fire/Boreal-Forest-Fire-Subset-A/Heinola-Images/heinola_DJI_0028_frame257.jpg,heinola,heinola_dji_0028,257,train,1
/workspace/Boreal-Forest-Fire/Boreal-Forest-Fire-Subset-A/Heinola-Images/heinola_DJI_0028_frame258.jpg,heinola,heinola_dji_0028,258,train,1
/workspace/Boreal-Forest-Fire/Boreal-Forest-Fire-Subset-A/Heinola-Images/heinola_DJI_0028_frame259.jpg,heinola,heinola_dji_0028,259,train,1
/workspace/Boreal-Forest-Fire/Boreal-Forest-Fire-Subset-A/Heinola-Images/heinola_DJI_0028_frame26.jpg,heinola,heinola_dji_0028,26,train,1
/workspace/Boreal-Forest-Fire/Boreal-Forest-Fire-Subset-A/Heinola-Images/heinola_DJI_0028_frame260.jpg,heinola,heinola_dji_0028,260,train,1
/workspace/Boreal-Forest-Fire/Boreal-Forest-Fire-Subset-A/Heinola-Images/heinola_DJI_0028_frame261.jpg,heinola,heinola_dji_0028,261,train,1
/workspace/Boreal-Forest-Fire/Boreal-Forest-Fire-Subset-A/Heinola-Images/heinola_DJI_0028_frame262.jpg,heinola,heinola_dji_0028,262,train,1
/workspace/Boreal-Forest-Fire/Boreal-Forest-Fire-Subset-A/Heinola-Images/heinola_DJI_0028_frame263.jpg,heinola,heinola_dji_0028,263,train,1
/workspace/Boreal-Forest-Fire/Boreal-Forest-Fire-Subset-A/Heinola-Images/heinola_DJI_0028_frame264.jpg,heinola,heinola_dji_0028,264,train,1
/workspace/Boreal-Forest-Fire/Boreal-Forest-Fire-Subset-A/Heinola-Images/heinola_DJI_0028_frame265.jpg,heinola,heinola_dji_0028,265,train,1
/workspace/Boreal-Forest-Fire/Boreal-Forest-Fire-Subset-A/Heinola-Images/heinola_DJI_0028_frame266.jpg,heinola,heinola_dji_0028,266,train,1
/workspace/Boreal-Forest-Fire/Boreal-Forest-Fire-Subset-A/Heinola-Images/heinola_DJI_0028_frame267.jpg,heinola,heinola_dji_0028,267,train,1
/workspace/Boreal-Forest-Fire/Boreal-Forest-Fire-Subset-A/Heinola-Images/heinola_DJI_0028_frame268.jpg,heinola,heinola_dji_0028,268,train,1
/workspace/Boreal-Forest-Fire/Boreal-Forest-Fire-Subset-A/Heinola-Images/heinola_DJI_0028_frame269.jpg,heinola,heinola_dji_0028,269,train,1
/workspace/Boreal-Forest-Fire/Boreal-Forest-Fire-Subset-A/Heinola-Images/heinola_DJI_0028_frame27.jpg,heinola,heinola_dji_0028,27,train,1
/workspace/Boreal-Forest-Fire/Boreal-Forest-Fire-Subset-A/Heinola-Images/heinola_DJI_0028_frame270.jpg,heinola,heinola_dji_0028,270,train,1
/workspace/Boreal-Forest-Fire/Boreal-Forest-Fire-Subset-A/Heinola-Images/heinola_DJI_0028_frame271.jpg,heinola,heinola_dji_0028,271,train,1
/workspace/Boreal-Forest-Fire/Boreal-Forest-Fire-Subset-A/Heinola-Images/heinola_DJI_0028_frame272.jpg,heinola,heinola_dji_0028,272,train,1
/workspace/Boreal-Forest-Fire/Boreal-Forest-Fire-Subset-A/Heinola-Images/heinola_DJI_0028_frame273.jpg,heinola,heinola_dji_0028,273,train,1
/workspace/Boreal-Forest-Fire/Boreal-Forest-Fire-Subset-A/Heinola-Images/heinola_DJI_0028_frame274.jpg,heinola,heinola_dji_0028,274,train,1
/workspace/Boreal-Forest-Fire/Boreal-Forest-Fire-Subset-A/Heinola-Images/heinola_DJI_0028_frame275.jpg,heinola,heinola_dji_0028,275,train,1
/workspace/Boreal-Forest-Fire/Boreal-Forest-Fire-Subset-A/Heinola-Images/heinola_DJI_0028_frame276.jpg,heinola,heinola_dji_0028,276,train,1
/workspace/Boreal-Forest-Fire/Boreal-Forest-Fire-Subset-A/Heinola-Images/heinola_DJI_0028_frame277.jpg,heinola,heinola_dji_0028,277,train,1
/workspace/Boreal-Forest-Fire/Boreal-Forest-Fire-Subset-A/Heinola-Images/heinola_DJI_0028_frame278.jpg,heinola,heinola_dji_0028,278,train,1
/workspace/Boreal-Forest-Fire/Boreal-Forest-Fire-Subset-A/Heinola-Images/heinola_DJI_0028_frame279.jpg,heinola,heinola_dji_0028,279,train,1
/workspace/Boreal-Forest-Fire/Boreal-Forest-Fire-Subset-A/Heinola-Images/heinola_DJI_0028_frame28.jpg,heinola,heinola_dji_0028,28,train,1
/workspace/Boreal-Forest-Fire/Boreal-Forest-Fire-Subset-A/Heinola-Images/heinola_DJI_0028_frame280.jpg,heinola,heinola_dji_0028,280,train,1
/workspace/Boreal-Forest-Fire/Boreal-Forest-Fire-Subset-A/Heinola-Images/heinola_DJI_0028_frame281.jpg,heinola,heinola_dji_0028,281,train,1
/workspace/Boreal-Forest-Fire/Boreal-Forest-Fire-Subset-A/Heinola-Images/heinola_DJI_0028_frame282.jpg,heinola,heinola_dji_0028,282,train,1
/workspace/Boreal-Forest-Fire/Boreal-Forest-Fire-Subset-A/Heinola-Images/heinola_DJI_0028_frame283.jpg,heinola,heinola_dji_0028,283,train,1
/workspace/Boreal-Forest-Fire/Boreal-Forest-Fire-Subset-A/Heinola-Images/heinola_DJI_0028_frame284.jpg,heinola,heinola_dji_0028,284,train,1
/workspace/Boreal-Forest-Fire/Boreal-Forest-Fire-Subset-A/Heinola-Images/heinola_DJI_0028_frame285.jpg,heinola,heinola_dji_0028,285,train,1
/workspace/Boreal-Forest-Fire/Boreal-Forest-Fire-Subset-A/Heinola-Images/heinola_DJI_0028_frame286.jpg,heinola,heinola_dji_0028,286,train,1
/workspace/Boreal-Forest-Fire/Boreal-Forest-Fire-Subset-A/Heinola-Images/heinola_DJI_0028_frame287.jpg,heinola,heinola_dji_0028,287,train,1
/workspace/Boreal-Forest-Fire/Boreal-Forest-Fire-Subset-A/Heinola-Images/heinola_DJI_0028_frame288.jpg,heinola,heinola_dji_0028,288,train,1
/workspace/Boreal-Forest-Fire/Boreal-Forest-Fire-Subset-A/Heinola-Images/heinola_DJI_0028_frame289.jpg,heinola,heinola_dji_0028,289,train,1
/workspace/Boreal-Forest-Fire/Boreal-Forest-Fire-Subset-A/Heinola-Images/heinola_DJI_0028_frame29.jpg,heinola,heinola_dji_0028,29,train,1
/workspace/Boreal-Forest-Fire/Boreal-Forest-Fire-Subset-A/Heinola-Images/heinola_DJI_0028_frame290.jpg,heinola,heinola_dji_0028,290,train,1
/workspace/Boreal-Forest-Fire/Boreal-Forest-Fire-Subset-A/Heinola-Images/heinola_DJI_0028_frame291.jpg,heinola,heinola_dji_0028,291,train,1
/workspace/Boreal-Forest-Fire/Boreal-Forest-Fire-Subset-A/Heinola-Images/heinola_DJI_0028_frame292.jpg,heinola,heinola_dji_0028,292,train,1
/workspace/Boreal-Forest-Fire/Boreal-Forest-Fire-Subset-A/Heinola-Images/heinola_DJI_0028_frame293.jpg,heinola,heinola_dji_0028,293,train,1
/workspace/Boreal-Forest-Fire/Boreal-Forest-Fire-Subset-A/Heinola-Images/heinola_DJI_0028_frame294.jpg,heinola,heinola_dji_0028,294,train,1
/workspace/Boreal-Forest-Fire/Boreal-Forest-Fire-Subset-A/Heinola-Images/heinola_DJI_0028_frame295.jpg,heinola,heinola_dji_0028,295,train,1
/workspace/Boreal-Forest-Fire/Boreal-Forest-Fire-Subset-A/Heinola-Images/heinola_DJI_0028_frame296.jpg,heinola,heinola_dji_0028,296,train,1
/workspace/Boreal-Forest-Fire/Boreal-Forest-Fire-Subset-A/Heinola-Images/heinola_DJI_0028_frame297.jpg,heinola,heinola_dji_0028,297,train,1
/workspace/Boreal-Forest-Fire/Boreal-Forest-Fire-Subset-A/Heinola-Images/heinola_DJI_0028_frame298.jpg,heinola,heinola_dji_0028,298,train,1
/workspace/Boreal-Forest-Fire/Boreal-Forest-Fire-Subset-A/Heinola-Images/heinola_DJI_0028_frame299.jpg,heinola,heinola_dji_0028,299,train,1
/workspace/Boreal-Forest-Fire/Boreal-Forest-Fire-Subset-A/Heinola-Images/heinola_DJI_0028_frame30.jpg,heinola,heinola_dji_0028,30,train,1
/workspace/Boreal-Forest-Fire/Boreal-Forest-Fire-Subset-A/Heinola-Images/heinola_DJI_0028_frame300.jpg,heinola,heinola_dji_0028,300,train,1
/workspace/Boreal-Forest-Fire/Boreal-Forest-Fire-Subset-A/Heinola-Images/heinola_DJI_0028_frame301.jpg,heinola,heinola_dji_0028,301,train,1
/workspace/Boreal-Forest-Fire/Boreal-Forest-Fire-Subset-A/Heinola-Images/heinola_DJI_0028_frame302.jpg,heinola,heinola_dji_0028,302,train,1
/workspace/Boreal-Forest-Fire/Boreal-Forest-Fire-Subset-A/Heinola-Images/heinola_DJI_0028_frame303.jpg,heinola,heinola_dji_0028,303,train,1
/workspace/Boreal-Forest-Fire/Boreal-Forest-Fire-Subset-A/Heinola-Images/heinola_DJI_0028_frame304.jpg,heinola,heinola_dji_0028,304,train,1
/workspace/Boreal-Forest-Fire/Boreal-Forest-Fire-Subset-A/Heinola-Images/heinola_DJI_0028_frame305.jpg,heinola,heinola_dji_0028,305,train,1
/workspace/Boreal-Forest-Fire/Boreal-Forest-Fire-Subset-A/Heinola-Images/heinola_DJI_0028_frame306.jpg,heinola,heinola_dji_0028,306,train,1
/workspace/Boreal-Forest-Fire/Boreal-Forest-Fire-Subset-A/Heinola-Images/heinola_DJI_0028_frame307.jpg,heinola,heinola_dji_0028,307,train,1
/workspace/Boreal-Forest-Fire/Boreal-Forest-Fire-Subset-A/Heinola-Images/heinola_DJI_0028_frame308.jpg,heinola,heinola_dji_0028,308,train,1
/workspace/Boreal-Forest-Fire/Boreal-Forest-Fire-Subset-A/Heinola-Images/heinola_DJI_0028_frame309.jpg,heinola,heinola_dji_0028,309,train,1
/workspace/Boreal-Forest-Fire/Boreal-Forest-Fire-Subset-A/Heinola-Images/heinola_DJI_0028_frame31.jpg,heinola,heinola_dji_0028,31,train,1
/workspace/Boreal-Forest-Fire/Boreal-Forest-Fire-Subset-A/Heinola-Images/heinola_DJI_0028_frame310.jpg,heinola,heinola_dji_0028,310,train,1
/workspace/Boreal-Forest-Fire/Boreal-Forest-Fire-Subset-A/Heinola-Images/heinola_DJI_0028_frame311.jpg,heinola,heinola_dji_0028,311,train,1
/workspace/Boreal-Forest-Fire/Boreal-Forest-Fire-Subset-A/Heinola-Images/heinola_DJI_0028_frame312.jpg,heinola,heinola_dji_0028,312,train,1
/workspace/Boreal-Forest-Fire/Boreal-Forest-Fire-Subset-A/Heinola-Images/heinola_DJI_0028_frame313.jpg,heinola,heinola_dji_0028,313,train,1
/workspace/Boreal-Forest-Fire/Boreal-Forest-Fire-Subset-A/Heinola-Images/heinola_DJI_0028_frame314.jpg,heinola,heinola_dji_0028,314,train,1
/workspace/Boreal-Forest-Fire/Boreal-Forest-Fire-Subset-A/Heinola-Images/heinola_DJI_0028_frame315.jpg,heinola,heinola_dji_0028,315,train,1
/workspace/Boreal-Forest-Fire/Boreal-Forest-Fire-Subset-A/Heinola-Images/heinola_DJI_0028_frame316.jpg,heinola,heinola_dji_0028,316,train,1
/workspace/Boreal-Forest-Fire/Boreal-Forest-Fire-Subset-A/Heinola-Images/heinola_DJI_0028_frame317.jpg,heinola,heinola_dji_0028,317,train,7
/workspace/Boreal-Forest-Fire/Boreal-Forest-Fire-Subset-A/Heinola-Images/heinola_DJI_0028_frame318.jpg,heinola,heinola_dji_0028,318,train,1
/workspace/Boreal-Forest-Fire/Boreal-Forest-Fire-Subset-A/Heinola-Images/heinola_DJI_0028_frame319.jpg,heinola,heinola_dji_0028,319,train,1
/workspace/Boreal-Forest-Fire/Boreal-Forest-Fire-Subset-A/Heinola-Images/heinola_DJI_0028_frame32.jpg,heinola,heinola_dji_0028,32,train,1
/workspace/Boreal-Forest-Fire/Boreal-Forest-Fire-Subset-A/Heinola-Images/heinola_DJI_0028_frame320.jpg,heinola,heinola_dji_0028,320,train,1
/workspace/Boreal-Forest-Fire/Boreal-Forest-Fire-Subset-A/Heinola-Images/heinola_DJI_0028_frame321.jpg,heinola,heinola_dji_0028,321,train,1
/workspace/Boreal-Forest-Fire/Boreal-Forest-Fire-Subset-A/Heinola-Images/heinola_DJI_0028_frame322.jpg,heinola,heinola_dji_0028,322,train,1
/workspace/Boreal-Forest-Fire/Boreal-Forest-Fire-Subset-A/Heinola-Images/heinola_DJI_0028_frame323.jpg,heinola,heinola_dji_0028,323,train,1
/workspace/Boreal-Forest-Fire/Boreal-Forest-Fire-Subset-A/Heinola-Images/heinola_DJI_0028_frame324.jpg,heinola,heinola_dji_0028,324,train,1
/workspace/Boreal-Forest-Fire/Boreal-Forest-Fire-Subset-A/Heinola-Images/heinola_DJI_0028_frame325.jpg,heinola,heinola_dji_0028,325,train,1
/workspace/Boreal-Forest-Fire/Boreal-Forest-Fire-Subset-A/Heinola-Images/heinola_DJI_0028_frame326.jpg,heinola,heinola_dji_0028,326,train,1
/workspace/Boreal-Forest-Fire/Boreal-Forest-Fire-Subset-A/Heinola-Images/heinola_DJI_0028_frame327.jpg,heinola,heinola_dji_0028,327,train,1
/workspace/Boreal-Forest-Fire/Boreal-Forest-Fire-Subset-A/Heinola-Images/heinola_DJI_0028_frame328.jpg,heinola,heinola_dji_0028,328,train,1
/workspace/Boreal-Forest-Fire/Boreal-Forest-Fire-Subset-A/Heinola-Images/heinola_DJI_0028_frame329.jpg,heinola,heinola_dji_0028,329,train,1
/workspace/Boreal-Forest-Fire/Boreal-Forest-Fire-Subset-A/Heinola-Images/heinola_DJI_0028_frame33.jpg,heinola,heinola_dji_0028,33,train,1
/workspace/Boreal-Forest-Fire/Boreal-Forest-Fire-Subset-A/Heinola-Images/heinola_DJI_0028_frame330.jpg,heinola,heinola_dji_0028,330,train,1
/workspace/Boreal-Forest-Fire/Boreal-Forest-Fire-Subset-A/Heinola-Images/heinola_DJI_0028_frame331.jpg,heinola,heinola_dji_0028,331,train,1
/workspace/Boreal-Forest-Fire/Boreal-Forest-Fire-Subset-A/Heinola-Images/heinola_DJI_0028_frame332.jpg,heinola,heinola_dji_0028,332,train,1
/workspace/Boreal-Forest-Fire/Boreal-Forest-Fire-Subset-A/Heinola-Images/heinola_DJI_0028_frame333.jpg,heinola,heinola_dji_0028,333,train,1
/workspace/Boreal-Forest-Fire/Boreal-Forest-Fire-Subset-A/Heinola-Images/heinola_DJI_0028_frame334.jpg,heinola,heinola_dji_0028,334,train,1
/workspace/Boreal-Forest-Fire/Boreal-Forest-Fire-Subset-A/Heinola-Images/heinola_DJI_0028_frame335.jpg,heinola,heinola_dji_0028,335,train,1
/workspace/Boreal-Forest-Fire/Boreal-Forest-Fire-Subset-A/Heinola-Images/heinola_DJI_0028_frame336.jpg,heinola,heinola_dji_0028,336,train,1
/workspace/Boreal-Forest-Fire/Boreal-Forest-Fire-Subset-A/Heinola-Images/heinola_DJI_0028_frame337.jpg,heinola,heinola_dji_0028,337,train,1
/workspace/Boreal-Forest-Fire/Boreal-Forest-Fire-Subset-A/Heinola-Images/heinola_DJI_0028_frame338.jpg,heinola,heinola_dji_0028,338,train,1
/workspace/Boreal-Forest-Fire/Boreal-Forest-Fire-Subset-A/Heinola-Images/heinola_DJI_0028_frame339.jpg,heinola,heinola_dji_0028,339,train,1
/workspace/Boreal-Forest-Fire/Boreal-Forest-Fire-Subset-A/Heinola-Images/heinola_DJI_0028_frame34.jpg,heinola,heinola_dji_0028,34,train,1
/workspace/Boreal-Forest-Fire/Boreal-Forest-Fire-Subset-A/Heinola-Images/heinola_DJI_0028_frame340.jpg,heinola,heinola_dji_0028,340,train,1
/workspace/Boreal-Forest-Fire/Boreal-Forest-Fire-Subset-A/Heinola-Images/heinola_DJI_0028_frame35.jpg,heinola,heinola_dji_0028,35,train,1
/workspace/Boreal-Forest-Fire/Boreal-Forest-Fire-Subset-A/Heinola-Images/heinola_DJI_0028_frame36.jpg,heinola,heinola_dji_0028,36,train,1
/workspace/Boreal-Forest-Fire/Boreal-Forest-Fire-Subset-A/Heinola-Images/heinola_DJI_0028_frame37.jpg,heinola,heinola_dji_0028,37,train,1
/workspace/Boreal-Forest-Fire/Boreal-Forest-Fire-Subset-A/Heinola-Images/heinola_DJI_0028_frame38.jpg,heinola,heinola_dji_0028,38,train,1
/workspace/Boreal-Forest-Fire/Boreal-Forest-Fire-Subset-A/Heinola-Images/heinola_DJI_0029_frame0.jpg,heinola,heinola_dji_0029,0,train,1
/workspace/Boreal-Forest-Fire/Boreal-Forest-Fire-Subset-A/Heinola-Images/heinola_DJI_0029_frame1.jpg,heinola,heinola_dji_0029,1,train,1
/workspace/Boreal-Forest-Fire/Boreal-Forest-Fire-Subset-A/Heinola-Images/heinola_DJI_0029_frame10.jpg,heinola,heinola_dji_0029,10,train,1
/workspace/Boreal-Forest-Fire/Boreal-Forest-Fire-Subset-A/Heinola-Images/heinola_DJI_0029_frame11.jpg,heinola,heinola_dji_0029,11,train,1
/workspace/Boreal-Forest-Fire/Boreal-Forest-Fire-Subset-A/Heinola-Images/heinola_DJI_0029_frame12.jpg,heinola,heinola_dji_0029,12,train,1
/workspace/Boreal-Forest-Fire/Boreal-Forest-Fire-Subset-A/Heinola-Images/heinola_DJI_0029_frame13.jpg,heinola,heinola_dji_0029,13,train,1
/workspace/Boreal-Forest-Fire/Boreal-Forest-Fire-Subset-A/Heinola-Images/heinola_DJI_0029_frame14.jpg,heinola,heinola_dji_0029,14,train,1
/workspace/Boreal-Forest-Fire/Boreal-Forest-Fire-Subset-A/Heinola-Images/heinola_DJI_0029_frame143.jpg,heinola,heinola_dji_0029,143,train,1
/workspace/Boreal-Forest-Fire/Boreal-Forest-Fire-Subset-A/Heinola-Images/heinola_DJI_0029_frame144.jpg,heinola,heinola_dji_0029,144,train,1
/workspace/Boreal-Forest-Fire/Boreal-Forest-Fire-Subset-A/Heinola-Images/heinola_DJI_0029_frame145.jpg,heinola,heinola_dji_0029,145,train,1
/workspace/Boreal-Forest-Fire/Boreal-Forest-Fire-Subset-A/Heinola-Images/heinola_DJI_0029_frame146.jpg,heinola,heinola_dji_0029,146,train,1
/workspace/Boreal-Forest-Fire/Boreal-Forest-Fire-Subset-A/Heinola-Images/heinola_DJI_0029_frame147.jpg,heinola,heinola_dji_0029,147,train,1
/workspace/Boreal-Forest-Fire/Boreal-Forest-Fire-Subset-A/Heinola-Images/heinola_DJI_0029_frame148.jpg,heinola,heinola_dji_0029,148,train,1
/workspace/Boreal-Forest-Fire/Boreal-Forest-Fire-Subset-A/Heinola-Images/heinola_DJI_0029_frame149.jpg,heinola,heinola_dji_0029,149,train,1
/workspace/Boreal-Forest-Fire/Boreal-Forest-Fire-Subset-A/Heinola-Images/heinola_DJI_0029_frame15.jpg,heinola,heinola_dji_0029,15,train,1
/workspace/Boreal-Forest-Fire/Boreal-Forest-Fire-Subset-A/Heinola-Images/heinola_DJI_0029_frame150.jpg,heinola,heinola_dji_0029,150,train,1
/workspace/Boreal-Forest-Fire/Boreal-Forest-Fire-Subset-A/Heinola-Images/heinola_DJI_0029_frame151.jpg,heinola,heinola_dji_0029,151,train,1
/workspace/Boreal-Forest-Fire/Boreal-Forest-Fire-Subset-A/Heinola-Images/heinola_DJI_0029_frame152.jpg,heinola,heinola_dji_0029,152,train,1
/workspace/Boreal-Forest-Fire/Boreal-Forest-Fire-Subset-A/Heinola-Images/heinola_DJI_0029_frame153.jpg,heinola,heinola_dji_0029,153,train,1
/workspace/Boreal-Forest-Fire/Boreal-Forest-Fire-Subset-A/Heinola-Images/heinola_DJI_0029_frame154.jpg,heinola,heinola_dji_0029,154,train,1
/workspace/Boreal-Forest-Fire/Boreal-Forest-Fire-Subset-A/Heinola-Images/heinola_DJI_0029_frame155.jpg,heinola,heinola_dji_0029,155,train,1
/workspace/Boreal-Forest-Fire/Boreal-Forest-Fire-Subset-A/Heinola-Images/heinola_DJI_0029_frame156.jpg,heinola,heinola_dji_0029,156,train,1
/workspace/Boreal-Forest-Fire/Boreal-Forest-Fire-Subset-A/Heinola-Images/heinola_DJI_0029_frame157.jpg,heinola,heinola_dji_0029,157,train,1
/workspace/Boreal-Forest-Fire/Boreal-Forest-Fire-Subset-A/Heinola-Images/heinola_DJI_0029_frame158.jpg,heinola,heinola_dji_0029,158,train,1
/workspace/Boreal-Forest-Fire/Boreal-Forest-Fire-Subset-A/Heinola-Images/heinola_DJI_0029_frame159.jpg,heinola,heinola_dji_0029,159,train,1
/workspace/Boreal-Forest-Fire/Boreal-Forest-Fire-Subset-A/Heinola-Images/heinola_DJI_0029_frame16.jpg,heinola,heinola_dji_0029,16,train,1
/workspace/Boreal-Forest-Fire/Boreal-Forest-Fire-Subset-A/Heinola-Images/heinola_DJI_0029_frame160.jpg,heinola,heinola_dji_0029,160,train,1
/workspace/Boreal-Forest-Fire/Boreal-Forest-Fire-Subset-A/Heinola-Images/heinola_DJI_0029_frame161.jpg,heinola,heinola_dji_0029,161,train,1
/workspace/Boreal-Forest-Fire/Boreal-Forest-Fire-Subset-A/Heinola-Images/heinola_DJI_0029_frame162.jpg,heinola,heinola_dji_0029,162,train,1
/workspace/Boreal-Forest-Fire/Boreal-Forest-Fire-Subset-A/Heinola-Images/heinola_DJI_0029_frame163.jpg,heinola,heinola_dji_0029,163,train,1
/workspace/Boreal-Forest-Fire/Boreal-Forest-Fire-Subset-A/Heinola-Images/heinola_DJI_0029_frame164.jpg,heinola,heinola_dji_0029,164,train,1
/workspace/Boreal-Forest-Fire/Boreal-Forest-Fire-Subset-A/Heinola-Images/heinola_DJI_0029_frame165.jpg,heinola,heinola_dji_0029,165,train,1
/workspace/Boreal-Forest-Fire/Boreal-Forest-Fire-Subset-A/Heinola-Images/heinola_DJI_0029_frame166.jpg,heinola,heinola_dji_0029,166,train,1
/workspace/Boreal-Forest-Fire/Boreal-Forest-Fire-Subset-A/Heinola-Images/heinola_DJI_0029_frame167.jpg,heinola,heinola_dji_0029,167,train,1
/workspace/Boreal-Forest-Fire/Boreal-Forest-Fire-Subset-A/Heinola-Images/heinola_DJI_0029_frame17.jpg,heinola,heinola_dji_0029,17,train,1
/workspace/Boreal-Forest-Fire/Boreal-Forest-Fire-Subset-A/Heinola-Images/heinola_DJI_0029_frame174.jpg,heinola,heinola_dji_0029,174,train,1
/workspace/Boreal-Forest-Fire/Boreal-Forest-Fire-Subset-A/Heinola-Images/heinola_DJI_0029_frame175.jpg,heinola,heinola_dji_0029,175,train,1
/workspace/Boreal-Forest-Fire/Boreal-Forest-Fire-Subset-A/Heinola-Images/heinola_DJI_0029_frame176.jpg,heinola,heinola_dji_0029,176,train,1
/workspace/Boreal-Forest-Fire/Boreal-Forest-Fire-Subset-A/Heinola-Images/heinola_DJI_0029_frame177.jpg,heinola,heinola_dji_0029,177,train,1
/workspace/Boreal-Forest-Fire/Boreal-Forest-Fire-Subset-A/Heinola-Images/heinola_DJI_0029_frame178.jpg,heinola,heinola_dji_0029,178,train,1
/workspace/Boreal-Forest-Fire/Boreal-Forest-Fire-Subset-A/Heinola-Images/heinola_DJI_0029_frame179.jpg,heinola,heinola_dji_0029,179,train,1
/workspace/Boreal-Forest-Fire/Boreal-Forest-Fire-Subset-A/Heinola-Images/heinola_DJI_0029_frame18.jpg,heinola,heinola_dji_0029,18,train,1
/workspace/Boreal-Forest-Fire/Boreal-Forest-Fire-Subset-A/Heinola-Images/heinola_DJI_0029_frame180.jpg,heinola,heinola_dji_0029,180,train,1
/workspace/Boreal-Forest-Fire/Boreal-Forest-Fire-Subset-A/Heinola-Images/heinola_DJI_0029_frame181.jpg,heinola,heinola_dji_0029,181,train,1
/workspace/Boreal-Forest-Fire/Boreal-Forest-Fire-Subset-A/Heinola-Images/heinola_DJI_0029_frame182.jpg,heinola,heinola_dji_0029,182,train,1
/workspace/Boreal-Forest-Fire/Boreal-Forest-Fire-Subset-A/Heinola-Images/heinola_DJI_0029_frame183.jpg,heinola,heinola_dji_0029,183,train,1
/workspace/Boreal-Forest-Fire/Boreal-Forest-Fire-Subset-A/Heinola-Images/heinola_DJI_0029_frame184.jpg,heinola,heinola_dji_0029,184,train,1
/workspace/Boreal-Forest-Fire/Boreal-Forest-Fire-Subset-A/Heinola-Images/heinola_DJI_0029_frame185.jpg,heinola,heinola_dji_0029,185,train,1
/workspace/Boreal-Forest-Fire/Boreal-Forest-Fire-Subset-A/Heinola-Images/heinola_DJI_0029_frame186.jpg,heinola,heinola_dji_0029,186,train,1
/workspace/Boreal-Forest-Fire/Boreal-Forest-Fire-Subset-A/Heinola-Images/heinola_DJI_0029_frame187.jpg,heinola,heinola_dji_0029,187,train,1
/workspace/Boreal-Forest-Fire/Boreal-Forest-Fire-Subset-A/Heinola-Images/heinola_DJI_0029_frame188.jpg,heinola,heinola_dji_0029,188,train,1
/workspace/Boreal-Forest-Fire/Boreal-Forest-Fire-Subset-A/Heinola-Images/heinola_DJI_0029_frame189.jpg,heinola,heinola_dji_0029,189,train,1
/workspace/Boreal-Forest-Fire/Boreal-Forest-Fire-Subset-A/Heinola-Images/heinola_DJI_0029_frame19.jpg,heinola,heinola_dji_0029,19,train,1
/workspace/Boreal-Forest-Fire/Boreal-Forest-Fire-Subset-A/Heinola-Images/heinola_DJI_0029_frame190.jpg,heinola,heinola_dji_0029,190,train,1
/workspace/Boreal-Forest-Fire/Boreal-Forest-Fire-Subset-A/Heinola-Images/heinola_DJI_0029_frame191.jpg,heinola,heinola_dji_0029,191,train,1
/workspace/Boreal-Forest-Fire/Boreal-Forest-Fire-Subset-A/Heinola-Images/heinola_DJI_0029_frame192.jpg,heinola,heinola_dji_0029,192,train,1
/workspace/Boreal-Forest-Fire/Boreal-Forest-Fire-Subset-A/Heinola-Images/heinola_DJI_0029_frame193.jpg,heinola,heinola_dji_0029,193,train,1
/workspace/Boreal-Forest-Fire/Boreal-Forest-Fire-Subset-A/Heinola-Images/heinola_DJI_0029_frame194.jpg,heinola,heinola_dji_0029,194,train,1
/workspace/Boreal-Forest-Fire/Boreal-Forest-Fire-Subset-A/Heinola-Images/heinola_DJI_0029_frame195.jpg,heinola,heinola_dji_0029,195,train,1
/workspace/Boreal-Forest-Fire/Boreal-Forest-Fire-Subset-A/Heinola-Images/heinola_DJI_0029_frame196.jpg,heinola,heinola_dji_0029,196,train,1
/workspace/Boreal-Forest-Fire/Boreal-Forest-Fire-Subset-A/Heinola-Images/heinola_DJI_0029_frame197.jpg,heinola,heinola_dji_0029,197,train,1
/workspace/Boreal-Forest-Fire/Boreal-Forest-Fire-Subset-A/Heinola-Images/heinola_DJI_0029_frame198.jpg,heinola,heinola_dji_0029,198,train,1
/workspace/Boreal-Forest-Fire/Boreal-Forest-Fire-Subset-A/Heinola-Images/heinola_DJI_0029_frame199.jpg,heinola,heinola_dji_0029,199,train,1
/workspace/Boreal-Forest-Fire/Boreal-Forest-Fire-Subset-A/Heinola-Images/heinola_DJI_0029_frame2.jpg,heinola,heinola_dji_0029,2,train,1
/workspace/Boreal-Forest-Fire/Boreal-Forest-Fire-Subset-A/Heinola-Images/heinola_DJI_0029_frame20.jpg,heinola,heinola_dji_0029,20,train,1
/workspace/Boreal-Forest-Fire/Boreal-Forest-Fire-Subset-A/Heinola-Images/heinola_DJI_0029_frame200.jpg,heinola,heinola_dji_0029,200,train,1
/workspace/Boreal-Forest-Fire/Boreal-Forest-Fire-Subset-A/Heinola-Images/heinola_DJI_0029_frame201.jpg,heinola,heinola_dji_0029,201,train,1
/workspace/Boreal-Forest-Fire/Boreal-Forest-Fire-Subset-A/Heinola-Images/heinola_DJI_0029_frame202.jpg,heinola,heinola_dji_0029,202,train,1
/workspace/Boreal-Forest-Fire/Boreal-Forest-Fire-Subset-A/Heinola-Images/heinola_DJI_0029_frame203.jpg,heinola,heinola_dji_0029,203,train,1
/workspace/Boreal-Forest-Fire/Boreal-Forest-Fire-Subset-A/Heinola-Images/heinola_DJI_0029_frame204.jpg,heinola,heinola_dji_0029,204,train,1
/workspace/Boreal-Forest-Fire/Boreal-Forest-Fire-Subset-A/Heinola-Images/heinola_DJI_0029_frame205.jpg,heinola,heinola_dji_0029,205,train,1
/workspace/Boreal-Forest-Fire/Boreal-Forest-Fire-Subset-A/Heinola-Images/heinola_DJI_0029_frame206.jpg,heinola,heinola_dji_0029,206,train,1
/workspace/Boreal-Forest-Fire/Boreal-Forest-Fire-Subset-A/Heinola-Images/heinola_DJI_0029_frame207.jpg,heinola,heinola_dji_0029,207,train,1
/workspace/Boreal-Forest-Fire/Boreal-Forest-Fire-Subset-A/Heinola-Images/heinola_DJI_0029_frame208.jpg,heinola,heinola_dji_0029,208,train,1
/workspace/Boreal-Forest-Fire/Boreal-Forest-Fire-Subset-A/Heinola-Images/heinola_DJI_0029_frame209.jpg,heinola,heinola_dji_0029,209,train,1
/workspace/Boreal-Forest-Fire/Boreal-Forest-Fire-Subset-A/Heinola-Images/heinola_DJI_0029_frame21.jpg,heinola,heinola_dji_0029,21,train,1
/workspace/Boreal-Forest-Fire/Boreal-Forest-Fire-Subset-A/Heinola-Images/heinola_DJI_0029_frame210.jpg,heinola,heinola_dji_0029,210,train,1
/workspace/Boreal-Forest-Fire/Boreal-Forest-Fire-Subset-A/Heinola-Images/heinola_DJI_0029_frame211.jpg,heinola,heinola_dji_0029,211,train,1
/workspace/Boreal-Forest-Fire/Boreal-Forest-Fire-Subset-A/Heinola-Images/heinola_DJI_0029_frame212.jpg,heinola,heinola_dji_0029,212,train,1
/workspace/Boreal-Forest-Fire/Boreal-Forest-Fire-Subset-A/Heinola-Images/heinola_DJI_0029_frame213.jpg,heinola,heinola_dji_0029,213,train,1
/workspace/Boreal-Forest-Fire/Boreal-Forest-Fire-Subset-A/Heinola-Images/heinola_DJI_0029_frame22.jpg,heinola,heinola_dji_0029,22,train,1
/workspace/Boreal-Forest-Fire/Boreal-Forest-Fire-Subset-A/Heinola-Images/heinola_DJI_0029_frame23.jpg,heinola,heinola_dji_0029,23,train,1
/workspace/Boreal-Forest-Fire/Boreal-Forest-Fire-Subset-A/Heinola-Images/heinola_DJI_0029_frame24.jpg,heinola,heinola_dji_0029,24,train,1
/workspace/Boreal-Forest-Fire/Boreal-Forest-Fire-Subset-A/Heinola-Images/heinola_DJI_0029_frame25.jpg,heinola,heinola_dji_0029,25,train,1
/workspace/Boreal-Forest-Fire/Boreal-Forest-Fire-Subset-A/Heinola-Images/heinola_DJI_0029_frame3.jpg,heinola,heinola_dji_0029,3,train,1
/workspace/Boreal-Forest-Fire/Boreal-Forest-Fire-Subset-A/Heinola-Images/heinola_DJI_0029_frame4.jpg,heinola,heinola_dji_0029,4,train,1
/workspace/Boreal-Forest-Fire/Boreal-Forest-Fire-Subset-A/Heinola-Images/heinola_DJI_0029_frame5.jpg,heinola,heinola_dji_0029,5,train,1
/workspace/Boreal-Forest-Fire/Boreal-Forest-Fire-Subset-A/Heinola-Images/heinola_DJI_0029_frame6.jpg,heinola,heinola_dji_0029,6,train,1
/workspace/Boreal-Forest-Fire/Boreal-Forest-Fire-Subset-A/Heinola-Images/heinola_DJI_0029_frame7.jpg,heinola,heinola_dji_0029,7,train,1
/workspace/Boreal-Forest-Fire/Boreal-Forest-Fire-Subset-A/Heinola-Images/heinola_DJI_0029_frame76.jpg,heinola,heinola_dji_0029,76,train,1
/workspace/Boreal-Forest-Fire/Boreal-Forest-Fire-Subset-A/Heinola-Images/heinola_DJI_0029_frame77.jpg,heinola,heinola_dji_0029,77,train,1
/workspace/Boreal-Forest-Fire/Boreal-Forest-Fire-Subset-A/Heinola-Images/heinola_DJI_0029_frame78.jpg,heinola,heinola_dji_0029,78,train,1
/workspace/Boreal-Forest-Fire/Boreal-Forest-Fire-Subset-A/Heinola-Images/heinola_DJI_0029_frame79.jpg,heinola,heinola_dji_0029,79,train,1
/workspace/Boreal-Forest-Fire/Boreal-Forest-Fire-Subset-A/Heinola-Images/heinola_DJI_0029_frame8.jpg,heinola,heinola_dji_0029,8,train,1
/workspace/Boreal-Forest-Fire/Boreal-Forest-Fire-Subset-A/Heinola-Images/heinola_DJI_0029_frame80.jpg,heinola,heinola_dji_0029,80,train,1
/workspace/Boreal-Forest-Fire/Boreal-Forest-Fire-Subset-A/Heinola-Images/heinola_DJI_0029_frame81.jpg,heinola,heinola_dji_0029,81,train,1
/workspace/Boreal-Forest-Fire/Boreal-Forest-Fire-Subset-A/Heinola-Images/heinola_DJI_0029_frame82.jpg,heinola,heinola_dji_0029,82,train,1
/workspace/Boreal-Forest-Fire/Boreal-Forest-Fire-Subset-A/Heinola-Images/heinola_DJI_0029_frame83.jpg,heinola,heinola_dji_0029,83,train,1
/workspace/Boreal-Forest-Fire/Boreal-Forest-Fire-Subset-A/Heinola-Images/heinola_DJI_0029_frame84.jpg,heinola,heinola_dji_0029,84,train,1
/workspace/Boreal-Forest-Fire/Boreal-Forest-Fire-Subset-A/Heinola-Images/heinola_DJI_0029_frame85.jpg,heinola,heinola_dji_0029,85,train,1
/workspace/Boreal-Forest-Fire/Boreal-Forest-Fire-Subset-A/Heinola-Images/heinola_DJI_0029_frame86.jpg,heinola,heinola_dji_0029,86,train,1
/workspace/Boreal-Forest-Fire/Boreal-Forest-Fire-Subset-A/Heinola-Images/heinola_DJI_0029_frame87.jpg,heinola,heinola_dji_0029,87,train,1
/workspace/Boreal-Forest-Fire/Boreal-Forest-Fire-Subset-A/Heinola-Images/heinola_DJI_0029_frame88.jpg,heinola,heinola_dji_0029,88,train,1
/workspace/Boreal-Forest-Fire/Boreal-Forest-Fire-Subset-A/Heinola-Images/heinola_DJI_0029_frame89.jpg,heinola,heinola_dji_0029,89,train,1
/workspace/Boreal-Forest-Fire/Boreal-Forest-Fire-Subset-A/Heinola-Images/heinola_DJI_0029_frame9.jpg,heinola,heinola_dji_0029,9,train,1
/workspace/Boreal-Forest-Fire/Boreal-Forest-Fire-Subset-A/Heinola-Images/heinola_DJI_0029_frame90.jpg,heinola,heinola_dji_0029,90,train,1
/workspace/Boreal-Forest-Fire/Boreal-Forest-Fire-Subset-A/Heinola-Images/heinola_DJI_0030_frame100.jpg,heinola,heinola_dji_0030,100,val,1
/workspace/Boreal-Forest-Fire/Boreal-Forest-Fire-Subset-A/Heinola-Images/heinola_DJI_0030_frame101.jpg,heinola,heinola_dji_0030,101,val,1
/workspace/Boreal-Forest-Fire/Boreal-Forest-Fire-Subset-A/Heinola-Images/heinola_DJI_0030_frame102.jpg,heinola,heinola_dji_0030,102,val,1
/workspace/Boreal-Forest-Fire/Boreal-Forest-Fire-Subset-A/Heinola-Images/heinola_DJI_0030_frame103.jpg,heinola,heinola_dji_0030,103,val,1
/workspace/Boreal-Forest-Fire/Boreal-Forest-Fire-Subset-A/Heinola-Images/heinola_DJI_0030_frame104.jpg,heinola,heinola_dji_0030,104,val,1
/workspace/Boreal-Forest-Fire/Boreal-Forest-Fire-Subset-A/Heinola-Images/heinola_DJI_0030_frame105.jpg,heinola,heinola_dji_0030,105,val,1
/workspace/Boreal-Forest-Fire/Boreal-Forest-Fire-Subset-A/Heinola-Images/heinola_DJI_0030_frame106.jpg,heinola,heinola_dji_0030,106,val,1
/workspace/Boreal-Forest-Fire/Boreal-Forest-Fire-Subset-A/Heinola-Images/heinola_DJI_0030_frame107.jpg,heinola,heinola_dji_0030,107,val,1
/workspace/Boreal-Forest-Fire/Boreal-Forest-Fire-Subset-A/Heinola-Images/heinola_DJI_0030_frame108.jpg,heinola,heinola_dji_0030,108,val,1
/workspace/Boreal-Forest-Fire/Boreal-Forest-Fire-Subset-A/Heinola-Images/heinola_DJI_0030_frame109.jpg,heinola,heinola_dji_0030,109,val,1
/workspace/Boreal-Forest-Fire/Boreal-Forest-Fire-Subset-A/Heinola-Images/heinola_DJI_0030_frame110.jpg,heinola,heinola_dji_0030,110,val,1
/workspace/Boreal-Forest-Fire/Boreal-Forest-Fire-Subset-A/Heinola-Images/heinola_DJI_0030_frame201.jpg,heinola,heinola_dji_0030,201,val,1
/workspace/Boreal-Forest-Fire/Boreal-Forest-Fire-Subset-A/Heinola-Images/heinola_DJI_0030_frame202.jpg,heinola,heinola_dji_0030,202,val,1
/workspace/Boreal-Forest-Fire/Boreal-Forest-Fire-Subset-A/Heinola-Images/heinola_DJI_0030_frame203.jpg,heinola,heinola_dji_0030,203,val,1
/workspace/Boreal-Forest-Fire/Boreal-Forest-Fire-Subset-A/Heinola-Images/heinola_DJI_0030_frame204.jpg,heinola,heinola_dji_0030,204,val,1
/workspace/Boreal-Forest-Fire/Boreal-Forest-Fire-Subset-A/Heinola-Images/heinola_DJI_0030_frame205.jpg,heinola,heinola_dji_0030,205,val,1
/workspace/Boreal-Forest-Fire/Boreal-Forest-Fire-Subset-A/Heinola-Images/heinola_DJI_0030_frame206.jpg,heinola,heinola_dji_0030,206,val,1
/workspace/Boreal-Forest-Fire/Boreal-Forest-Fire-Subset-A/Heinola-Images/heinola_DJI_0030_frame207.jpg,heinola,heinola_dji_0030,207,val,1
/workspace/Boreal-Forest-Fire/Boreal-Forest-Fire-Subset-A/Heinola-Images/heinola_DJI_0030_frame208.jpg,heinola,heinola_dji_0030,208,val,1
/workspace/Boreal-Forest-Fire/Boreal-Forest-Fire-Subset-A/Heinola-Images/heinola_DJI_0030_frame209.jpg,heinola,heinola_dji_0030,209,val,1
/workspace/Boreal-Forest-Fire/Boreal-Forest-Fire-Subset-A/Heinola-Images/heinola_DJI_0030_frame210.jpg,heinola,heinola_dji_0030,210,val,1
/workspace/Boreal-Forest-Fire/Boreal-Forest-Fire-Subset-A/Heinola-Images/heinola_DJI_0030_frame211.jpg,heinola,heinola_dji_0030,211,val,1
/workspace/Boreal-Forest-Fire/Boreal-Forest-Fire-Subset-A/Heinola-Images/heinola_DJI_0030_frame212.jpg,heinola,heinola_dji_0030,212,val,1
/workspace/Boreal-Forest-Fire/Boreal-Forest-Fire-Subset-A/Heinola-Images/heinola_DJI_0030_frame213.jpg,heinola,heinola_dji_0030,213,val,1
/workspace/Boreal-Forest-Fire/Boreal-Forest-Fire-Subset-A/Heinola-Images/heinola_DJI_0030_frame214.jpg,heinola,heinola_dji_0030,214,val,1
/workspace/Boreal-Forest-Fire/Boreal-Forest-Fire-Subset-A/Heinola-Images/heinola_DJI_0030_frame215.jpg,heinola,heinola_dji_0030,215,val,1
/workspace/Boreal-Forest-Fire/Boreal-Forest-Fire-Subset-A/Heinola-Images/heinola_DJI_0030_frame216.jpg,heinola,heinola_dji_0030,216,val,1
/workspace/Boreal-Forest-Fire/Boreal-Forest-Fire-Subset-A/Heinola-Images/heinola_DJI_0030_frame217.jpg,heinola,heinola_dji_0030,217,val,1
/workspace/Boreal-Forest-Fire/Boreal-Forest-Fire-Subset-A/Heinola-Images/heinola_DJI_0030_frame218.jpg,heinola,heinola_dji_0030,218,val,1
/workspace/Boreal-Forest-Fire/Boreal-Forest-Fire-Subset-A/Heinola-Images/heinola_DJI_0030_frame219.jpg,heinola,heinola_dji_0030,219,val,1
/workspace/Boreal-Forest-Fire/Boreal-Forest-Fire-Subset-A/Heinola-Images/heinola_DJI_0030_frame220.jpg,heinola,heinola_dji_0030,220,val,1
/workspace/Boreal-Forest-Fire/Boreal-Forest-Fire-Subset-A/Heinola-Images/heinola_DJI_0030_frame221.jpg,heinola,heinola_dji_0030,221,val,1
/workspace/Boreal-Forest-Fire/Boreal-Forest-Fire-Subset-A/Heinola-Images/heinola_DJI_0030_frame222.jpg,heinola,heinola_dji_0030,222,val,1
/workspace/Boreal-Forest-Fire/Boreal-Forest-Fire-Subset-A/Heinola-Images/heinola_DJI_0030_frame223.jpg,heinola,heinola_dji_0030,223,val,1
/workspace/Boreal-Forest-Fire/Boreal-Forest-Fire-Subset-A/Heinola-Images/heinola_DJI_0030_frame224.jpg,heinola,heinola_dji_0030,224,val,1
/workspace/Boreal-Forest-Fire/Boreal-Forest-Fire-Subset-A/Heinola-Images/heinola_DJI_0030_frame225.jpg,heinola,heinola_dji_0030,225,val,1
/workspace/Boreal-Forest-Fire/Boreal-Forest-Fire-Subset-A/Heinola-Images/heinola_DJI_0030_frame226.jpg,heinola,heinola_dji_0030,226,val,1
/workspace/Boreal-Forest-Fire/Boreal-Forest-Fire-Subset-A/Heinola-Images/heinola_DJI_0030_frame227.jpg,heinola,heinola_dji_0030,227,val,1
/workspace/Boreal-Forest-Fire/Boreal-Forest-Fire-Subset-A/Heinola-Images/heinola_DJI_0030_frame228.jpg,heinola,heinola_dji_0030,228,val,1
/workspace/Boreal-Forest-Fire/Boreal-Forest-Fire-Subset-A/Heinola-Images/heinola_DJI_0030_frame229.jpg,heinola,heinola_dji_0030,229,val,1
/workspace/Boreal-Forest-Fire/Boreal-Forest-Fire-Subset-A/Heinola-Images/heinola_DJI_0030_frame230.jpg,heinola,heinola_dji_0030,230,val,1
/workspace/Boreal-Forest-Fire/Boreal-Forest-Fire-Subset-A/Heinola-Images/heinola_DJI_0030_frame231.jpg,heinola,heinola_dji_0030,231,val,1
/workspace/Boreal-Forest-Fire/Boreal-Forest-Fire-Subset-A/Heinola-Images/heinola_DJI_0030_frame232.jpg,heinola,heinola_dji_0030,232,val,1
/workspace/Boreal-Forest-Fire/Boreal-Forest-Fire-Subset-A/Heinola-Images/heinola_DJI_0030_frame233.jpg,heinola,heinola_dji_0030,233,val,1
/workspace/Boreal-Forest-Fire/Boreal-Forest-Fire-Subset-A/Heinola-Images/heinola_DJI_0030_frame234.jpg,heinola,heinola_dji_0030,234,val,1
/workspace/Boreal-Forest-Fire/Boreal-Forest-Fire-Subset-A/Heinola-Images/heinola_DJI_0030_frame235.jpg,heinola,heinola_dji_0030,235,val,1
/workspace/Boreal-Forest-Fire/Boreal-Forest-Fire-Subset-A/Heinola-Images/heinola_DJI_0030_frame236.jpg,heinola,heinola_dji_0030,236,val,1
/workspace/Boreal-Forest-Fire/Boreal-Forest-Fire-Subset-A/Heinola-Images/heinola_DJI_0030_frame237.jpg,heinola,heinola_dji_0030,237,val,1
/workspace/Boreal-Forest-Fire/Boreal-Forest-Fire-Subset-A/Heinola-Images/heinola_DJI_0030_frame238.jpg,heinola,heinola_dji_0030,238,val,1
/workspace/Boreal-Forest-Fire/Boreal-Forest-Fire-Subset-A/Heinola-Images/heinola_DJI_0030_frame239.jpg,heinola,heinola_dji_0030,239,val,1
/workspace/Boreal-Forest-Fire/Boreal-Forest-Fire-Subset-A/Heinola-Images/heinola_DJI_0030_frame240.jpg,heinola,heinola_dji_0030,240,val,1
/workspace/Boreal-Forest-Fire/Boreal-Forest-Fire-Subset-A/Heinola-Images/heinola_DJI_0030_frame241.jpg,heinola,heinola_dji_0030,241,val,1
/workspace/Boreal-Forest-Fire/Boreal-Forest-Fire-Subset-A/Heinola-Images/heinola_DJI_0030_frame242.jpg,heinola,heinola_dji_0030,242,val,1
/workspace/Boreal-Forest-Fire/Boreal-Forest-Fire-Subset-A/Heinola-Images/heinola_DJI_0030_frame243.jpg,heinola,heinola_dji_0030,243,val,1
/workspace/Boreal-Forest-Fire/Boreal-Forest-Fire-Subset-A/Heinola-Images/heinola_DJI_0030_frame244.jpg,heinola,heinola_dji_0030,244,val,1
/workspace/Boreal-Forest-Fire/Boreal-Forest-Fire-Subset-A/Heinola-Images/heinola_DJI_0030_frame245.jpg,heinola,heinola_dji_0030,245,val,1
/workspace/Boreal-Forest-Fire/Boreal-Forest-Fire-Subset-A/Heinola-Images/heinola_DJI_0030_frame246.jpg,heinola,heinola_dji_0030,246,val,1
/workspace/Boreal-Forest-Fire/Boreal-Forest-Fire-Subset-A/Heinola-Images/heinola_DJI_0030_frame247.jpg,heinola,heinola_dji_0030,247,val,1
/workspace/Boreal-Forest-Fire/Boreal-Forest-Fire-Subset-A/Heinola-Images/heinola_DJI_0030_frame248.jpg,heinola,heinola_dji_0030,248,val,1
/workspace/Boreal-Forest-Fire/Boreal-Forest-Fire-Subset-A/Heinola-Images/heinola_DJI_0030_frame249.jpg,heinola,heinola_dji_0030,249,val,1
/workspace/Boreal-Forest-Fire/Boreal-Forest-Fire-Subset-A/Heinola-Images/heinola_DJI_0030_frame250.jpg,heinola,heinola_dji_0030,250,val,1
/workspace/Boreal-Forest-Fire/Boreal-Forest-Fire-Subset-A/Heinola-Images/heinola_DJI_0030_frame251.jpg,heinola,heinola_dji_0030,251,val,1
/workspace/Boreal-Forest-Fire/Boreal-Forest-Fire-Subset-A/Heinola-Images/heinola_DJI_0030_frame26.jpg,heinola,heinola_dji_0030,26,val,1
/workspace/Boreal-Forest-Fire/Boreal-Forest-Fire-Subset-A/Heinola-Images/heinola_DJI_0030_frame27.jpg,heinola,heinola_dji_0030,27,val,1
/workspace/Boreal-Forest-Fire/Boreal-Forest-Fire-Subset-A/Heinola-Images/heinola_DJI_0030_frame28.jpg,heinola,heinola_dji_0030,28,val,1
/workspace/Boreal-Forest-Fire/Boreal-Forest-Fire-Subset-A/Heinola-Images/heinola_DJI_0030_frame29.jpg,heinola,heinola_dji_0030,29,val,1
/workspace/Boreal-Forest-Fire/Boreal-Forest-Fire-Subset-A/Heinola-Images/heinola_DJI_0030_frame30.jpg,heinola,heinola_dji_0030,30,val,1
/workspace/Boreal-Forest-Fire/Boreal-Forest-Fire-Subset-A/Heinola-Images/heinola_DJI_0030_frame31.jpg,heinola,heinola_dji_0030,31,val,1
/workspace/Boreal-Forest-Fire/Boreal-Forest-Fire-Subset-A/Heinola-Images/heinola_DJI_0030_frame32.jpg,heinola,heinola_dji_0030,32,val,1
/workspace/Boreal-Forest-Fire/Boreal-Forest-Fire-Subset-A/Heinola-Images/heinola_DJI_0030_frame329.jpg,heinola,heinola_dji_0030,329,val,1
/workspace/Boreal-Forest-Fire/Boreal-Forest-Fire-Subset-A/Heinola-Images/heinola_DJI_0030_frame33.jpg,heinola,heinola_dji_0030,33,val,1
/workspace/Boreal-Forest-Fire/Boreal-Forest-Fire-Subset-A/Heinola-Images/heinola_DJI_0030_frame330.jpg,heinola,heinola_dji_0030,330,val,1
/workspace/Boreal-Forest-Fire/Boreal-Forest-Fire-Subset-A/Heinola-Images/heinola_DJI_0030_frame331.jpg,heinola,heinola_dji_0030,331,val,1
/workspace/Boreal-Forest-Fire/Boreal-Forest-Fire-Subset-A/Heinola-Images/heinola_DJI_0030_frame332.jpg,heinola,heinola_dji_0030,332,val,1
/workspace/Boreal-Forest-Fire/Boreal-Forest-Fire-Subset-A/Heinola-Images/heinola_DJI_0030_frame333.jpg,heinola,heinola_dji_0030,333,val,1
/workspace/Boreal-Forest-Fire/Boreal-Forest-Fire-Subset-A/Heinola-Images/heinola_DJI_0030_frame334.jpg,heinola,heinola_dji_0030,334,val,1
/workspace/Boreal-Forest-Fire/Boreal-Forest-Fire-Subset-A/Heinola-Images/heinola_DJI_0030_frame335.jpg,heinola,heinola_dji_0030,335,val,1
/workspace/Boreal-Forest-Fire/Boreal-Forest-Fire-Subset-A/Heinola-Images/heinola_DJI_0030_frame34.jpg,heinola,heinola_dji_0030,34,val,1
/workspace/Boreal-Forest-Fire/Boreal-Forest-Fire-Subset-A/Heinola-Images/heinola_DJI_0030_frame35.jpg,heinola,heinola_dji_0030,35,val,1
/workspace/Boreal-Forest-Fire/Boreal-Forest-Fire-Subset-A/Heinola-Images/heinola_DJI_0030_frame36.jpg,heinola,heinola_dji_0030,36,val,1
/workspace/Boreal-Forest-Fire/Boreal-Forest-Fire-Subset-A/Heinola-Images/heinola_DJI_0030_frame37.jpg,heinola,heinola_dji_0030,37,val,1
/workspace/Boreal-Forest-Fire/Boreal-Forest-Fire-Subset-A/Heinola-Images/heinola_DJI_0030_frame38.jpg,heinola,heinola_dji_0030,38,val,1
/workspace/Boreal-Forest-Fire/Boreal-Forest-Fire-Subset-A/Heinola-Images/heinola_DJI_0030_frame39.jpg,heinola,heinola_dji_0030,39,val,1
/workspace/Boreal-Forest-Fire/Boreal-Forest-Fire-Subset-A/Heinola-Images/heinola_DJI_0030_frame40.jpg,heinola,heinola_dji_0030,40,val,1
/workspace/Boreal-Forest-Fire/Boreal-Forest-Fire-Subset-A/Heinola-Images/heinola_DJI_0030_frame41.jpg,heinola,heinola_dji_0030,41,val,1
/workspace/Boreal-Forest-Fire/Boreal-Forest-Fire-Subset-A/Heinola-Images/heinola_DJI_0030_frame42.jpg,heinola,heinola_dji_0030,42,val,1
/workspace/Boreal-Forest-Fire/Boreal-Forest-Fire-Subset-A/Heinola-Images/heinola_DJI_0030_frame43.jpg,heinola,heinola_dji_0030,43,val,1
/workspace/Boreal-Forest-Fire/Boreal-Forest-Fire-Subset-A/Heinola-Images/heinola_DJI_0030_frame44.jpg,heinola,heinola_dji_0030,44,val,1
/workspace/Boreal-Forest-Fire/Boreal-Forest-Fire-Subset-A/Heinola-Images/heinola_DJI_0030_frame45.jpg,heinola,heinola_dji_0030,45,val,1
/workspace/Boreal-Forest-Fire/Boreal-Forest-Fire-Subset-A/Heinola-Images/heinola_DJI_0030_frame46.jpg,heinola,heinola_dji_0030,46,val,1
/workspace/Boreal-Forest-Fire/Boreal-Forest-Fire-Subset-A/Heinola-Images/heinola_DJI_0030_frame47.jpg,heinola,heinola_dji_0030,47,val,1
/workspace/Boreal-Forest-Fire/Boreal-Forest-Fire-Subset-A/Heinola-Images/heinola_DJI_0030_frame48.jpg,heinola,heinola_dji_0030,48,val,1
/workspace/Boreal-Forest-Fire/Boreal-Forest-Fire-Subset-A/Heinola-Images/heinola_DJI_0030_frame49.jpg,heinola,heinola_dji_0030,49,val,1
/workspace/Boreal-Forest-Fire/Boreal-Forest-Fire-Subset-A/Heinola-Images/heinola_DJI_0030_frame50.jpg,heinola,heinola_dji_0030,50,val,1
/workspace/Boreal-Forest-Fire/Boreal-Forest-Fire-Subset-A/Heinola-Images/heinola_DJI_0030_frame51.jpg,heinola,heinola_dji_0030,51,val,1
/workspace/Boreal-Forest-Fire/Boreal-Forest-Fire-Subset-A/Heinola-Images/heinola_DJI_0030_frame52.jpg,heinola,heinola_dji_0030,52,val,1
/workspace/Boreal-Forest-Fire/Boreal-Forest-Fire-Subset-A/Heinola-Images/heinola_DJI_0030_frame53.jpg,heinola,heinola_dji_0030,53,val,1
/workspace/Boreal-Forest-Fire/Boreal-Forest-Fire-Subset-A/Heinola-Images/heinola_DJI_0030_frame54.jpg,heinola,heinola_dji_0030,54,val,1
/workspace/Boreal-Forest-Fire/Boreal-Forest-Fire-Subset-A/Heinola-Images/heinola_DJI_0030_frame55.jpg,heinola,heinola_dji_0030,55,val,1
/workspace/Boreal-Forest-Fire/Boreal-Forest-Fire-Subset-A/Heinola-Images/heinola_DJI_0030_frame56.jpg,heinola,heinola_dji_0030,56,val,1
/workspace/Boreal-Forest-Fire/Boreal-Forest-Fire-Subset-A/Heinola-Images/heinola_DJI_0030_frame57.jpg,heinola,heinola_dji_0030,57,val,1
/workspace/Boreal-Forest-Fire/Boreal-Forest-Fire-Subset-A/Heinola-Images/heinola_DJI_0030_frame58.jpg,heinola,heinola_dji_0030,58,val,1
/workspace/Boreal-Forest-Fire/Boreal-Forest-Fire-Subset-A/Heinola-Images/heinola_DJI_0030_frame59.jpg,heinola,heinola_dji_0030,59,val,1
/workspace/Boreal-Forest-Fire/Boreal-Forest-Fire-Subset-A/Heinola-Images/heinola_DJI_0030_frame60.jpg,heinola,heinola_dji_0030,60,val,1
/workspace/Boreal-Forest-Fire/Boreal-Forest-Fire-Subset-A/Heinola-Images/heinola_DJI_0030_frame61.jpg,heinola,heinola_dji_0030,61,val,1
/workspace/Boreal-Forest-Fire/Boreal-Forest-Fire-Subset-A/Heinola-Images/heinola_DJI_0030_frame62.jpg,heinola,heinola_dji_0030,62,val,1
/workspace/Boreal-Forest-Fire/Boreal-Forest-Fire-Subset-A/Heinola-Images/heinola_DJI_0030_frame63.jpg,heinola,heinola_dji_0030,63,val,1
/workspace/Boreal-Forest-Fire/Boreal-Forest-Fire-Subset-A/Heinola-Images/heinola_DJI_0030_frame64.jpg,heinola,heinola_dji_0030,64,val,1
/workspace/Boreal-Forest-Fire/Boreal-Forest-Fire-Subset-A/Heinola-Images/heinola_DJI_0030_frame65.jpg,heinola,heinola_dji_0030,65,val,1
/workspace/Boreal-Forest-Fire/Boreal-Forest-Fire-Subset-A/Heinola-Images/heinola_DJI_0030_frame66.jpg,heinola,heinola_dji_0030,66,val,1
/workspace/Boreal-Forest-Fire/Boreal-Forest-Fire-Subset-A/Heinola-Images/heinola_DJI_0030_frame67.jpg,heinola,heinola_dji_0030,67,val,1
/workspace/Boreal-Forest-Fire/Boreal-Forest-Fire-Subset-A/Heinola-Images/heinola_DJI_0030_frame68.jpg,heinola,heinola_dji_0030,68,val,1
/workspace/Boreal-Forest-Fire/Boreal-Forest-Fire-Subset-A/Heinola-Images/heinola_DJI_0030_frame69.jpg,heinola,heinola_dji_0030,69,val,1
/workspace/Boreal-Forest-Fire/Boreal-Forest-Fire-Subset-A/Heinola-Images/heinola_DJI_0030_frame70.jpg,heinola,heinola_dji_0030,70,val,1
/workspace/Boreal-Forest-Fire/Boreal-Forest-Fire-Subset-A/Heinola-Images/heinola_DJI_0030_frame71.jpg,heinola,heinola_dji_0030,71,val,1
/workspace/Boreal-Forest-Fire/Boreal-Forest-Fire-Subset-A/Heinola-Images/heinola_DJI_0030_frame72.jpg,heinola,heinola_dji_0030,72,val,1
/workspace/Boreal-Forest-Fire/Boreal-Forest-Fire-Subset-A/Heinola-Images/heinola_DJI_0030_frame73.jpg,heinola,heinola_dji_0030,73,val,1
/workspace/Boreal-Forest-Fire/Boreal-Forest-Fire-Subset-A/Heinola-Images/heinola_DJI_0030_frame74.jpg,heinola,heinola_dji_0030,74,val,1
/workspace/Boreal-Forest-Fire/Boreal-Forest-Fire-Subset-A/Heinola-Images/heinola_DJI_0030_frame75.jpg,heinola,heinola_dji_0030,75,val,1
/workspace/Boreal-Forest-Fire/Boreal-Forest-Fire-Subset-A/Heinola-Images/heinola_DJI_0030_frame76.jpg,heinola,heinola_dji_0030,76,val,1
/workspace/Boreal-Forest-Fire/Boreal-Forest-Fire-Subset-A/Heinola-Images/heinola_DJI_0030_frame77.jpg,heinola,heinola_dji_0030,77,val,1
/workspace/Boreal-Forest-Fire/Boreal-Forest-Fire-Subset-A/Heinola-Images/heinola_DJI_0030_frame78.jpg,heinola,heinola_dji_0030,78,val,1
/workspace/Boreal-Forest-Fire/Boreal-Forest-Fire-Subset-A/Heinola-Images/heinola_DJI_0030_frame79.jpg,heinola,heinola_dji_0030,79,val,1
/workspace/Boreal-Forest-Fire/Boreal-Forest-Fire-Subset-A/Heinola-Images/heinola_DJI_0030_frame80.jpg,heinola,heinola_dji_0030,80,val,1
/workspace/Boreal-Forest-Fire/Boreal-Forest-Fire-Subset-A/Heinola-Images/heinola_DJI_0030_frame81.jpg,heinola,heinola_dji_0030,81,val,1
/workspace/Boreal-Forest-Fire/Boreal-Forest-Fire-Subset-A/Heinola-Images/heinola_DJI_0030_frame82.jpg,heinola,heinola_dji_0030,82,val,1
/workspace/Boreal-Forest-Fire/Boreal-Forest-Fire-Subset-A/Heinola-Images/heinola_DJI_0030_frame83.jpg,heinola,heinola_dji_0030,83,val,1
/workspace/Boreal-Forest-Fire/Boreal-Forest-Fire-Subset-A/Heinola-Images/heinola_DJI_0030_frame84.jpg,heinola,heinola_dji_0030,84,val,1
/workspace/Boreal-Forest-Fire/Boreal-Forest-Fire-Subset-A/Heinola-Images/heinola_DJI_0030_frame85.jpg,heinola,heinola_dji_0030,85,val,1
/workspace/Boreal-Forest-Fire/Boreal-Forest-Fire-Subset-A/Heinola-Images/heinola_DJI_0030_frame86.jpg,heinola,heinola_dji_0030,86,val,1
/workspace/Boreal-Forest-Fire/Boreal-Forest-Fire-Subset-A/Heinola-Images/heinola_DJI_0030_frame87.jpg,heinola,heinola_dji_0030,87,val,1
/workspace/Boreal-Forest-Fire/Boreal-Forest-Fire-Subset-A/Heinola-Images/heinola_DJI_0030_frame88.jpg,heinola,heinola_dji_0030,88,val,1
/workspace/Boreal-Forest-Fire/Boreal-Forest-Fire-Subset-A/Heinola-Images/heinola_DJI_0030_frame89.jpg,heinola,heinola_dji_0030,89,val,1
/workspace/Boreal-Forest-Fire/Boreal-Forest-Fire-Subset-A/Heinola-Images/heinola_DJI_0030_frame90.jpg,heinola,heinola_dji_0030,90,val,1
/workspace/Boreal-Forest-Fire/Boreal-Forest-Fire-Subset-A/Heinola-Images/heinola_DJI_0030_frame91.jpg,heinola,heinola_dji_0030,91,val,1
/workspace/Boreal-Forest-Fire/Boreal-Forest-Fire-Subset-A/Heinola-Images/heinola_DJI_0030_frame92.jpg,heinola,heinola_dji_0030,92,val,1
/workspace/Boreal-Forest-Fire/Boreal-Forest-Fire-Subset-A/Heinola-Images/heinola_DJI_0030_frame93.jpg,heinola,heinola_dji_0030,93,val,1
/workspace/Boreal-Forest-Fire/Boreal-Forest-Fire-Subset-A/Heinola-Images/heinola_DJI_0030_frame94.jpg,heinola,heinola_dji_0030,94,val,1
/workspace/Boreal-Forest-Fire/Boreal-Forest-Fire-Subset-A/Heinola-Images/heinola_DJI_0030_frame95.jpg,heinola,heinola_dji_0030,95,val,1
/workspace/Boreal-Forest-Fire/Boreal-Forest-Fire-Subset-A/Heinola-Images/heinola_DJI_0030_frame96.jpg,heinola,heinola_dji_0030,96,val,1
/workspace/Boreal-Forest-Fire/Boreal-Forest-Fire-Subset-A/Heinola-Images/heinola_DJI_0030_frame97.jpg,heinola,heinola_dji_0030,97,val,1
/workspace/Boreal-Forest-Fire/Boreal-Forest-Fire-Subset-A/Heinola-Images/heinola_DJI_0030_frame98.jpg,heinola,heinola_dji_0030,98,val,1
/workspace/Boreal-Forest-Fire/Boreal-Forest-Fire-Subset-A/Heinola-Images/heinola_DJI_0030_frame99.jpg,heinola,heinola_dji_0030,99,val,1
/workspace/Boreal-Forest-Fire/Boreal-Forest-Fire-Subset-A/Heinola-Images/heinola_DJI_0033_frame0.jpg,heinola,heinola_dji_0033,0,train,1
/workspace/Boreal-Forest-Fire/Boreal-Forest-Fire-Subset-A/Heinola-Images/heinola_DJI_0033_frame1.jpg,heinola,heinola_dji_0033,1,train,1
/workspace/Boreal-Forest-Fire/Boreal-Forest-Fire-Subset-A/Heinola-Images/heinola_DJI_0033_frame10.jpg,heinola,heinola_dji_0033,10,train,1
/workspace/Boreal-Forest-Fire/Boreal-Forest-Fire-Subset-A/Heinola-Images/heinola_DJI_0033_frame105.jpg,heinola,heinola_dji_0033,105,train,1
/workspace/Boreal-Forest-Fire/Boreal-Forest-Fire-Subset-A/Heinola-Images/heinola_DJI_0033_frame106.jpg,heinola,heinola_dji_0033,106,train,1
/workspace/Boreal-Forest-Fire/Boreal-Forest-Fire-Subset-A/Heinola-Images/heinola_DJI_0033_frame107.jpg,heinola,heinola_dji_0033,107,train,1
/workspace/Boreal-Forest-Fire/Boreal-Forest-Fire-Subset-A/Heinola-Images/heinola_DJI_0033_frame108.jpg,heinola,heinola_dji_0033,108,train,1
/workspace/Boreal-Forest-Fire/Boreal-Forest-Fire-Subset-A/Heinola-Images/heinola_DJI_0033_frame109.jpg,heinola,heinola_dji_0033,109,train,1
/workspace/Boreal-Forest-Fire/Boreal-Forest-Fire-Subset-A/Heinola-Images/heinola_DJI_0033_frame11.jpg,heinola,heinola_dji_0033,11,train,1
/workspace/Boreal-Forest-Fire/Boreal-Forest-Fire-Subset-A/Heinola-Images/heinola_DJI_0033_frame110.jpg,heinola,heinola_dji_0033,110,train,1
/workspace/Boreal-Forest-Fire/Boreal-Forest-Fire-Subset-A/Heinola-Images/heinola_DJI_0033_frame111.jpg,heinola,heinola_dji_0033,111,train,1
/workspace/Boreal-Forest-Fire/Boreal-Forest-Fire-Subset-A/Heinola-Images/heinola_DJI_0033_frame112.jpg,heinola,heinola_dji_0033,112,train,1
/workspace/Boreal-Forest-Fire/Boreal-Forest-Fire-Subset-A/Heinola-Images/heinola_DJI_0033_frame113.jpg,heinola,heinola_dji_0033,113,train,1
/workspace/Boreal-Forest-Fire/Boreal-Forest-Fire-Subset-A/Heinola-Images/heinola_DJI_0033_frame114.jpg,heinola,heinola_dji_0033,114,train,1
/workspace/Boreal-Forest-Fire/Boreal-Forest-Fire-Subset-A/Heinola-Images/heinola_DJI_0033_frame115.jpg,heinola,heinola_dji_0033,115,train,1
/workspace/Boreal-Forest-Fire/Boreal-Forest-Fire-Subset-A/Heinola-Images/heinola_DJI_0033_frame116.jpg,heinola,heinola_dji_0033,116,train,1
/workspace/Boreal-Forest-Fire/Boreal-Forest-Fire-Subset-A/Heinola-Images/heinola_DJI_0033_frame117.jpg,heinola,heinola_dji_0033,117,train,1
/workspace/Boreal-Forest-Fire/Boreal-Forest-Fire-Subset-A/Heinola-Images/heinola_DJI_0033_frame118.jpg,heinola,heinola_dji_0033,118,train,1
/workspace/Boreal-Forest-Fire/Boreal-Forest-Fire-Subset-A/Heinola-Images/heinola_DJI_0033_frame119.jpg,heinola,heinola_dji_0033,119,train,1
/workspace/Boreal-Forest-Fire/Boreal-Forest-Fire-Subset-A/Heinola-Images/heinola_DJI_0033_frame12.jpg,heinola,heinola_dji_0033,12,train,1
/workspace/Boreal-Forest-Fire/Boreal-Forest-Fire-Subset-A/Heinola-Images/heinola_DJI_0033_frame120.jpg,heinola,heinola_dji_0033,120,train,1
/workspace/Boreal-Forest-Fire/Boreal-Forest-Fire-Subset-A/Heinola-Images/heinola_DJI_0033_frame121.jpg,heinola,heinola_dji_0033,121,train,1
/workspace/Boreal-Forest-Fire/Boreal-Forest-Fire-Subset-A/Heinola-Images/heinola_DJI_0033_frame122.jpg,heinola,heinola_dji_0033,122,train,1
/workspace/Boreal-Forest-Fire/Boreal-Forest-Fire-Subset-A/Heinola-Images/heinola_DJI_0033_frame123.jpg,heinola,heinola_dji_0033,123,train,1
/workspace/Boreal-Forest-Fire/Boreal-Forest-Fire-Subset-A/Heinola-Images/heinola_DJI_0033_frame124.jpg,heinola,heinola_dji_0033,124,train,1
/workspace/Boreal-Forest-Fire/Boreal-Forest-Fire-Subset-A/Heinola-Images/heinola_DJI_0033_frame125.jpg,heinola,heinola_dji_0033,125,train,1
/workspace/Boreal-Forest-Fire/Boreal-Forest-Fire-Subset-A/Heinola-Images/heinola_DJI_0033_frame126.jpg,heinola,heinola_dji_0033,126,train,1
/workspace/Boreal-Forest-Fire/Boreal-Forest-Fire-Subset-A/Heinola-Images/heinola_DJI_0033_frame127.jpg,heinola,heinola_dji_0033,127,train,1
/workspace/Boreal-Forest-Fire/Boreal-Forest-Fire-Subset-A/Heinola-Images/heinola_DJI_0033_frame128.jpg,heinola,heinola_dji_0033,128,train,1
/workspace/Boreal-Forest-Fire/Boreal-Forest-Fire-Subset-A/Heinola-Images/heinola_DJI_0033_frame129.jpg,heinola,heinola_dji_0033,129,train,1
/workspace/Boreal-Forest-Fire/Boreal-Forest-Fire-Subset-A/Heinola-Images/heinola_DJI_0033_frame13.jpg,heinola,heinola_dji_0033,13,train,1
/workspace/Boreal-Forest-Fire/Boreal-Forest-Fire-Subset-A/Heinola-Images/heinola_DJI_0033_frame130.jpg,heinola,heinola_dji_0033,130,train,1
/workspace/Boreal-Forest-Fire/Boreal-Forest-Fire-Subset-A/Heinola-Images/heinola_DJI_0033_frame131.jpg,heinola,heinola_dji_0033,131,train,1
/workspace/Boreal-Forest-Fire/Boreal-Forest-Fire-Subset-A/Heinola-Images/heinola_DJI_0033_frame132.jpg,heinola,heinola_dji_0033,132,train,1
/workspace/Boreal-Forest-Fire/Boreal-Forest-Fire-Subset-A/Heinola-Images/heinola_DJI_0033_frame133.jpg,heinola,heinola_dji_0033,133,train,1
/workspace/Boreal-Forest-Fire/Boreal-Forest-Fire-Subset-A/Heinola-Images/heinola_DJI_0033_frame134.jpg,heinola,heinola_dji_0033,134,train,1
/workspace/Boreal-Forest-Fire/Boreal-Forest-Fire-Subset-A/Heinola-Images/heinola_DJI_0033_frame135.jpg,heinola,heinola_dji_0033,135,train,1
/workspace/Boreal-Forest-Fire/Boreal-Forest-Fire-Subset-A/Heinola-Images/heinola_DJI_0033_frame136.jpg,heinola,heinola_dji_0033,136,train,1
/workspace/Boreal-Forest-Fire/Boreal-Forest-Fire-Subset-A/Heinola-Images/heinola_DJI_0033_frame137.jpg,heinola,heinola_dji_0033,137,train,1
/workspace/Boreal-Forest-Fire/Boreal-Forest-Fire-Subset-A/Heinola-Images/heinola_DJI_0033_frame138.jpg,heinola,heinola_dji_0033,138,train,1
/workspace/Boreal-Forest-Fire/Boreal-Forest-Fire-Subset-A/Heinola-Images/heinola_DJI_0033_frame139.jpg,heinola,heinola_dji_0033,139,train,1
/workspace/Boreal-Forest-Fire/Boreal-Forest-Fire-Subset-A/Heinola-Images/heinola_DJI_0033_frame14.jpg,heinola,heinola_dji_0033,14,train,1
/workspace/Boreal-Forest-Fire/Boreal-Forest-Fire-Subset-A/Heinola-Images/heinola_DJI_0033_frame140.jpg,heinola,heinola_dji_0033,140,train,1
/workspace/Boreal-Forest-Fire/Boreal-Forest-Fire-Subset-A/Heinola-Images/heinola_DJI_0033_frame141.jpg,heinola,heinola_dji_0033,141,train,1
/workspace/Boreal-Forest-Fire/Boreal-Forest-Fire-Subset-A/Heinola-Images/heinola_DJI_0033_frame142.jpg,heinola,heinola_dji_0033,142,train,1
/workspace/Boreal-Forest-Fire/Boreal-Forest-Fire-Subset-A/Heinola-Images/heinola_DJI_0033_frame143.jpg,heinola,heinola_dji_0033,143,train,1
/workspace/Boreal-Forest-Fire/Boreal-Forest-Fire-Subset-A/Heinola-Images/heinola_DJI_0033_frame144.jpg,heinola,heinola_dji_0033,144,train,1
/workspace/Boreal-Forest-Fire/Boreal-Forest-Fire-Subset-A/Heinola-Images/heinola_DJI_0033_frame145.jpg,heinola,heinola_dji_0033,145,train,1
/workspace/Boreal-Forest-Fire/Boreal-Forest-Fire-Subset-A/Heinola-Images/heinola_DJI_0033_frame146.jpg,heinola,heinola_dji_0033,146,train,1
/workspace/Boreal-Forest-Fire/Boreal-Forest-Fire-Subset-A/Heinola-Images/heinola_DJI_0033_frame147.jpg,heinola,heinola_dji_0033,147,train,1
/workspace/Boreal-Forest-Fire/Boreal-Forest-Fire-Subset-A/Heinola-Images/heinola_DJI_0033_frame148.jpg,heinola,heinola_dji_0033,148,train,1
/workspace/Boreal-Forest-Fire/Boreal-Forest-Fire-Subset-A/Heinola-Images/heinola_DJI_0033_frame149.jpg,heinola,heinola_dji_0033,149,train,1
/workspace/Boreal-Forest-Fire/Boreal-Forest-Fire-Subset-A/Heinola-Images/heinola_DJI_0033_frame15.jpg,heinola,heinola_dji_0033,15,train,1
/workspace/Boreal-Forest-Fire/Boreal-Forest-Fire-Subset-A/Heinola-Images/heinola_DJI_0033_frame150.jpg,heinola,heinola_dji_0033,150,train,1
/workspace/Boreal-Forest-Fire/Boreal-Forest-Fire-Subset-A/Heinola-Images/heinola_DJI_0033_frame151.jpg,heinola,heinola_dji_0033,151,train,1
/workspace/Boreal-Forest-Fire/Boreal-Forest-Fire-Subset-A/Heinola-Images/heinola_DJI_0033_frame152.jpg,heinola,heinola_dji_0033,152,train,1
/workspace/Boreal-Forest-Fire/Boreal-Forest-Fire-Subset-A/Heinola-Images/heinola_DJI_0033_frame153.jpg,heinola,heinola_dji_0033,153,train,1
/workspace/Boreal-Forest-Fire/Boreal-Forest-Fire-Subset-A/Heinola-Images/heinola_DJI_0033_frame154.jpg,heinola,heinola_dji_0033,154,train,1
/workspace/Boreal-Forest-Fire/Boreal-Forest-Fire-Subset-A/Heinola-Images/heinola_DJI_0033_frame155.jpg,heinola,heinola_dji_0033,155,train,1
/workspace/Boreal-Forest-Fire/Boreal-Forest-Fire-Subset-A/Heinola-Images/heinola_DJI_0033_frame156.jpg,heinola,heinola_dji_0033,156,train,1
/workspace/Boreal-Forest-Fire/Boreal-Forest-Fire-Subset-A/Heinola-Images/heinola_DJI_0033_frame157.jpg,heinola,heinola_dji_0033,157,train,1
/workspace/Boreal-Forest-Fire/Boreal-Forest-Fire-Subset-A/Heinola-Images/heinola_DJI_0033_frame158.jpg,heinola,heinola_dji_0033,158,train,1
/workspace/Boreal-Forest-Fire/Boreal-Forest-Fire-Subset-A/Heinola-Images/heinola_DJI_0033_frame159.jpg,heinola,heinola_dji_0033,159,train,1
/workspace/Boreal-Forest-Fire/Boreal-Forest-Fire-Subset-A/Heinola-Images/heinola_DJI_0033_frame16.jpg,heinola,heinola_dji_0033,16,train,1
/workspace/Boreal-Forest-Fire/Boreal-Forest-Fire-Subset-A/Heinola-Images/heinola_DJI_0033_frame160.jpg,heinola,heinola_dji_0033,160,train,1
/workspace/Boreal-Forest-Fire/Boreal-Forest-Fire-Subset-A/Heinola-Images/heinola_DJI_0033_frame161.jpg,heinola,heinola_dji_0033,161,train,1
/workspace/Boreal-Forest-Fire/Boreal-Forest-Fire-Subset-A/Heinola-Images/heinola_DJI_0033_frame162.jpg,heinola,heinola_dji_0033,162,train,1
/workspace/Boreal-Forest-Fire/Boreal-Forest-Fire-Subset-A/Heinola-Images/heinola_DJI_0033_frame163.jpg,heinola,heinola_dji_0033,163,train,1
/workspace/Boreal-Forest-Fire/Boreal-Forest-Fire-Subset-A/Heinola-Images/heinola_DJI_0033_frame164.jpg,heinola,heinola_dji_0033,164,train,1
/workspace/Boreal-Forest-Fire/Boreal-Forest-Fire-Subset-A/Heinola-Images/heinola_DJI_0033_frame165.jpg,heinola,heinola_dji_0033,165,train,1
/workspace/Boreal-Forest-Fire/Boreal-Forest-Fire-Subset-A/Heinola-Images/heinola_DJI_0033_frame166.jpg,heinola,heinola_dji_0033,166,train,1
/workspace/Boreal-Forest-Fire/Boreal-Forest-Fire-Subset-A/Heinola-Images/heinola_DJI_0033_frame167.jpg,heinola,heinola_dji_0033,167,train,1
/workspace/Boreal-Forest-Fire/Boreal-Forest-Fire-Subset-A/Heinola-Images/heinola_DJI_0033_frame168.jpg,heinola,heinola_dji_0033,168,train,1
/workspace/Boreal-Forest-Fire/Boreal-Forest-Fire-Subset-A/Heinola-Images/heinola_DJI_0033_frame169.jpg,heinola,heinola_dji_0033,169,train,1
/workspace/Boreal-Forest-Fire/Boreal-Forest-Fire-Subset-A/Heinola-Images/heinola_DJI_0033_frame17.jpg,heinola,heinola_dji_0033,17,train,1
/workspace/Boreal-Forest-Fire/Boreal-Forest-Fire-Subset-A/Heinola-Images/heinola_DJI_0033_frame170.jpg,heinola,heinola_dji_0033,170,train,1
/workspace/Boreal-Forest-Fire/Boreal-Forest-Fire-Subset-A/Heinola-Images/heinola_DJI_0033_frame171.jpg,heinola,heinola_dji_0033,171,train,1
/workspace/Boreal-Forest-Fire/Boreal-Forest-Fire-Subset-A/Heinola-Images/heinola_DJI_0033_frame172.jpg,heinola,heinola_dji_0033,172,train,1
/workspace/Boreal-Forest-Fire/Boreal-Forest-Fire-Subset-A/Heinola-Images/heinola_DJI_0033_frame173.jpg,heinola,heinola_dji_0033,173,train,1
/workspace/Boreal-Forest-Fire/Boreal-Forest-Fire-Subset-A/Heinola-Images/heinola_DJI_0033_frame174.jpg,heinola,heinola_dji_0033,174,train,1
/workspace/Boreal-Forest-Fire/Boreal-Forest-Fire-Subset-A/Heinola-Images/heinola_DJI_0033_frame175.jpg,heinola,heinola_dji_0033,175,train,1
/workspace/Boreal-Forest-Fire/Boreal-Forest-Fire-Subset-A/Heinola-Images/heinola_DJI_0033_frame176.jpg,heinola,heinola_dji_0033,176,train,1
/workspace/Boreal-Forest-Fire/Boreal-Forest-Fire-Subset-A/Heinola-Images/heinola_DJI_0033_frame177.jpg,heinola,heinola_dji_0033,177,train,1
/workspace/Boreal-Forest-Fire/Boreal-Forest-Fire-Subset-A/Heinola-Images/heinola_DJI_0033_frame178.jpg,heinola,heinola_dji_0033,178,train,1
/workspace/Boreal-Forest-Fire/Boreal-Forest-Fire-Subset-A/Heinola-Images/heinola_DJI_0033_frame179.jpg,heinola,heinola_dji_0033,179,train,1
/workspace/Boreal-Forest-Fire/Boreal-Forest-Fire-Subset-A/Heinola-Images/heinola_DJI_0033_frame18.jpg,heinola,heinola_dji_0033,18,train,1
/workspace/Boreal-Forest-Fire/Boreal-Forest-Fire-Subset-A/Heinola-Images/heinola_DJI_0033_frame180.jpg,heinola,heinola_dji_0033,180,train,1
/workspace/Boreal-Forest-Fire/Boreal-Forest-Fire-Subset-A/Heinola-Images/heinola_DJI_0033_frame181.jpg,heinola,heinola_dji_0033,181,train,1
/workspace/Boreal-Forest-Fire/Boreal-Forest-Fire-Subset-A/Heinola-Images/heinola_DJI_0033_frame182.jpg,heinola,heinola_dji_0033,182,train,1
/workspace/Boreal-Forest-Fire/Boreal-Forest-Fire-Subset-A/Heinola-Images/heinola_DJI_0033_frame183.jpg,heinola,heinola_dji_0033,183,train,1
/workspace/Boreal-Forest-Fire/Boreal-Forest-Fire-Subset-A/Heinola-Images/heinola_DJI_0033_frame184.jpg,heinola,heinola_dji_0033,184,train,1
/workspace/Boreal-Forest-Fire/Boreal-Forest-Fire-Subset-A/Heinola-Images/heinola_DJI_0033_frame185.jpg,heinola,heinola_dji_0033,185,train,1
/workspace/Boreal-Forest-Fire/Boreal-Forest-Fire-Subset-A/Heinola-Images/heinola_DJI_0033_frame186.jpg,heinola,heinola_dji_0033,186,train,1
/workspace/Boreal-Forest-Fire/Boreal-Forest-Fire-Subset-A/Heinola-Images/heinola_DJI_0033_frame187.jpg,heinola,heinola_dji_0033,187,train,1
/workspace/Boreal-Forest-Fire/Boreal-Forest-Fire-Subset-A/Heinola-Images/heinola_DJI_0033_frame188.jpg,heinola,heinola_dji_0033,188,train,1
/workspace/Boreal-Forest-Fire/Boreal-Forest-Fire-Subset-A/Heinola-Images/heinola_DJI_0033_frame189.jpg,heinola,heinola_dji_0033,189,train,1
/workspace/Boreal-Forest-Fire/Boreal-Forest-Fire-Subset-A/Heinola-Images/heinola_DJI_0033_frame19.jpg,heinola,heinola_dji_0033,19,train,1
/workspace/Boreal-Forest-Fire/Boreal-Forest-Fire-Subset-A/Heinola-Images/heinola_DJI_0033_frame190.jpg,heinola,heinola_dji_0033,190,train,1
/workspace/Boreal-Forest-Fire/Boreal-Forest-Fire-Subset-A/Heinola-Images/heinola_DJI_0033_frame191.jpg,heinola,heinola_dji_0033,191,train,1
/workspace/Boreal-Forest-Fire/Boreal-Forest-Fire-Subset-A/Heinola-Images/heinola_DJI_0033_frame192.jpg,heinola,heinola_dji_0033,192,train,1
/workspace/Boreal-Forest-Fire/Boreal-Forest-Fire-Subset-A/Heinola-Images/heinola_DJI_0033_frame193.jpg,heinola,heinola_dji_0033,193,train,1
/workspace/Boreal-Forest-Fire/Boreal-Forest-Fire-Subset-A/Heinola-Images/heinola_DJI_0033_frame194.jpg,heinola,heinola_dji_0033,194,train,1
/workspace/Boreal-Forest-Fire/Boreal-Forest-Fire-Subset-A/Heinola-Images/heinola_DJI_0033_frame195.jpg,heinola,heinola_dji_0033,195,train,1
/workspace/Boreal-Forest-Fire/Boreal-Forest-Fire-Subset-A/Heinola-Images/heinola_DJI_0033_frame196.jpg,heinola,heinola_dji_0033,196,train,1
/workspace/Boreal-Forest-Fire/Boreal-Forest-Fire-Subset-A/Heinola-Images/heinola_DJI_0033_frame197.jpg,heinola,heinola_dji_0033,197,train,1
/workspace/Boreal-Forest-Fire/Boreal-Forest-Fire-Subset-A/Heinola-Images/heinola_DJI_0033_frame198.jpg,heinola,heinola_dji_0033,198,train,1
/workspace/Boreal-Forest-Fire/Boreal-Forest-Fire-Subset-A/Heinola-Images/heinola_DJI_0033_frame199.jpg,heinola,heinola_dji_0033,199,train,1
/workspace/Boreal-Forest-Fire/Boreal-Forest-Fire-Subset-A/Heinola-Images/heinola_DJI_0033_frame2.jpg,heinola,heinola_dji_0033,2,train,1
/workspace/Boreal-Forest-Fire/Boreal-Forest-Fire-Subset-A/Heinola-Images/heinola_DJI_0033_frame20.jpg,heinola,heinola_dji_0033,20,train,1
/workspace/Boreal-Forest-Fire/Boreal-Forest-Fire-Subset-A/Heinola-Images/heinola_DJI_0033_frame200.jpg,heinola,heinola_dji_0033,200,train,1
/workspace/Boreal-Forest-Fire/Boreal-Forest-Fire-Subset-A/Heinola-Images/heinola_DJI_0033_frame201.jpg,heinola,heinola_dji_0033,201,train,1
/workspace/Boreal-Forest-Fire/Boreal-Forest-Fire-Subset-A/Heinola-Images/heinola_DJI_0033_frame202.jpg,heinola,heinola_dji_0033,202,train,1
/workspace/Boreal-Forest-Fire/Boreal-Forest-Fire-Subset-A/Heinola-Images/heinola_DJI_0033_frame203.jpg,heinola,heinola_dji_0033,203,train,1
/workspace/Boreal-Forest-Fire/Boreal-Forest-Fire-Subset-A/Heinola-Images/heinola_DJI_0033_frame204.jpg,heinola,heinola_dji_0033,204,train,1
/workspace/Boreal-Forest-Fire/Boreal-Forest-Fire-Subset-A/Heinola-Images/heinola_DJI_0033_frame205.jpg,heinola,heinola_dji_0033,205,train,1
/workspace/Boreal-Forest-Fire/Boreal-Forest-Fire-Subset-A/Heinola-Images/heinola_DJI_0033_frame206.jpg,heinola,heinola_dji_0033,206,train,1
/workspace/Boreal-Forest-Fire/Boreal-Forest-Fire-Subset-A/Heinola-Images/heinola_DJI_0033_frame207.jpg,heinola,heinola_dji_0033,207,train,1
/workspace/Boreal-Forest-Fire/Boreal-Forest-Fire-Subset-A/Heinola-Images/heinola_DJI_0033_frame208.jpg,heinola,heinola_dji_0033,208,train,1
/workspace/Boreal-Forest-Fire/Boreal-Forest-Fire-Subset-A/Heinola-Images/heinola_DJI_0033_frame209.jpg,heinola,heinola_dji_0033,209,train,1
/workspace/Boreal-Forest-Fire/Boreal-Forest-Fire-Subset-A/Heinola-Images/heinola_DJI_0033_frame21.jpg,heinola,heinola_dji_0033,21,train,1
/workspace/Boreal-Forest-Fire/Boreal-Forest-Fire-Subset-A/Heinola-Images/heinola_DJI_0033_frame210.jpg,heinola,heinola_dji_0033,210,train,1
/workspace/Boreal-Forest-Fire/Boreal-Forest-Fire-Subset-A/Heinola-Images/heinola_DJI_0033_frame211.jpg,heinola,heinola_dji_0033,211,train,1
/workspace/Boreal-Forest-Fire/Boreal-Forest-Fire-Subset-A/Heinola-Images/heinola_DJI_0033_frame212.jpg,heinola,heinola_dji_0033,212,train,1
/workspace/Boreal-Forest-Fire/Boreal-Forest-Fire-Subset-A/Heinola-Images/heinola_DJI_0033_frame213.jpg,heinola,heinola_dji_0033,213,train,1
/workspace/Boreal-Forest-Fire/Boreal-Forest-Fire-Subset-A/Heinola-Images/heinola_DJI_0033_frame214.jpg,heinola,heinola_dji_0033,214,train,1
/workspace/Boreal-Forest-Fire/Boreal-Forest-Fire-Subset-A/Heinola-Images/heinola_DJI_0033_frame215.jpg,heinola,heinola_dji_0033,215,train,1
/workspace/Boreal-Forest-Fire/Boreal-Forest-Fire-Subset-A/Heinola-Images/heinola_DJI_0033_frame216.jpg,heinola,heinola_dji_0033,216,train,1
/workspace/Boreal-Forest-Fire/Boreal-Forest-Fire-Subset-A/Heinola-Images/heinola_DJI_0033_frame217.jpg,heinola,heinola_dji_0033,217,train,1
/workspace/Boreal-Forest-Fire/Boreal-Forest-Fire-Subset-A/Heinola-Images/heinola_DJI_0033_frame218.jpg,heinola,heinola_dji_0033,218,train,1
/workspace/Boreal-Forest-Fire/Boreal-Forest-Fire-Subset-A/Heinola-Images/heinola_DJI_0033_frame219.jpg,heinola,heinola_dji_0033,219,train,1
/workspace/Boreal-Forest-Fire/Boreal-Forest-Fire-Subset-A/Heinola-Images/heinola_DJI_0033_frame22.jpg,heinola,heinola_dji_0033,22,train,1
/workspace/Boreal-Forest-Fire/Boreal-Forest-Fire-Subset-A/Heinola-Images/heinola_DJI_0033_frame220.jpg,heinola,heinola_dji_0033,220,train,1
/workspace/Boreal-Forest-Fire/Boreal-Forest-Fire-Subset-A/Heinola-Images/heinola_DJI_0033_frame221.jpg,heinola,heinola_dji_0033,221,train,1
/workspace/Boreal-Forest-Fire/Boreal-Forest-Fire-Subset-A/Heinola-Images/heinola_DJI_0033_frame222.jpg,heinola,heinola_dji_0033,222,train,1
/workspace/Boreal-Forest-Fire/Boreal-Forest-Fire-Subset-A/Heinola-Images/heinola_DJI_0033_frame223.jpg,heinola,heinola_dji_0033,223,train,1
/workspace/Boreal-Forest-Fire/Boreal-Forest-Fire-Subset-A/Heinola-Images/heinola_DJI_0033_frame224.jpg,heinola,heinola_dji_0033,224,train,1
/workspace/Boreal-Forest-Fire/Boreal-Forest-Fire-Subset-A/Heinola-Images/heinola_DJI_0033_frame225.jpg,heinola,heinola_dji_0033,225,train,1
/workspace/Boreal-Forest-Fire/Boreal-Forest-Fire-Subset-A/Heinola-Images/heinola_DJI_0033_frame226.jpg,heinola,heinola_dji_0033,226,train,1
/workspace/Boreal-Forest-Fire/Boreal-Forest-Fire-Subset-A/Heinola-Images/heinola_DJI_0033_frame227.jpg,heinola,heinola_dji_0033,227,train,1
/workspace/Boreal-Forest-Fire/Boreal-Forest-Fire-Subset-A/Heinola-Images/heinola_DJI_0033_frame228.jpg,heinola,heinola_dji_0033,228,train,6
/workspace/Boreal-Forest-Fire/Boreal-Forest-Fire-Subset-A/Heinola-Images/heinola_DJI_0033_frame229.jpg,heinola,heinola_dji_0033,229,train,1
/workspace/Boreal-Forest-Fire/Boreal-Forest-Fire-Subset-A/Heinola-Images/heinola_DJI_0033_frame23.jpg,heinola,heinola_dji_0033,23,train,1
/workspace/Boreal-Forest-Fire/Boreal-Forest-Fire-Subset-A/Heinola-Images/heinola_DJI_0033_frame230.jpg,heinola,heinola_dji_0033,230,train,1
/workspace/Boreal-Forest-Fire/Boreal-Forest-Fire-Subset-A/Heinola-Images/heinola_DJI_0033_frame231.jpg,heinola,heinola_dji_0033,231,train,1
/workspace/Boreal-Forest-Fire/Boreal-Forest-Fire-Subset-A/Heinola-Images/heinola_DJI_0033_frame232.jpg,heinola,heinola_dji_0033,232,train,1
/workspace/Boreal-Forest-Fire/Boreal-Forest-Fire-Subset-A/Heinola-Images/heinola_DJI_0033_frame233.jpg,heinola,heinola_dji_0033,233,train,1
/workspace/Boreal-Forest-Fire/Boreal-Forest-Fire-Subset-A/Heinola-Images/heinola_DJI_0033_frame234.jpg,heinola,heinola_dji_0033,234,train,1
/workspace/Boreal-Forest-Fire/Boreal-Forest-Fire-Subset-A/Heinola-Images/heinola_DJI_0033_frame235.jpg,heinola,heinola_dji_0033,235,train,1
/workspace/Boreal-Forest-Fire/Boreal-Forest-Fire-Subset-A/Heinola-Images/heinola_DJI_0033_frame236.jpg,heinola,heinola_dji_0033,236,train,1
/workspace/Boreal-Forest-Fire/Boreal-Forest-Fire-Subset-A/Heinola-Images/heinola_DJI_0033_frame237.jpg,heinola,heinola_dji_0033,237,train,1
/workspace/Boreal-Forest-Fire/Boreal-Forest-Fire-Subset-A/Heinola-Images/heinola_DJI_0033_frame238.jpg,heinola,heinola_dji_0033,238,train,1
/workspace/Boreal-Forest-Fire/Boreal-Forest-Fire-Subset-A/Heinola-Images/heinola_DJI_0033_frame239.jpg,heinola,heinola_dji_0033,239,train,1
/workspace/Boreal-Forest-Fire/Boreal-Forest-Fire-Subset-A/Heinola-Images/heinola_DJI_0033_frame24.jpg,heinola,heinola_dji_0033,24,train,1
/workspace/Boreal-Forest-Fire/Boreal-Forest-Fire-Subset-A/Heinola-Images/heinola_DJI_0033_frame240.jpg,heinola,heinola_dji_0033,240,train,1
/workspace/Boreal-Forest-Fire/Boreal-Forest-Fire-Subset-A/Heinola-Images/heinola_DJI_0033_frame241.jpg,heinola,heinola_dji_0033,241,train,1
/workspace/Boreal-Forest-Fire/Boreal-Forest-Fire-Subset-A/Heinola-Images/heinola_DJI_0033_frame242.jpg,heinola,heinola_dji_0033,242,train,1
/workspace/Boreal-Forest-Fire/Boreal-Forest-Fire-Subset-A/Heinola-Images/heinola_DJI_0033_frame243.jpg,heinola,heinola_dji_0033,243,train,1
/workspace/Boreal-Forest-Fire/Boreal-Forest-Fire-Subset-A/Heinola-Images/heinola_DJI_0033_frame244.jpg,heinola,heinola_dji_0033,244,train,1
/workspace/Boreal-Forest-Fire/Boreal-Forest-Fire-Subset-A/Heinola-Images/heinola_DJI_0033_frame245.jpg,heinola,heinola_dji_0033,245,train,1
/workspace/Boreal-Forest-Fire/Boreal-Forest-Fire-Subset-A/Heinola-Images/heinola_DJI_0033_frame246.jpg,heinola,heinola_dji_0033,246,train,1
/workspace/Boreal-Forest-Fire/Boreal-Forest-Fire-Subset-A/Heinola-Images/heinola_DJI_0033_frame247.jpg,heinola,heinola_dji_0033,247,train,1
/workspace/Boreal-Forest-Fire/Boreal-Forest-Fire-Subset-A/Heinola-Images/heinola_DJI_0033_frame248.jpg,heinola,heinola_dji_0033,248,train,1
/workspace/Boreal-Forest-Fire/Boreal-Forest-Fire-Subset-A/Heinola-Images/heinola_DJI_0033_frame249.jpg,heinola,heinola_dji_0033,249,train,1
/workspace/Boreal-Forest-Fire/Boreal-Forest-Fire-Subset-A/Heinola-Images/heinola_DJI_0033_frame25.jpg,heinola,heinola_dji_0033,25,train,1
/workspace/Boreal-Forest-Fire/Boreal-Forest-Fire-Subset-A/Heinola-Images/heinola_DJI_0033_frame26.jpg,heinola,heinola_dji_0033,26,train,1
/workspace/Boreal-Forest-Fire/Boreal-Forest-Fire-Subset-A/Heinola-Images/heinola_DJI_0033_frame27.jpg,heinola,heinola_dji_0033,27,train,1
/workspace/Boreal-Forest-Fire/Boreal-Forest-Fire-Subset-A/Heinola-Images/heinola_DJI_0033_frame28.jpg,heinola,heinola_dji_0033,28,train,1
/workspace/Boreal-Forest-Fire/Boreal-Forest-Fire-Subset-A/Heinola-Images/heinola_DJI_0033_frame29.jpg,heinola,heinola_dji_0033,29,train,1
/workspace/Boreal-Forest-Fire/Boreal-Forest-Fire-Subset-A/Heinola-Images/heinola_DJI_0033_frame3.jpg,heinola,heinola_dji_0033,3,train,1
/workspace/Boreal-Forest-Fire/Boreal-Forest-Fire-Subset-A/Heinola-Images/heinola_DJI_0033_frame30.jpg,heinola,heinola_dji_0033,30,train,1
/workspace/Boreal-Forest-Fire/Boreal-Forest-Fire-Subset-A/Heinola-Images/heinola_DJI_0033_frame31.jpg,heinola,heinola_dji_0033,31,train,1
/workspace/Boreal-Forest-Fire/Boreal-Forest-Fire-Subset-A/Heinola-Images/heinola_DJI_0033_frame32.jpg,heinola,heinola_dji_0033,32,train,1
/workspace/Boreal-Forest-Fire/Boreal-Forest-Fire-Subset-A/Heinola-Images/heinola_DJI_0033_frame33.jpg,heinola,heinola_dji_0033,33,train,1
/workspace/Boreal-Forest-Fire/Boreal-Forest-Fire-Subset-A/Heinola-Images/heinola_DJI_0033_frame34.jpg,heinola,heinola_dji_0033,34,train,1
/workspace/Boreal-Forest-Fire/Boreal-Forest-Fire-Subset-A/Heinola-Images/heinola_DJI_0033_frame35.jpg,heinola,heinola_dji_0033,35,train,1
/workspace/Boreal-Forest-Fire/Boreal-Forest-Fire-Subset-A/Heinola-Images/heinola_DJI_0033_frame36.jpg,heinola,heinola_dji_0033,36,train,1
/workspace/Boreal-Forest-Fire/Boreal-Forest-Fire-Subset-A/Heinola-Images/heinola_DJI_0033_frame37.jpg,heinola,heinola_dji_0033,37,train,1
/workspace/Boreal-Forest-Fire/Boreal-Forest-Fire-Subset-A/Heinola-Images/heinola_DJI_0033_frame38.jpg,heinola,heinola_dji_0033,38,train,1
/workspace/Boreal-Forest-Fire/Boreal-Forest-Fire-Subset-A/Heinola-Images/heinola_DJI_0033_frame39.jpg,heinola,heinola_dji_0033,39,train,1
/workspace/Boreal-Forest-Fire/Boreal-Forest-Fire-Subset-A/Heinola-Images/heinola_DJI_0033_frame4.jpg,heinola,heinola_dji_0033,4,train,1
/workspace/Boreal-Forest-Fire/Boreal-Forest-Fire-Subset-A/Heinola-Images/heinola_DJI_0033_frame40.jpg,heinola,heinola_dji_0033,40,train,1
/workspace/Boreal-Forest-Fire/Boreal-Forest-Fire-Subset-A/Heinola-Images/heinola_DJI_0033_frame41.jpg,heinola,heinola_dji_0033,41,train,1
/workspace/Boreal-Forest-Fire/Boreal-Forest-Fire-Subset-A/Heinola-Images/heinola_DJI_0033_frame42.jpg,heinola,heinola_dji_0033,42,train,1
/workspace/Boreal-Forest-Fire/Boreal-Forest-Fire-Subset-A/Heinola-Images/heinola_DJI_0033_frame43.jpg,heinola,heinola_dji_0033,43,train,1
/workspace/Boreal-Forest-Fire/Boreal-Forest-Fire-Subset-A/Heinola-Images/heinola_DJI_0033_frame44.jpg,heinola,heinola_dji_0033,44,train,1
/workspace/Boreal-Forest-Fire/Boreal-Forest-Fire-Subset-A/Heinola-Images/heinola_DJI_0033_frame45.jpg,heinola,heinola_dji_0033,45,train,1
/workspace/Boreal-Forest-Fire/Boreal-Forest-Fire-Subset-A/Heinola-Images/heinola_DJI_0033_frame46.jpg,heinola,heinola_dji_0033,46,train,1
/workspace/Boreal-Forest-Fire/Boreal-Forest-Fire-Subset-A/Heinola-Images/heinola_DJI_0033_frame47.jpg,heinola,heinola_dji_0033,47,train,1
/workspace/Boreal-Forest-Fire/Boreal-Forest-Fire-Subset-A/Heinola-Images/heinola_DJI_0033_frame48.jpg,heinola,heinola_dji_0033,48,train,1
/workspace/Boreal-Forest-Fire/Boreal-Forest-Fire-Subset-A/Heinola-Images/heinola_DJI_0033_frame49.jpg,heinola,heinola_dji_0033,49,train,1
/workspace/Boreal-Forest-Fire/Boreal-Forest-Fire-Subset-A/Heinola-Images/heinola_DJI_0033_frame5.jpg,heinola,heinola_dji_0033,5,train,1
/workspace/Boreal-Forest-Fire/Boreal-Forest-Fire-Subset-A/Heinola-Images/heinola_DJI_0033_frame50.jpg,heinola,heinola_dji_0033,50,train,1
/workspace/Boreal-Forest-Fire/Boreal-Forest-Fire-Subset-A/Heinola-Images/heinola_DJI_0033_frame51.jpg,heinola,heinola_dji_0033,51,train,1
/workspace/Boreal-Forest-Fire/Boreal-Forest-Fire-Subset-A/Heinola-Images/heinola_DJI_0033_frame52.jpg,heinola,heinola_dji_0033,52,train,1
/workspace/Boreal-Forest-Fire/Boreal-Forest-Fire-Subset-A/Heinola-Images/heinola_DJI_0033_frame53.jpg,heinola,heinola_dji_0033,53,train,1
/workspace/Boreal-Forest-Fire/Boreal-Forest-Fire-Subset-A/Heinola-Images/heinola_DJI_0033_frame54.jpg,heinola,heinola_dji_0033,54,train,1
/workspace/Boreal-Forest-Fire/Boreal-Forest-Fire-Subset-A/Heinola-Images/heinola_DJI_0033_frame55.jpg,heinola,heinola_dji_0033,55,train,1
/workspace/Boreal-Forest-Fire/Boreal-Forest-Fire-Subset-A/Heinola-Images/heinola_DJI_0033_frame56.jpg,heinola,heinola_dji_0033,56,train,1
/workspace/Boreal-Forest-Fire/Boreal-Forest-Fire-Subset-A/Heinola-Images/heinola_DJI_0033_frame57.jpg,heinola,heinola_dji_0033,57,train,1
/workspace/Boreal-Forest-Fire/Boreal-Forest-Fire-Subset-A/Heinola-Images/heinola_DJI_0033_frame58.jpg,heinola,heinola_dji_0033,58,train,1
/workspace/Boreal-Forest-Fire/Boreal-Forest-Fire-Subset-A/Heinola-Images/heinola_DJI_0033_frame59.jpg,heinola,heinola_dji_0033,59,train,1
/workspace/Boreal-Forest-Fire/Boreal-Forest-Fire-Subset-A/Heinola-Images/heinola_DJI_0033_frame6.jpg,heinola,heinola_dji_0033,6,train,1
/workspace/Boreal-Forest-Fire/Boreal-Forest-Fire-Subset-A/Heinola-Images/heinola_DJI_0033_frame60.jpg,heinola,heinola_dji_0033,60,train,1
/workspace/Boreal-Forest-Fire/Boreal-Forest-Fire-Subset-A/Heinola-Images/heinola_DJI_0033_frame61.jpg,heinola,heinola_dji_0033,61,train,1
/workspace/Boreal-Forest-Fire/Boreal-Forest-Fire-Subset-A/Heinola-Images/heinola_DJI_0033_frame62.jpg,heinola,heinola_dji_0033,62,train,1
/workspace/Boreal-Forest-Fire/Boreal-Forest-Fire-Subset-A/Heinola-Images/heinola_DJI_0033_frame63.jpg,heinola,heinola_dji_0033,63,train,1
/workspace/Boreal-Forest-Fire/Boreal-Forest-Fire-Subset-A/Heinola-Images/heinola_DJI_0033_frame64.jpg,heinola,heinola_dji_0033,64,train,1
/workspace/Boreal-Forest-Fire/Boreal-Forest-Fire-Subset-A/Heinola-Images/heinola_DJI_0033_frame65.jpg,heinola,heinola_dji_0033,65,train,1
/workspace/Boreal-Forest-Fire/Boreal-Forest-Fire-Subset-A/Heinola-Images/heinola_DJI_0033_frame66.jpg,heinola,heinola_dji_0033,66,train,1
/workspace/Boreal-Forest-Fire/Boreal-Forest-Fire-Subset-A/Heinola-Images/heinola_DJI_0033_frame67.jpg,heinola,heinola_dji_0033,67,train,1
/workspace/Boreal-Forest-Fire/Boreal-Forest-Fire-Subset-A/Heinola-Images/heinola_DJI_0033_frame68.jpg,heinola,heinola_dji_0033,68,train,1
/workspace/Boreal-Forest-Fire/Boreal-Forest-Fire-Subset-A/Heinola-Images/heinola_DJI_0033_frame69.jpg,heinola,heinola_dji_0033,69,train,1
/workspace/Boreal-Forest-Fire/Boreal-Forest-Fire-Subset-A/Heinola-Images/heinola_DJI_0033_frame7.jpg,heinola,heinola_dji_0033,7,train,1
/workspace/Boreal-Forest-Fire/Boreal-Forest-Fire-Subset-A/Heinola-Images/heinola_DJI_0033_frame70.jpg,heinola,heinola_dji_0033,70,train,1
/workspace/Boreal-Forest-Fire/Boreal-Forest-Fire-Subset-A/Heinola-Images/heinola_DJI_0033_frame71.jpg,heinola,heinola_dji_0033,71,train,1
/workspace/Boreal-Forest-Fire/Boreal-Forest-Fire-Subset-A/Heinola-Images/heinola_DJI_0033_frame8.jpg,heinola,heinola_dji_0033,8,train,1
/workspace/Boreal-Forest-Fire/Boreal-Forest-Fire-Subset-A/Heinola-Images/heinola_DJI_0033_frame83.jpg,heinola,heinola_dji_0033,83,train,1
/workspace/Boreal-Forest-Fire/Boreal-Forest-Fire-Subset-A/Heinola-Images/heinola_DJI_0033_frame84.jpg,heinola,heinola_dji_0033,84,train,1
/workspace/Boreal-Forest-Fire/Boreal-Forest-Fire-Subset-A/Heinola-Images/heinola_DJI_0033_frame85.jpg,heinola,heinola_dji_0033,85,train,1
/workspace/Boreal-Forest-Fire/Boreal-Forest-Fire-Subset-A/Heinola-Images/heinola_DJI_0033_frame86.jpg,heinola,heinola_dji_0033,86,train,1
/workspace/Boreal-Forest-Fire/Boreal-Forest-Fire-Subset-A/Heinola-Images/heinola_DJI_0033_frame87.jpg,heinola,heinola_dji_0033,87,train,1
/workspace/Boreal-Forest-Fire/Boreal-Forest-Fire-Subset-A/Heinola-Images/heinola_DJI_0033_frame88.jpg,heinola,heinola_dji_0033,88,train,1
/workspace/Boreal-Forest-Fire/Boreal-Forest-Fire-Subset-A/Heinola-Images/heinola_DJI_0033_frame89.jpg,heinola,heinola_dji_0033,89,train,1
/workspace/Boreal-Forest-Fire/Boreal-Forest-Fire-Subset-A/Heinola-Images/heinola_DJI_0033_frame9.jpg,heinola,heinola_dji_0033,9,train,1
/workspace/Boreal-Forest-Fire/Boreal-Forest-Fire-Subset-A/Heinola-Images/heinola_DJI_0033_frame90.jpg,heinola,heinola_dji_0033,90,train,1
/workspace/Boreal-Forest-Fire/Boreal-Forest-Fire-Subset-A/Heinola-Images/heinola_DJI_0033_frame91.jpg,heinola,heinola_dji_0033,91,train,1
/workspace/Boreal-Forest-Fire/Boreal-Forest-Fire-Subset-A/Heinola-Images/heinola_DJI_0033_frame92.jpg,heinola,heinola_dji_0033,92,train,1
/workspace/Boreal-Forest-Fire/Boreal-Forest-Fire-Subset-A/Heinola-Images/heinola_DJI_0033_frame93.jpg,heinola,heinola_dji_0033,93,train,1
/workspace/Boreal-Forest-Fire/Boreal-Forest-Fire-Subset-A/Heinola-Images/heinola_DJI_0033_frame94.jpg,heinola,heinola_dji_0033,94,train,1
/workspace/Boreal-Forest-Fire/Boreal-Forest-Fire-Subset-A/Heinola-Images/heinola_DJI_0033_frame95.jpg,heinola,heinola_dji_0033,95,train,1
/workspace/Boreal-Forest-Fire/Boreal-Forest-Fire-Subset-A/Heinola-Images/heinola_DJI_0036_frame100.jpg,heinola,heinola_dji_0036,100,train,1
/workspace/Boreal-Forest-Fire/Boreal-Forest-Fire-Subset-A/Heinola-Images/heinola_DJI_0036_frame101.jpg,heinola,heinola_dji_0036,101,train,1
/workspace/Boreal-Forest-Fire/Boreal-Forest-Fire-Subset-A/Heinola-Images/heinola_DJI_0036_frame102.jpg,heinola,heinola_dji_0036,102,train,1
/workspace/Boreal-Forest-Fire/Boreal-Forest-Fire-Subset-A/Heinola-Images/heinola_DJI_0036_frame103.jpg,heinola,heinola_dji_0036,103,train,1
/workspace/Boreal-Forest-Fire/Boreal-Forest-Fire-Subset-A/Heinola-Images/heinola_DJI_0036_frame104.jpg,heinola,heinola_dji_0036,104,train,1
/workspace/Boreal-Forest-Fire/Boreal-Forest-Fire-Subset-A/Heinola-Images/heinola_DJI_0036_frame105.jpg,heinola,heinola_dji_0036,105,train,1
/workspace/Boreal-Forest-Fire/Boreal-Forest-Fire-Subset-A/Heinola-Images/heinola_DJI_0036_frame106.jpg,heinola,heinola_dji_0036,106,train,1
/workspace/Boreal-Forest-Fire/Boreal-Forest-Fire-Subset-A/Heinola-Images/heinola_DJI_0036_frame107.jpg,heinola,heinola_dji_0036,107,train,1
/workspace/Boreal-Forest-Fire/Boreal-Forest-Fire-Subset-A/Heinola-Images/heinola_DJI_0036_frame108.jpg,heinola,heinola_dji_0036,108,train,1
/workspace/Boreal-Forest-Fire/Boreal-Forest-Fire-Subset-A/Heinola-Images/heinola_DJI_0036_frame109.jpg,heinola,heinola_dji_0036,109,train,1
/workspace/Boreal-Forest-Fire/Boreal-Forest-Fire-Subset-A/Heinola-Images/heinola_DJI_0036_frame110.jpg,heinola,heinola_dji_0036,110,train,1
/workspace/Boreal-Forest-Fire/Boreal-Forest-Fire-Subset-A/Heinola-Images/heinola_DJI_0036_frame111.jpg,heinola,heinola_dji_0036,111,train,1
/workspace/Boreal-Forest-Fire/Boreal-Forest-Fire-Subset-A/Heinola-Images/heinola_DJI_0036_frame112.jpg,heinola,heinola_dji_0036,112,train,1
/workspace/Boreal-Forest-Fire/Boreal-Forest-Fire-Subset-A/Heinola-Images/heinola_DJI_0036_frame113.jpg,heinola,heinola_dji_0036,113,train,1
/workspace/Boreal-Forest-Fire/Boreal-Forest-Fire-Subset-A/Heinola-Images/heinola_DJI_0036_frame114.jpg,heinola,heinola_dji_0036,114,train,1
/workspace/Boreal-Forest-Fire/Boreal-Forest-Fire-Subset-A/Heinola-Images/heinola_DJI_0036_frame115.jpg,heinola,heinola_dji_0036,115,train,1
/workspace/Boreal-Forest-Fire/Boreal-Forest-Fire-Subset-A/Heinola-Images/heinola_DJI_0036_frame116.jpg,heinola,heinola_dji_0036,116,train,1
/workspace/Boreal-Forest-Fire/Boreal-Forest-Fire-Subset-A/Heinola-Images/heinola_DJI_0036_frame117.jpg,heinola,heinola_dji_0036,117,train,1
/workspace/Boreal-Forest-Fire/Boreal-Forest-Fire-Subset-A/Heinola-Images/heinola_DJI_0036_frame118.jpg,heinola,heinola_dji_0036,118,train,1
/workspace/Boreal-Forest-Fire/Boreal-Forest-Fire-Subset-A/Heinola-Images/heinola_DJI_0036_frame119.jpg,heinola,heinola_dji_0036,119,train,1
/workspace/Boreal-Forest-Fire/Boreal-Forest-Fire-Subset-A/Heinola-Images/heinola_DJI_0036_frame120.jpg,heinola,heinola_dji_0036,120,train,1
/workspace/Boreal-Forest-Fire/Boreal-Forest-Fire-Subset-A/Heinola-Images/heinola_DJI_0036_frame121.jpg,heinola,heinola_dji_0036,121,train,1
/workspace/Boreal-Forest-Fire/Boreal-Forest-Fire-Subset-A/Heinola-Images/heinola_DJI_0036_frame122.jpg,heinola,heinola_dji_0036,122,train,1
/workspace/Boreal-Forest-Fire/Boreal-Forest-Fire-Subset-A/Heinola-Images/heinola_DJI_0036_frame123.jpg,heinola,heinola_dji_0036,123,train,1
/workspace/Boreal-Forest-Fire/Boreal-Forest-Fire-Subset-A/Heinola-Images/heinola_DJI_0036_frame124.jpg,heinola,heinola_dji_0036,124,train,1
/workspace/Boreal-Forest-Fire/Boreal-Forest-Fire-Subset-A/Heinola-Images/heinola_DJI_0036_frame125.jpg,heinola,heinola_dji_0036,125,train,1
/workspace/Boreal-Forest-Fire/Boreal-Forest-Fire-Subset-A/Heinola-Images/heinola_DJI_0036_frame126.jpg,heinola,heinola_dji_0036,126,train,1
/workspace/Boreal-Forest-Fire/Boreal-Forest-Fire-Subset-A/Heinola-Images/heinola_DJI_0036_frame127.jpg,heinola,heinola_dji_0036,127,train,1
/workspace/Boreal-Forest-Fire/Boreal-Forest-Fire-Subset-A/Heinola-Images/heinola_DJI_0036_frame229.jpg,heinola,heinola_dji_0036,229,train,1
/workspace/Boreal-Forest-Fire/Boreal-Forest-Fire-Subset-A/Heinola-Images/heinola_DJI_0036_frame230.jpg,heinola,heinola_dji_0036,230,train,1
/workspace/Boreal-Forest-Fire/Boreal-Forest-Fire-Subset-A/Heinola-Images/heinola_DJI_0036_frame231.jpg,heinola,heinola_dji_0036,231,train,1
/workspace/Boreal-Forest-Fire/Boreal-Forest-Fire-Subset-A/Heinola-Images/heinola_DJI_0036_frame232.jpg,heinola,heinola_dji_0036,232,train,1
/workspace/Boreal-Forest-Fire/Boreal-Forest-Fire-Subset-A/Heinola-Images/heinola_DJI_0036_frame233.jpg,heinola,heinola_dji_0036,233,train,1
/workspace/Boreal-Forest-Fire/Boreal-Forest-Fire-Subset-A/Heinola-Images/heinola_DJI_0036_frame234.jpg,heinola,heinola_dji_0036,234,train,1
/workspace/Boreal-Forest-Fire/Boreal-Forest-Fire-Subset-A/Heinola-Images/heinola_DJI_0036_frame235.jpg,heinola,heinola_dji_0036,235,train,1
/workspace/Boreal-Forest-Fire/Boreal-Forest-Fire-Subset-A/Heinola-Images/heinola_DJI_0036_frame236.jpg,heinola,heinola_dji_0036,236,train,1
/workspace/Boreal-Forest-Fire/Boreal-Forest-Fire-Subset-A/Heinola-Images/heinola_DJI_0036_frame237.jpg,heinola,heinola_dji_0036,237,train,1
/workspace/Boreal-Forest-Fire/Boreal-Forest-Fire-Subset-A/Heinola-Images/heinola_DJI_0036_frame238.jpg,heinola,heinola_dji_0036,238,train,1
/workspace/Boreal-Forest-Fire/Boreal-Forest-Fire-Subset-A/Heinola-Images/heinola_DJI_0036_frame239.jpg,heinola,heinola_dji_0036,239,train,1
/workspace/Boreal-Forest-Fire/Boreal-Forest-Fire-Subset-A/Heinola-Images/heinola_DJI_0036_frame240.jpg,heinola,heinola_dji_0036,240,train,1
/workspace/Boreal-Forest-Fire/Boreal-Forest-Fire-Subset-A/Heinola-Images/heinola_DJI_0036_frame241.jpg,heinola,heinola_dji_0036,241,train,1
/workspace/Boreal-Forest-Fire/Boreal-Forest-Fire-Subset-A/Heinola-Images/heinola_DJI_0036_frame242.jpg,heinola,heinola_dji_0036,242,train,1
/workspace/Boreal-Forest-Fire/Boreal-Forest-Fire-Subset-A/Heinola-Images/heinola_DJI_0036_frame97.jpg,heinola,heinola_dji_0036,97,train,1
/workspace/Boreal-Forest-Fire/Boreal-Forest-Fire-Subset-A/Heinola-Images/heinola_DJI_0036_frame98.jpg,heinola,heinola_dji_0036,98,train,1
/workspace/Boreal-Forest-Fire/Boreal-Forest-Fire-Subset-A/Heinola-Images/heinola_DJI_0036_frame99.jpg,heinola,heinola_dji_0036,99,train,1
/workspace/Boreal-Forest-Fire/Boreal-Forest-Fire-Subset-A/Heinola-Images/heinola_DJI_0038_frame36.jpg,heinola,heinola_dji_0038,36,val,1
/workspace/Boreal-Forest-Fire/Boreal-Forest-Fire-Subset-A/Heinola-Images/heinola_DJI_0038_frame37.jpg,heinola,heinola_dji_0038,37,val,1
/workspace/Boreal-Forest-Fire/Boreal-Forest-Fire-Subset-A/Heinola-Images/heinola_DJI_0038_frame38.jpg,heinola,heinola_dji_0038,38,val,1
/workspace/Boreal-Forest-Fire/Boreal-Forest-Fire-Subset-A/Heinola-Images/heinola_DJI_0038_frame39.jpg,heinola,heinola_dji_0038,39,val,1
/workspace/Boreal-Forest-Fire/Boreal-Forest-Fire-Subset-A/Heinola-Images/heinola_DJI_0038_frame40.jpg,heinola,heinola_dji_0038,40,val,1
/workspace/Boreal-Forest-Fire/Boreal-Forest-Fire-Subset-A/Heinola-Images/heinola_DJI_0038_frame41.jpg,heinola,heinola_dji_0038,41,val,1
/workspace/Boreal-Forest-Fire/Boreal-Forest-Fire-Subset-A/Heinola-Images/heinola_DJI_0038_frame42.jpg,heinola,heinola_dji_0038,42,val,1
/workspace/Boreal-Forest-Fire/Boreal-Forest-Fire-Subset-A/Heinola-Images/heinola_DJI_0038_frame43.jpg,heinola,heinola_dji_0038,43,val,1
/workspace/Boreal-Forest-Fire/Boreal-Forest-Fire-Subset-A/Heinola-Images/heinola_DJI_0038_frame44.jpg,heinola,heinola_dji_0038,44,val,1
/workspace/Boreal-Forest-Fire/Boreal-Forest-Fire-Subset-A/Heinola-Images/heinola_DJI_0038_frame45.jpg,heinola,heinola_dji_0038,45,val,1
/workspace/Boreal-Forest-Fire/Boreal-Forest-Fire-Subset-A/Heinola-Images/heinola_DJI_0048_frame217.jpg,heinola,heinola_dji_0048,217,train,1
/workspace/Boreal-Forest-Fire/Boreal-Forest-Fire-Subset-A/Heinola-Images/heinola_DJI_0048_frame218.jpg,heinola,heinola_dji_0048,218,train,1
/workspace/Boreal-Forest-Fire/Boreal-Forest-Fire-Subset-A/Heinola-Images/heinola_DJI_0048_frame219.jpg,heinola,heinola_dji_0048,219,train,1
/workspace/Boreal-Forest-Fire/Boreal-Forest-Fire-Subset-A/Heinola-Images/heinola_DJI_0048_frame220.jpg,heinola,heinola_dji_0048,220,train,1
/workspace/Boreal-Forest-Fire/Boreal-Forest-Fire-Subset-A/Heinola-Images/heinola_DJI_0048_frame221.jpg,heinola,heinola_dji_0048,221,train,1
/workspace/Boreal-Forest-Fire/Boreal-Forest-Fire-Subset-A/Heinola-Images/heinola_DJI_0048_frame222.jpg,heinola,heinola_dji_0048,222,train,1
/workspace/Boreal-Forest-Fire/Boreal-Forest-Fire-Subset-A/Heinola-Images/heinola_DJI_0048_frame223.jpg,heinola,heinola_dji_0048,223,train,1
/workspace/Boreal-Forest-Fire/Boreal-Forest-Fire-Subset-A/Heinola-Images/heinola_DJI_0048_frame224.jpg,heinola,heinola_dji_0048,224,train,1
/workspace/Boreal-Forest-Fire/Boreal-Forest-Fire-Subset-A/Heinola-Images/heinola_DJI_0048_frame225.jpg,heinola,heinola_dji_0048,225,train,1
/workspace/Boreal-Forest-Fire/Boreal-Forest-Fire-Subset-A/Heinola-Images/heinola_DJI_0048_frame226.jpg,heinola,heinola_dji_0048,226,train,1
/workspace/Boreal-Forest-Fire/Boreal-Forest-Fire-Subset-A/Heinola-Images/heinola_DJI_0048_frame227.jpg,heinola,heinola_dji_0048,227,train,1
/workspace/Boreal-Forest-Fire/Boreal-Forest-Fire-Subset-A/Heinola-Images/heinola_DJI_0048_frame228.jpg,heinola,heinola_dji_0048,228,train,1
/workspace/Boreal-Forest-Fire/Boreal-Forest-Fire-Subset-A/Heinola-Images/heinola_DJI_0048_frame229.jpg,heinola,heinola_dji_0048,229,train,1
/workspace/Boreal-Forest-Fire/Boreal-Forest-Fire-Subset-A/Heinola-Images/heinola_DJI_0048_frame230.jpg,heinola,heinola_dji_0048,230,train,1
/workspace/Boreal-Forest-Fire/Boreal-Forest-Fire-Subset-A/Heinola-Images/heinola_DJI_0048_frame231.jpg,heinola,heinola_dji_0048,231,train,1
/workspace/Boreal-Forest-Fire/Boreal-Forest-Fire-Subset-A/Karkkila-Images/karkkila_DJI_0001_frame100.jpg,karkkila,karkkila_dji_0001,100,train,1
/workspace/Boreal-Forest-Fire/Boreal-Forest-Fire-Subset-A/Karkkila-Images/karkkila_DJI_0001_frame101.jpg,karkkila,karkkila_dji_0001,101,train,1
/workspace/Boreal-Forest-Fire/Boreal-Forest-Fire-Subset-A/Karkkila-Images/karkkila_DJI_0001_frame102.jpg,karkkila,karkkila_dji_0001,102,train,1
/workspace/Boreal-Forest-Fire/Boreal-Forest-Fire-Subset-A/Karkkila-Images/karkkila_DJI_0001_frame103.jpg,karkkila,karkkila_dji_0001,103,train,1
/workspace/Boreal-Forest-Fire/Boreal-Forest-Fire-Subset-A/Karkkila-Images/karkkila_DJI_0001_frame104.jpg,karkkila,karkkila_dji_0001,104,train,1
/workspace/Boreal-Forest-Fire/Boreal-Forest-Fire-Subset-A/Karkkila-Images/karkkila_DJI_0001_frame105.jpg,karkkila,karkkila_dji_0001,105,train,1
/workspace/Boreal-Forest-Fire/Boreal-Forest-Fire-Subset-A/Karkkila-Images/karkkila_DJI_0001_frame106.jpg,karkkila,karkkila_dji_0001,106,train,1
/workspace/Boreal-Forest-Fire/Boreal-Forest-Fire-Subset-A/Karkkila-Images/karkkila_DJI_0001_frame107.jpg,karkkila,karkkila_dji_0001,107,train,1
/workspace/Boreal-Forest-Fire/Boreal-Forest-Fire-Subset-A/Karkkila-Images/karkkila_DJI_0001_frame108.jpg,karkkila,karkkila_dji_0001,108,train,1
/workspace/Boreal-Forest-Fire/Boreal-Forest-Fire-Subset-A/Karkkila-Images/karkkila_DJI_0001_frame109.jpg,karkkila,karkkila_dji_0001,109,train,1
/workspace/Boreal-Forest-Fire/Boreal-Forest-Fire-Subset-A/Karkkila-Images/karkkila_DJI_0001_frame110.jpg,karkkila,karkkila_dji_0001,110,train,1
/workspace/Boreal-Forest-Fire/Boreal-Forest-Fire-Subset-A/Karkkila-Images/karkkila_DJI_0001_frame111.jpg,karkkila,karkkila_dji_0001,111,train,1
/workspace/Boreal-Forest-Fire/Boreal-Forest-Fire-Subset-A/Karkkila-Images/karkkila_DJI_0001_frame112.jpg,karkkila,karkkila_dji_0001,112,train,1
/workspace/Boreal-Forest-Fire/Boreal-Forest-Fire-Subset-A/Karkkila-Images/karkkila_DJI_0001_frame113.jpg,karkkila,karkkila_dji_0001,113,train,1
/workspace/Boreal-Forest-Fire/Boreal-Forest-Fire-Subset-A/Karkkila-Images/karkkila_DJI_0001_frame114.jpg,karkkila,karkkila_dji_0001,114,train,1
/workspace/Boreal-Forest-Fire/Boreal-Forest-Fire-Subset-A/Karkkila-Images/karkkila_DJI_0001_frame115.jpg,karkkila,karkkila_dji_0001,115,train,1
/workspace/Boreal-Forest-Fire/Boreal-Forest-Fire-Subset-A/Karkkila-Images/karkkila_DJI_0001_frame116.jpg,karkkila,karkkila_dji_0001,116,train,1
/workspace/Boreal-Forest-Fire/Boreal-Forest-Fire-Subset-A/Karkkila-Images/karkkila_DJI_0001_frame117.jpg,karkkila,karkkila_dji_0001,117,train,1
/workspace/Boreal-Forest-Fire/Boreal-Forest-Fire-Subset-A/Karkkila-Images/karkkila_DJI_0001_frame118.jpg,karkkila,karkkila_dji_0001,118,train,1
/workspace/Boreal-Forest-Fire/Boreal-Forest-Fire-Subset-A/Karkkila-Images/karkkila_DJI_0001_frame119.jpg,karkkila,karkkila_dji_0001,119,train,1
/workspace/Boreal-Forest-Fire/Boreal-Forest-Fire-Subset-A/Karkkila-Images/karkkila_DJI_0001_frame120.jpg,karkkila,karkkila_dji_0001,120,train,1
/workspace/Boreal-Forest-Fire/Boreal-Forest-Fire-Subset-A/Karkkila-Images/karkkila_DJI_0001_frame121.jpg,karkkila,karkkila_dji_0001,121,train,1
/workspace/Boreal-Forest-Fire/Boreal-Forest-Fire-Subset-A/Karkkila-Images/karkkila_DJI_0001_frame122.jpg,karkkila,karkkila_dji_0001,122,train,1
/workspace/Boreal-Forest-Fire/Boreal-Forest-Fire-Subset-A/Karkkila-Images/karkkila_DJI_0001_frame123.jpg,karkkila,karkkila_dji_0001,123,train,1
/workspace/Boreal-Forest-Fire/Boreal-Forest-Fire-Subset-A/Karkkila-Images/karkkila_DJI_0001_frame55.jpg,karkkila,karkkila_dji_0001,55,train,1
/workspace/Boreal-Forest-Fire/Boreal-Forest-Fire-Subset-A/Karkkila-Images/karkkila_DJI_0001_frame56.jpg,karkkila,karkkila_dji_0001,56,train,1
/workspace/Boreal-Forest-Fire/Boreal-Forest-Fire-Subset-A/Karkkila-Images/karkkila_DJI_0001_frame57.jpg,karkkila,karkkila_dji_0001,57,train,1
/workspace/Boreal-Forest-Fire/Boreal-Forest-Fire-Subset-A/Karkkila-Images/karkkila_DJI_0001_frame58.jpg,karkkila,karkkila_dji_0001,58,train,1
/workspace/Boreal-Forest-Fire/Boreal-Forest-Fire-Subset-A/Karkkila-Images/karkkila_DJI_0001_frame59.jpg,karkkila,karkkila_dji_0001,59,train,1
/workspace/Boreal-Forest-Fire/Boreal-Forest-Fire-Subset-A/Karkkila-Images/karkkila_DJI_0001_frame60.jpg,karkkila,karkkila_dji_0001,60,train,1
/workspace/Boreal-Forest-Fire/Boreal-Forest-Fire-Subset-A/Karkkila-Images/karkkila_DJI_0001_frame61.jpg,karkkila,karkkila_dji_0001,61,train,1
/workspace/Boreal-Forest-Fire/Boreal-Forest-Fire-Subset-A/Karkkila-Images/karkkila_DJI_0001_frame62.jpg,karkkila,karkkila_dji_0001,62,train,1
/workspace/Boreal-Forest-Fire/Boreal-Forest-Fire-Subset-A/Karkkila-Images/karkkila_DJI_0001_frame63.jpg,karkkila,karkkila_dji_0001,63,train,1
/workspace/Boreal-Forest-Fire/Boreal-Forest-Fire-Subset-A/Karkkila-Images/karkkila_DJI_0001_frame64.jpg,karkkila,karkkila_dji_0001,64,train,1
/workspace/Boreal-Forest-Fire/Boreal-Forest-Fire-Subset-A/Karkkila-Images/karkkila_DJI_0001_frame65.jpg,karkkila,karkkila_dji_0001,65,train,1
/workspace/Boreal-Forest-Fire/Boreal-Forest-Fire-Subset-A/Karkkila-Images/karkkila_DJI_0001_frame66.jpg,karkkila,karkkila_dji_0001,66,train,1
/workspace/Boreal-Forest-Fire/Boreal-Forest-Fire-Subset-A/Karkkila-Images/karkkila_DJI_0001_frame67.jpg,karkkila,karkkila_dji_0001,67,train,1
/workspace/Boreal-Forest-Fire/Boreal-Forest-Fire-Subset-A/Karkkila-Images/karkkila_DJI_0001_frame68.jpg,karkkila,karkkila_dji_0001,68,train,1
/workspace/Boreal-Forest-Fire/Boreal-Forest-Fire-Subset-A/Karkkila-Images/karkkila_DJI_0001_frame69.jpg,karkkila,karkkila_dji_0001,69,train,1
/workspace/Boreal-Forest-Fire/Boreal-Forest-Fire-Subset-A/Karkkila-Images/karkkila_DJI_0001_frame70.jpg,karkkila,karkkila_dji_0001,70,train,1
/workspace/Boreal-Forest-Fire/Boreal-Forest-Fire-Subset-A/Karkkila-Images/karkkila_DJI_0001_frame71.jpg,karkkila,karkkila_dji_0001,71,train,1
/workspace/Boreal-Forest-Fire/Boreal-Forest-Fire-Subset-A/Karkkila-Images/karkkila_DJI_0001_frame72.jpg,karkkila,karkkila_dji_0001,72,train,1
/workspace/Boreal-Forest-Fire/Boreal-Forest-Fire-Subset-A/Karkkila-Images/karkkila_DJI_0001_frame73.jpg,karkkila,karkkila_dji_0001,73,train,1
/workspace/Boreal-Forest-Fire/Boreal-Forest-Fire-Subset-A/Karkkila-Images/karkkila_DJI_0001_frame74.jpg,karkkila,karkkila_dji_0001,74,train,1
/workspace/Boreal-Forest-Fire/Boreal-Forest-Fire-Subset-A/Karkkila-Images/karkkila_DJI_0001_frame75.jpg,karkkila,karkkila_dji_0001,75,train,1
/workspace/Boreal-Forest-Fire/Boreal-Forest-Fire-Subset-A/Karkkila-Images/karkkila_DJI_0001_frame76.jpg,karkkila,karkkila_dji_0001,76,train,1
/workspace/Boreal-Forest-Fire/Boreal-Forest-Fire-Subset-A/Karkkila-Images/karkkila_DJI_0001_frame77.jpg,karkkila,karkkila_dji_0001,77,train,1
/workspace/Boreal-Forest-Fire/Boreal-Forest-Fire-Subset-A/Karkkila-Images/karkkila_DJI_0001_frame78.jpg,karkkila,karkkila_dji_0001,78,train,1
/workspace/Boreal-Forest-Fire/Boreal-Forest-Fire-Subset-A/Karkkila-Images/karkkila_DJI_0001_frame79.jpg,karkkila,karkkila_dji_0001,79,train,1
/workspace/Boreal-Forest-Fire/Boreal-Forest-Fire-Subset-A/Karkkila-Images/karkkila_DJI_0001_frame80.jpg,karkkila,karkkila_dji_0001,80,train,1
/workspace/Boreal-Forest-Fire/Boreal-Forest-Fire-Subset-A/Karkkila-Images/karkkila_DJI_0001_frame81.jpg,karkkila,karkkila_dji_0001,81,train,1
/workspace/Boreal-Forest-Fire/Boreal-Forest-Fire-Subset-A/Karkkila-Images/karkkila_DJI_0001_frame82.jpg,karkkila,karkkila_dji_0001,82,train,1
/workspace/Boreal-Forest-Fire/Boreal-Forest-Fire-Subset-A/Karkkila-Images/karkkila_DJI_0001_frame83.jpg,karkkila,karkkila_dji_0001,83,train,1
/workspace/Boreal-Forest-Fire/Boreal-Forest-Fire-Subset-A/Karkkila-Images/karkkila_DJI_0001_frame84.jpg,karkkila,karkkila_dji_0001,84,train,1
/workspace/Boreal-Forest-Fire/Boreal-Forest-Fire-Subset-A/Karkkila-Images/karkkila_DJI_0001_frame85.jpg,karkkila,karkkila_dji_0001,85,train,1
/workspace/Boreal-Forest-Fire/Boreal-Forest-Fire-Subset-A/Karkkila-Images/karkkila_DJI_0001_frame86.jpg,karkkila,karkkila_dji_0001,86,train,1
/workspace/Boreal-Forest-Fire/Boreal-Forest-Fire-Subset-A/Karkkila-Images/karkkila_DJI_0001_frame87.jpg,karkkila,karkkila_dji_0001,87,train,1
/workspace/Boreal-Forest-Fire/Boreal-Forest-Fire-Subset-A/Karkkila-Images/karkkila_DJI_0001_frame88.jpg,karkkila,karkkila_dji_0001,88,train,1
/workspace/Boreal-Forest-Fire/Boreal-Forest-Fire-Subset-A/Karkkila-Images/karkkila_DJI_0001_frame89.jpg,karkkila,karkkila_dji_0001,89,train,1
/workspace/Boreal-Forest-Fire/Boreal-Forest-Fire-Subset-A/Karkkila-Images/karkkila_DJI_0001_frame90.jpg,karkkila,karkkila_dji_0001,90,train,1
/workspace/Boreal-Forest-Fire/Boreal-Forest-Fire-Subset-A/Karkkila-Images/karkkila_DJI_0001_frame91.jpg,karkkila,karkkila_dji_0001,91,train,1
/workspace/Boreal-Forest-Fire/Boreal-Forest-Fire-Subset-A/Karkkila-Images/karkkila_DJI_0001_frame92.jpg,karkkila,karkkila_dji_0001,92,train,1
/workspace/Boreal-Forest-Fire/Boreal-Forest-Fire-Subset-A/Karkkila-Images/karkkila_DJI_0001_frame93.jpg,karkkila,karkkila_dji_0001,93,train,1
/workspace/Boreal-Forest-Fire/Boreal-Forest-Fire-Subset-A/Karkkila-Images/karkkila_DJI_0001_frame94.jpg,karkkila,karkkila_dji_0001,94,train,1
/workspace/Boreal-Forest-Fire/Boreal-Forest-Fire-Subset-A/Karkkila-Images/karkkila_DJI_0001_frame95.jpg,karkkila,karkkila_dji_0001,95,train,1
/workspace/Boreal-Forest-Fire/Boreal-Forest-Fire-Subset-A/Karkkila-Images/karkkila_DJI_0001_frame96.jpg,karkkila,karkkila_dji_0001,96,train,1
/workspace/Boreal-Forest-Fire/Boreal-Forest-Fire-Subset-A/Karkkila-Images/karkkila_DJI_0001_frame97.jpg,karkkila,karkkila_dji_0001,97,train,1
/workspace/Boreal-Forest-Fire/Boreal-Forest-Fire-Subset-A/Karkkila-Images/karkkila_DJI_0001_frame98.jpg,karkkila,karkkila_dji_0001,98,train,1
/workspace/Boreal-Forest-Fire/Boreal-Forest-Fire-Subset-A/Karkkila-Images/karkkila_DJI_0001_frame99.jpg,karkkila,karkkila_dji_0001,99,train,1
/workspace/Boreal-Forest-Fire/Boreal-Forest-Fire-Subset-A/Karkkila-Images/karkkila_DJI_0002_frame100.jpg,karkkila,karkkila_dji_0002,100,train,1
/workspace/Boreal-Forest-Fire/Boreal-Forest-Fire-Subset-A/Karkkila-Images/karkkila_DJI_0002_frame101.jpg,karkkila,karkkila_dji_0002,101,train,1
/workspace/Boreal-Forest-Fire/Boreal-Forest-Fire-Subset-A/Karkkila-Images/karkkila_DJI_0002_frame102.jpg,karkkila,karkkila_dji_0002,102,train,1
/workspace/Boreal-Forest-Fire/Boreal-Forest-Fire-Subset-A/Karkkila-Images/karkkila_DJI_0002_frame103.jpg,karkkila,karkkila_dji_0002,103,train,1
/workspace/Boreal-Forest-Fire/Boreal-Forest-Fire-Subset-A/Karkkila-Images/karkkila_DJI_0002_frame104.jpg,karkkila,karkkila_dji_0002,104,train,1
/workspace/Boreal-Forest-Fire/Boreal-Forest-Fire-Subset-A/Karkkila-Images/karkkila_DJI_0002_frame105.jpg,karkkila,karkkila_dji_0002,105,train,1
/workspace/Boreal-Forest-Fire/Boreal-Forest-Fire-Subset-A/Karkkila-Images/karkkila_DJI_0002_frame106.jpg,karkkila,karkkila_dji_0002,106,train,1
/workspace/Boreal-Forest-Fire/Boreal-Forest-Fire-Subset-A/Karkkila-Images/karkkila_DJI_0002_frame107.jpg,karkkila,karkkila_dji_0002,107,train,1
/workspace/Boreal-Forest-Fire/Boreal-Forest-Fire-Subset-A/Karkkila-Images/karkkila_DJI_0002_frame108.jpg,karkkila,karkkila_dji_0002,108,train,1
/workspace/Boreal-Forest-Fire/Boreal-Forest-Fire-Subset-A/Karkkila-Images/karkkila_DJI_0002_frame109.jpg,karkkila,karkkila_dji_0002,109,train,1
/workspace/Boreal-Forest-Fire/Boreal-Forest-Fire-Subset-A/Karkkila-Images/karkkila_DJI_0002_frame110.jpg,karkkila,karkkila_dji_0002,110,train,1
/workspace/Boreal-Forest-Fire/Boreal-Forest-Fire-Subset-A/Karkkila-Images/karkkila_DJI_0002_frame111.jpg,karkkila,karkkila_dji_0002,111,train,1
/workspace/Boreal-Forest-Fire/Boreal-Forest-Fire-Subset-A/Karkkila-Images/karkkila_DJI_0002_frame112.jpg,karkkila,karkkila_dji_0002,112,train,1
/workspace/Boreal-Forest-Fire/Boreal-Forest-Fire-Subset-A/Karkkila-Images/karkkila_DJI_0002_frame113.jpg,karkkila,karkkila_dji_0002,113,train,1
/workspace/Boreal-Forest-Fire/Boreal-Forest-Fire-Subset-A/Karkkila-Images/karkkila_DJI_0002_frame114.jpg,karkkila,karkkila_dji_0002,114,train,1
/workspace/Boreal-Forest-Fire/Boreal-Forest-Fire-Subset-A/Karkkila-Images/karkkila_DJI_0002_frame115.jpg,karkkila,karkkila_dji_0002,115,train,1
/workspace/Boreal-Forest-Fire/Boreal-Forest-Fire-Subset-A/Karkkila-Images/karkkila_DJI_0002_frame116.jpg,karkkila,karkkila_dji_0002,116,train,1
/workspace/Boreal-Forest-Fire/Boreal-Forest-Fire-Subset-A/Karkkila-Images/karkkila_DJI_0002_frame117.jpg,karkkila,karkkila_dji_0002,117,train,1
/workspace/Boreal-Forest-Fire/Boreal-Forest-Fire-Subset-A/Karkkila-Images/karkkila_DJI_0002_frame118.jpg,karkkila,karkkila_dji_0002,118,train,1
/workspace/Boreal-Forest-Fire/Boreal-Forest-Fire-Subset-A/Karkkila-Images/karkkila_DJI_0002_frame119.jpg,karkkila,karkkila_dji_0002,119,train,1
/workspace/Boreal-Forest-Fire/Boreal-Forest-Fire-Subset-A/Karkkila-Images/karkkila_DJI_0002_frame120.jpg,karkkila,karkkila_dji_0002,120,train,1
/workspace/Boreal-Forest-Fire/Boreal-Forest-Fire-Subset-A/Karkkila-Images/karkkila_DJI_0002_frame121.jpg,karkkila,karkkila_dji_0002,121,train,1
/workspace/Boreal-Forest-Fire/Boreal-Forest-Fire-Subset-A/Karkkila-Images/karkkila_DJI_0002_frame122.jpg,karkkila,karkkila_dji_0002,122,train,1
/workspace/Boreal-Forest-Fire/Boreal-Forest-Fire-Subset-A/Karkkila-Images/karkkila_DJI_0002_frame123.jpg,karkkila,karkkila_dji_0002,123,train,1
/workspace/Boreal-Forest-Fire/Boreal-Forest-Fire-Subset-A/Karkkila-Images/karkkila_DJI_0002_frame124.jpg,karkkila,karkkila_dji_0002,124,train,1
/workspace/Boreal-Forest-Fire/Boreal-Forest-Fire-Subset-A/Karkkila-Images/karkkila_DJI_0002_frame125.jpg,karkkila,karkkila_dji_0002,125,train,1
/workspace/Boreal-Forest-Fire/Boreal-Forest-Fire-Subset-A/Karkkila-Images/karkkila_DJI_0002_frame126.jpg,karkkila,karkkila_dji_0002,126,train,1
/workspace/Boreal-Forest-Fire/Boreal-Forest-Fire-Subset-A/Karkkila-Images/karkkila_DJI_0002_frame127.jpg,karkkila,karkkila_dji_0002,127,train,1
/workspace/Boreal-Forest-Fire/Boreal-Forest-Fire-Subset-A/Karkkila-Images/karkkila_DJI_0002_frame128.jpg,karkkila,karkkila_dji_0002,128,train,1
/workspace/Boreal-Forest-Fire/Boreal-Forest-Fire-Subset-A/Karkkila-Images/karkkila_DJI_0002_frame129.jpg,karkkila,karkkila_dji_0002,129,train,1
/workspace/Boreal-Forest-Fire/Boreal-Forest-Fire-Subset-A/Karkkila-Images/karkkila_DJI_0002_frame130.jpg,karkkila,karkkila_dji_0002,130,train,1
/workspace/Boreal-Forest-Fire/Boreal-Forest-Fire-Subset-A/Karkkila-Images/karkkila_DJI_0002_frame131.jpg,karkkila,karkkila_dji_0002,131,train,1
/workspace/Boreal-Forest-Fire/Boreal-Forest-Fire-Subset-A/Karkkila-Images/karkkila_DJI_0002_frame132.jpg,karkkila,karkkila_dji_0002,132,train,1
/workspace/Boreal-Forest-Fire/Boreal-Forest-Fire-Subset-A/Karkkila-Images/karkkila_DJI_0002_frame133.jpg,karkkila,karkkila_dji_0002,133,train,1
/workspace/Boreal-Forest-Fire/Boreal-Forest-Fire-Subset-A/Karkkila-Images/karkkila_DJI_0002_frame134.jpg,karkkila,karkkila_dji_0002,134,train,1
/workspace/Boreal-Forest-Fire/Boreal-Forest-Fire-Subset-A/Karkkila-Images/karkkila_DJI_0002_frame135.jpg,karkkila,karkkila_dji_0002,135,train,1
/workspace/Boreal-Forest-Fire/Boreal-Forest-Fire-Subset-A/Karkkila-Images/karkkila_DJI_0002_frame136.jpg,karkkila,karkkila_dji_0002,136,train,1
/workspace/Boreal-Forest-Fire/Boreal-Forest-Fire-Subset-A/Karkkila-Images/karkkila_DJI_0002_frame137.jpg,karkkila,karkkila_dji_0002,137,train,1
/workspace/Boreal-Forest-Fire/Boreal-Forest-Fire-Subset-A/Karkkila-Images/karkkila_DJI_0002_frame138.jpg,karkkila,karkkila_dji_0002,138,train,1
/workspace/Boreal-Forest-Fire/Boreal-Forest-Fire-Subset-A/Karkkila-Images/karkkila_DJI_0002_frame139.jpg,karkkila,karkkila_dji_0002,139,train,1
/workspace/Boreal-Forest-Fire/Boreal-Forest-Fire-Subset-A/Karkkila-Images/karkkila_DJI_0002_frame140.jpg,karkkila,karkkila_dji_0002,140,train,1
/workspace/Boreal-Forest-Fire/Boreal-Forest-Fire-Subset-A/Karkkila-Images/karkkila_DJI_0002_frame141.jpg,karkkila,karkkila_dji_0002,141,train,1
/workspace/Boreal-Forest-Fire/Boreal-Forest-Fire-Subset-A/Karkkila-Images/karkkila_DJI_0002_frame142.jpg,karkkila,karkkila_dji_0002,142,train,1
/workspace/Boreal-Forest-Fire/Boreal-Forest-Fire-Subset-A/Karkkila-Images/karkkila_DJI_0002_frame143.jpg,karkkila,karkkila_dji_0002,143,train,1
/workspace/Boreal-Forest-Fire/Boreal-Forest-Fire-Subset-A/Karkkila-Images/karkkila_DJI_0002_frame144.jpg,karkkila,karkkila_dji_0002,144,train,1
/workspace/Boreal-Forest-Fire/Boreal-Forest-Fire-Subset-A/Karkkila-Images/karkkila_DJI_0002_frame145.jpg,karkkila,karkkila_dji_0002,145,train,1
/workspace/Boreal-Forest-Fire/Boreal-Forest-Fire-Subset-A/Karkkila-Images/karkkila_DJI_0002_frame146.jpg,karkkila,karkkila_dji_0002,146,train,1
/workspace/Boreal-Forest-Fire/Boreal-Forest-Fire-Subset-A/Karkkila-Images/karkkila_DJI_0002_frame147.jpg,karkkila,karkkila_dji_0002,147,train,1
/workspace/Boreal-Forest-Fire/Boreal-Forest-Fire-Subset-A/Karkkila-Images/karkkila_DJI_0002_frame148.jpg,karkkila,karkkila_dji_0002,148,train,1
/workspace/Boreal-Forest-Fire/Boreal-Forest-Fire-Subset-A/Karkkila-Images/karkkila_DJI_0002_frame149.jpg,karkkila,karkkila_dji_0002,149,train,1
/workspace/Boreal-Forest-Fire/Boreal-Forest-Fire-Subset-A/Karkkila-Images/karkkila_DJI_0002_frame150.jpg,karkkila,karkkila_dji_0002,150,train,1
/workspace/Boreal-Forest-Fire/Boreal-Forest-Fire-Subset-A/Karkkila-Images/karkkila_DJI_0002_frame151.jpg,karkkila,karkkila_dji_0002,151,train,1
/workspace/Boreal-Forest-Fire/Boreal-Forest-Fire-Subset-A/Karkkila-Images/karkkila_DJI_0002_frame152.jpg,karkkila,karkkila_dji_0002,152,train,1
/workspace/Boreal-Forest-Fire/Boreal-Forest-Fire-Subset-A/Karkkila-Images/karkkila_DJI_0002_frame153.jpg,karkkila,karkkila_dji_0002,153,train,1
/workspace/Boreal-Forest-Fire/Boreal-Forest-Fire-Subset-A/Karkkila-Images/karkkila_DJI_0002_frame154.jpg,karkkila,karkkila_dji_0002,154,train,1
/workspace/Boreal-Forest-Fire/Boreal-Forest-Fire-Subset-A/Karkkila-Images/karkkila_DJI_0002_frame155.jpg,karkkila,karkkila_dji_0002,155,train,1
/workspace/Boreal-Forest-Fire/Boreal-Forest-Fire-Subset-A/Karkkila-Images/karkkila_DJI_0002_frame156.jpg,karkkila,karkkila_dji_0002,156,train,1
/workspace/Boreal-Forest-Fire/Boreal-Forest-Fire-Subset-A/Karkkila-Images/karkkila_DJI_0002_frame157.jpg,karkkila,karkkila_dji_0002,157,train,1
/workspace/Boreal-Forest-Fire/Boreal-Forest-Fire-Subset-A/Karkkila-Images/karkkila_DJI_0002_frame158.jpg,karkkila,karkkila_dji_0002,158,train,1
/workspace/Boreal-Forest-Fire/Boreal-Forest-Fire-Subset-A/Karkkila-Images/karkkila_DJI_0002_frame159.jpg,karkkila,karkkila_dji_0002,159,train,1
/workspace/Boreal-Forest-Fire/Boreal-Forest-Fire-Subset-A/Karkkila-Images/karkkila_DJI_0002_frame160.jpg,karkkila,karkkila_dji_0002,160,train,1
/workspace/Boreal-Forest-Fire/Boreal-Forest-Fire-Subset-A/Karkkila-Images/karkkila_DJI_0002_frame161.jpg,karkkila,karkkila_dji_0002,161,train,1
/workspace/Boreal-Forest-Fire/Boreal-Forest-Fire-Subset-A/Karkkila-Images/karkkila_DJI_0002_frame162.jpg,karkkila,karkkila_dji_0002,162,train,1
/workspace/Boreal-Forest-Fire/Boreal-Forest-Fire-Subset-A/Karkkila-Images/karkkila_DJI_0002_frame163.jpg,karkkila,karkkila_dji_0002,163,train,1
/workspace/Boreal-Forest-Fire/Boreal-Forest-Fire-Subset-A/Karkkila-Images/karkkila_DJI_0002_frame164.jpg,karkkila,karkkila_dji_0002,164,train,1
/workspace/Boreal-Forest-Fire/Boreal-Forest-Fire-Subset-A/Karkkila-Images/karkkila_DJI_0002_frame165.jpg,karkkila,karkkila_dji_0002,165,train,1
/workspace/Boreal-Forest-Fire/Boreal-Forest-Fire-Subset-A/Karkkila-Images/karkkila_DJI_0002_frame166.jpg,karkkila,karkkila_dji_0002,166,train,1
/workspace/Boreal-Forest-Fire/Boreal-Forest-Fire-Subset-A/Karkkila-Images/karkkila_DJI_0002_frame167.jpg,karkkila,karkkila_dji_0002,167,train,1
/workspace/Boreal-Forest-Fire/Boreal-Forest-Fire-Subset-A/Karkkila-Images/karkkila_DJI_0002_frame168.jpg,karkkila,karkkila_dji_0002,168,train,1
/workspace/Boreal-Forest-Fire/Boreal-Forest-Fire-Subset-A/Karkkila-Images/karkkila_DJI_0002_frame169.jpg,karkkila,karkkila_dji_0002,169,train,1
/workspace/Boreal-Forest-Fire/Boreal-Forest-Fire-Subset-A/Karkkila-Images/karkkila_DJI_0002_frame170.jpg,karkkila,karkkila_dji_0002,170,train,1
/workspace/Boreal-Forest-Fire/Boreal-Forest-Fire-Subset-A/Karkkila-Images/karkkila_DJI_0002_frame46.jpg,karkkila,karkkila_dji_0002,46,train,1
/workspace/Boreal-Forest-Fire/Boreal-Forest-Fire-Subset-A/Karkkila-Images/karkkila_DJI_0002_frame47.jpg,karkkila,karkkila_dji_0002,47,train,1
/workspace/Boreal-Forest-Fire/Boreal-Forest-Fire-Subset-A/Karkkila-Images/karkkila_DJI_0002_frame48.jpg,karkkila,karkkila_dji_0002,48,train,1
/workspace/Boreal-Forest-Fire/Boreal-Forest-Fire-Subset-A/Karkkila-Images/karkkila_DJI_0002_frame49.jpg,karkkila,karkkila_dji_0002,49,train,1
/workspace/Boreal-Forest-Fire/Boreal-Forest-Fire-Subset-A/Karkkila-Images/karkkila_DJI_0002_frame50.jpg,karkkila,karkkila_dji_0002,50,train,1
/workspace/Boreal-Forest-Fire/Boreal-Forest-Fire-Subset-A/Karkkila-Images/karkkila_DJI_0002_frame51.jpg,karkkila,karkkila_dji_0002,51,train,1
/workspace/Boreal-Forest-Fire/Boreal-Forest-Fire-Subset-A/Karkkila-Images/karkkila_DJI_0002_frame52.jpg,karkkila,karkkila_dji_0002,52,train,1
/workspace/Boreal-Forest-Fire/Boreal-Forest-Fire-Subset-A/Karkkila-Images/karkkila_DJI_0002_frame53.jpg,karkkila,karkkila_dji_0002,53,train,1
/workspace/Boreal-Forest-Fire/Boreal-Forest-Fire-Subset-A/Karkkila-Images/karkkila_DJI_0002_frame54.jpg,karkkila,karkkila_dji_0002,54,train,1
/workspace/Boreal-Forest-Fire/Boreal-Forest-Fire-Subset-A/Karkkila-Images/karkkila_DJI_0002_frame55.jpg,karkkila,karkkila_dji_0002,55,train,1
/workspace/Boreal-Forest-Fire/Boreal-Forest-Fire-Subset-A/Karkkila-Images/karkkila_DJI_0002_frame56.jpg,karkkila,karkkila_dji_0002,56,train,1
/workspace/Boreal-Forest-Fire/Boreal-Forest-Fire-Subset-A/Karkkila-Images/karkkila_DJI_0002_frame57.jpg,karkkila,karkkila_dji_0002,57,train,1
/workspace/Boreal-Forest-Fire/Boreal-Forest-Fire-Subset-A/Karkkila-Images/karkkila_DJI_0002_frame58.jpg,karkkila,karkkila_dji_0002,58,train,1
/workspace/Boreal-Forest-Fire/Boreal-Forest-Fire-Subset-A/Karkkila-Images/karkkila_DJI_0002_frame59.jpg,karkkila,karkkila_dji_0002,59,train,1
/workspace/Boreal-Forest-Fire/Boreal-Forest-Fire-Subset-A/Karkkila-Images/karkkila_DJI_0002_frame60.jpg,karkkila,karkkila_dji_0002,60,train,1
/workspace/Boreal-Forest-Fire/Boreal-Forest-Fire-Subset-A/Karkkila-Images/karkkila_DJI_0002_frame61.jpg,karkkila,karkkila_dji_0002,61,train,1
/workspace/Boreal-Forest-Fire/Boreal-Forest-Fire-Subset-A/Karkkila-Images/karkkila_DJI_0002_frame62.jpg,karkkila,karkkila_dji_0002,62,train,1
/workspace/Boreal-Forest-Fire/Boreal-Forest-Fire-Subset-A/Karkkila-Images/karkkila_DJI_0002_frame63.jpg,karkkila,karkkila_dji_0002,63,train,1
/workspace/Boreal-Forest-Fire/Boreal-Forest-Fire-Subset-A/Karkkila-Images/karkkila_DJI_0002_frame64.jpg,karkkila,karkkila_dji_0002,64,train,1
/workspace/Boreal-Forest-Fire/Boreal-Forest-Fire-Subset-A/Karkkila-Images/karkkila_DJI_0002_frame65.jpg,karkkila,karkkila_dji_0002,65,train,1
/workspace/Boreal-Forest-Fire/Boreal-Forest-Fire-Subset-A/Karkkila-Images/karkkila_DJI_0002_frame66.jpg,karkkila,karkkila_dji_0002,66,train,1
/workspace/Boreal-Forest-Fire/Boreal-Forest-Fire-Subset-A/Karkkila-Images/karkkila_DJI_0002_frame67.jpg,karkkila,karkkila_dji_0002,67,train,1
/workspace/Boreal-Forest-Fire/Boreal-Forest-Fire-Subset-A/Karkkila-Images/karkkila_DJI_0002_frame68.jpg,karkkila,karkkila_dji_0002,68,train,1
/workspace/Boreal-Forest-Fire/Boreal-Forest-Fire-Subset-A/Karkkila-Images/karkkila_DJI_0002_frame69.jpg,karkkila,karkkila_dji_0002,69,train,1
/workspace/Boreal-Forest-Fire/Boreal-Forest-Fire-Subset-A/Karkkila-Images/karkkila_DJI_0002_frame70.jpg,karkkila,karkkila_dji_0002,70,train,1
/workspace/Boreal-Forest-Fire/Boreal-Forest-Fire-Subset-A/Karkkila-Images/karkkila_DJI_0002_frame71.jpg,karkkila,karkkila_dji_0002,71,train,1
/workspace/Boreal-Forest-Fire/Boreal-Forest-Fire-Subset-A/Karkkila-Images/karkkila_DJI_0002_frame72.jpg,karkkila,karkkila_dji_0002,72,train,1
/workspace/Boreal-Forest-Fire/Boreal-Forest-Fire-Subset-A/Karkkila-Images/karkkila_DJI_0002_frame73.jpg,karkkila,karkkila_dji_0002,73,train,1
/workspace/Boreal-Forest-Fire/Boreal-Forest-Fire-Subset-A/Karkkila-Images/karkkila_DJI_0002_frame74.jpg,karkkila,karkkila_dji_0002,74,train,1
/workspace/Boreal-Forest-Fire/Boreal-Forest-Fire-Subset-A/Karkkila-Images/karkkila_DJI_0002_frame75.jpg,karkkila,karkkila_dji_0002,75,train,1
/workspace/Boreal-Forest-Fire/Boreal-Forest-Fire-Subset-A/Karkkila-Images/karkkila_DJI_0002_frame76.jpg,karkkila,karkkila_dji_0002,76,train,1
/workspace/Boreal-Forest-Fire/Boreal-Forest-Fire-Subset-A/Karkkila-Images/karkkila_DJI_0002_frame77.jpg,karkkila,karkkila_dji_0002,77,train,1
/workspace/Boreal-Forest-Fire/Boreal-Forest-Fire-Subset-A/Karkkila-Images/karkkila_DJI_0002_frame78.jpg,karkkila,karkkila_dji_0002,78,train,1
/workspace/Boreal-Forest-Fire/Boreal-Forest-Fire-Subset-A/Karkkila-Images/karkkila_DJI_0002_frame79.jpg,karkkila,karkkila_dji_0002,79,train,1
/workspace/Boreal-Forest-Fire/Boreal-Forest-Fire-Subset-A/Karkkila-Images/karkkila_DJI_0002_frame80.jpg,karkkila,karkkila_dji_0002,80,train,1
/workspace/Boreal-Forest-Fire/Boreal-Forest-Fire-Subset-A/Karkkila-Images/karkkila_DJI_0002_frame81.jpg,karkkila,karkkila_dji_0002,81,train,1
/workspace/Boreal-Forest-Fire/Boreal-Forest-Fire-Subset-A/Karkkila-Images/karkkila_DJI_0002_frame82.jpg,karkkila,karkkila_dji_0002,82,train,1
/workspace/Boreal-Forest-Fire/Boreal-Forest-Fire-Subset-A/Karkkila-Images/karkkila_DJI_0002_frame83.jpg,karkkila,karkkila_dji_0002,83,train,1
/workspace/Boreal-Forest-Fire/Boreal-Forest-Fire-Subset-A/Karkkila-Images/karkkila_DJI_0002_frame84.jpg,karkkila,karkkila_dji_0002,84,train,1
/workspace/Boreal-Forest-Fire/Boreal-Forest-Fire-Subset-A/Karkkila-Images/karkkila_DJI_0002_frame85.jpg,karkkila,karkkila_dji_0002,85,train,1
/workspace/Boreal-Forest-Fire/Boreal-Forest-Fire-Subset-A/Karkkila-Images/karkkila_DJI_0002_frame86.jpg,karkkila,karkkila_dji_0002,86,train,1
/workspace/Boreal-Forest-Fire/Boreal-Forest-Fire-Subset-A/Karkkila-Images/karkkila_DJI_0002_frame87.jpg,karkkila,karkkila_dji_0002,87,train,1
/workspace/Boreal-Forest-Fire/Boreal-Forest-Fire-Subset-A/Karkkila-Images/karkkila_DJI_0002_frame88.jpg,karkkila,karkkila_dji_0002,88,train,1
/workspace/Boreal-Forest-Fire/Boreal-Forest-Fire-Subset-A/Karkkila-Images/karkkila_DJI_0002_frame89.jpg,karkkila,karkkila_dji_0002,89,train,1
/workspace/Boreal-Forest-Fire/Boreal-Forest-Fire-Subset-A/Karkkila-Images/karkkila_DJI_0002_frame90.jpg,karkkila,karkkila_dji_0002,90,train,1
/workspace/Boreal-Forest-Fire/Boreal-Forest-Fire-Subset-A/Karkkila-Images/karkkila_DJI_0002_frame91.jpg,karkkila,karkkila_dji_0002,91,train,1
/workspace/Boreal-Forest-Fire/Boreal-Forest-Fire-Subset-A/Karkkila-Images/karkkila_DJI_0002_frame92.jpg,karkkila,karkkila_dji_0002,92,train,1
/workspace/Boreal-Forest-Fire/Boreal-Forest-Fire-Subset-A/Karkkila-Images/karkkila_DJI_0002_frame93.jpg,karkkila,karkkila_dji_0002,93,train,1
/workspace/Boreal-Forest-Fire/Boreal-Forest-Fire-Subset-A/Karkkila-Images/karkkila_DJI_0002_frame94.jpg,karkkila,karkkila_dji_0002,94,train,1
/workspace/Boreal-Forest-Fire/Boreal-Forest-Fire-Subset-A/Karkkila-Images/karkkila_DJI_0002_frame95.jpg,karkkila,karkkila_dji_0002,95,train,1
/workspace/Boreal-Forest-Fire/Boreal-Forest-Fire-Subset-A/Karkkila-Images/karkkila_DJI_0002_frame96.jpg,karkkila,karkkila_dji_0002,96,train,1
/workspace/Boreal-Forest-Fire/Boreal-Forest-Fire-Subset-A/Karkkila-Images/karkkila_DJI_0002_frame97.jpg,karkkila,karkkila_dji_0002,97,train,1
/workspace/Boreal-Forest-Fire/Boreal-Forest-Fire-Subset-A/Karkkila-Images/karkkila_DJI_0002_frame98.jpg,karkkila,karkkila_dji_0002,98,train,1
/workspace/Boreal-Forest-Fire/Boreal-Forest-Fire-Subset-A/Karkkila-Images/karkkila_DJI_0002_frame99.jpg,karkkila,karkkila_dji_0002,99,train,1
/workspace/Boreal-Forest-Fire/Boreal-Forest-Fire-Subset-A/Karkkila-Images/karkkila_DJI_0003_frame0.jpg,karkkila,karkkila_dji_0003,0,test,1
/workspace/Boreal-Forest-Fire/Boreal-Forest-Fire-Subset-A/Karkkila-Images/karkkila_DJI_0003_frame1.jpg,karkkila,karkkila_dji_0003,1,test,1
/workspace/Boreal-Forest-Fire/Boreal-Forest-Fire-Subset-A/Karkkila-Images/karkkila_DJI_0003_frame10.jpg,karkkila,karkkila_dji_0003,10,test,1
/workspace/Boreal-Forest-Fire/Boreal-Forest-Fire-Subset-A/Karkkila-Images/karkkila_DJI_0003_frame11.jpg,karkkila,karkkila_dji_0003,11,test,1
/workspace/Boreal-Forest-Fire/Boreal-Forest-Fire-Subset-A/Karkkila-Images/karkkila_DJI_0003_frame12.jpg,karkkila,karkkila_dji_0003,12,test,1
/workspace/Boreal-Forest-Fire/Boreal-Forest-Fire-Subset-A/Karkkila-Images/karkkila_DJI_0003_frame13.jpg,karkkila,karkkila_dji_0003,13,test,1
/workspace/Boreal-Forest-Fire/Boreal-Forest-Fire-Subset-A/Karkkila-Images/karkkila_DJI_0003_frame14.jpg,karkkila,karkkila_dji_0003,14,test,1
/workspace/Boreal-Forest-Fire/Boreal-Forest-Fire-Subset-A/Karkkila-Images/karkkila_DJI_0003_frame15.jpg,karkkila,karkkila_dji_0003,15,test,1
/workspace/Boreal-Forest-Fire/Boreal-Forest-Fire-Subset-A/Karkkila-Images/karkkila_DJI_0003_frame16.jpg,karkkila,karkkila_dji_0003,16,test,1
/workspace/Boreal-Forest-Fire/Boreal-Forest-Fire-Subset-A/Karkkila-Images/karkkila_DJI_0003_frame17.jpg,karkkila,karkkila_dji_0003,17,test,1
/workspace/Boreal-Forest-Fire/Boreal-Forest-Fire-Subset-A/Karkkila-Images/karkkila_DJI_0003_frame18.jpg,karkkila,karkkila_dji_0003,18,test,1
/workspace/Boreal-Forest-Fire/Boreal-Forest-Fire-Subset-A/Karkkila-Images/karkkila_DJI_0003_frame19.jpg,karkkila,karkkila_dji_0003,19,test,1
/workspace/Boreal-Forest-Fire/Boreal-Forest-Fire-Subset-A/Karkkila-Images/karkkila_DJI_0003_frame2.jpg,karkkila,karkkila_dji_0003,2,test,1
/workspace/Boreal-Forest-Fire/Boreal-Forest-Fire-Subset-A/Karkkila-Images/karkkila_DJI_0003_frame20.jpg,karkkila,karkkila_dji_0003,20,test,1
/workspace/Boreal-Forest-Fire/Boreal-Forest-Fire-Subset-A/Karkkila-Images/karkkila_DJI_0003_frame21.jpg,karkkila,karkkila_dji_0003,21,test,1
/workspace/Boreal-Forest-Fire/Boreal-Forest-Fire-Subset-A/Karkkila-Images/karkkila_DJI_0003_frame22.jpg,karkkila,karkkila_dji_0003,22,test,1
/workspace/Boreal-Forest-Fire/Boreal-Forest-Fire-Subset-A/Karkkila-Images/karkkila_DJI_0003_frame23.jpg,karkkila,karkkila_dji_0003,23,test,1
/workspace/Boreal-Forest-Fire/Boreal-Forest-Fire-Subset-A/Karkkila-Images/karkkila_DJI_0003_frame3.jpg,karkkila,karkkila_dji_0003,3,test,1
/workspace/Boreal-Forest-Fire/Boreal-Forest-Fire-Subset-A/Karkkila-Images/karkkila_DJI_0003_frame4.jpg,karkkila,karkkila_dji_0003,4,test,1
/workspace/Boreal-Forest-Fire/Boreal-Forest-Fire-Subset-A/Karkkila-Images/karkkila_DJI_0003_frame41.jpg,karkkila,karkkila_dji_0003,41,test,1
/workspace/Boreal-Forest-Fire/Boreal-Forest-Fire-Subset-A/Karkkila-Images/karkkila_DJI_0003_frame42.jpg,karkkila,karkkila_dji_0003,42,test,1
/workspace/Boreal-Forest-Fire/Boreal-Forest-Fire-Subset-A/Karkkila-Images/karkkila_DJI_0003_frame5.jpg,karkkila,karkkila_dji_0003,5,test,1
/workspace/Boreal-Forest-Fire/Boreal-Forest-Fire-Subset-A/Karkkila-Images/karkkila_DJI_0003_frame6.jpg,karkkila,karkkila_dji_0003,6,test,1
/workspace/Boreal-Forest-Fire/Boreal-Forest-Fire-Subset-A/Karkkila-Images/karkkila_DJI_0003_frame7.jpg,karkkila,karkkila_dji_0003,7,test,1
/workspace/Boreal-Forest-Fire/Boreal-Forest-Fire-Subset-A/Karkkila-Images/karkkila_DJI_0003_frame8.jpg,karkkila,karkkila_dji_0003,8,test,1
/workspace/Boreal-Forest-Fire/Boreal-Forest-Fire-Subset-A/Karkkila-Images/karkkila_DJI_0003_frame9.jpg,karkkila,karkkila_dji_0003,9,test,1
/workspace/Boreal-Forest-Fire/Boreal-Forest-Fire-Subset-A/Karkkila-Images/karkkila_DJI_0004_frame100.jpg,karkkila,karkkila_dji_0004,100,train,1
/workspace/Boreal-Forest-Fire/Boreal-Forest-Fire-Subset-A/Karkkila-Images/karkkila_DJI_0004_frame101.jpg,karkkila,karkkila_dji_0004,101,train,1
/workspace/Boreal-Forest-Fire/Boreal-Forest-Fire-Subset-A/Karkkila-Images/karkkila_DJI_0004_frame102.jpg,karkkila,karkkila_dji_0004,102,train,1
/workspace/Boreal-Forest-Fire/Boreal-Forest-Fire-Subset-A/Karkkila-Images/karkkila_DJI_0004_frame103.jpg,karkkila,karkkila_dji_0004,103,train,1
/workspace/Boreal-Forest-Fire/Boreal-Forest-Fire-Subset-A/Karkkila-Images/karkkila_DJI_0004_frame104.jpg,karkkila,karkkila_dji_0004,104,train,1
/workspace/Boreal-Forest-Fire/Boreal-Forest-Fire-Subset-A/Karkkila-Images/karkkila_DJI_0004_frame105.jpg,karkkila,karkkila_dji_0004,105,train,1
/workspace/Boreal-Forest-Fire/Boreal-Forest-Fire-Subset-A/Karkkila-Images/karkkila_DJI_0004_frame106.jpg,karkkila,karkkila_dji_0004,106,train,1
/workspace/Boreal-Forest-Fire/Boreal-Forest-Fire-Subset-A/Karkkila-Images/karkkila_DJI_0004_frame107.jpg,karkkila,karkkila_dji_0004,107,train,1
/workspace/Boreal-Forest-Fire/Boreal-Forest-Fire-Subset-A/Karkkila-Images/karkkila_DJI_0004_frame108.jpg,karkkila,karkkila_dji_0004,108,train,1
/workspace/Boreal-Forest-Fire/Boreal-Forest-Fire-Subset-A/Karkkila-Images/karkkila_DJI_0004_frame109.jpg,karkkila,karkkila_dji_0004,109,train,1
/workspace/Boreal-Forest-Fire/Boreal-Forest-Fire-Subset-A/Karkkila-Images/karkkila_DJI_0004_frame110.jpg,karkkila,karkkila_dji_0004,110,train,1
/workspace/Boreal-Forest-Fire/Boreal-Forest-Fire-Subset-A/Karkkila-Images/karkkila_DJI_0004_frame111.jpg,karkkila,karkkila_dji_0004,111,train,1
/workspace/Boreal-Forest-Fire/Boreal-Forest-Fire-Subset-A/Karkkila-Images/karkkila_DJI_0004_frame112.jpg,karkkila,karkkila_dji_0004,112,train,1
/workspace/Boreal-Forest-Fire/Boreal-Forest-Fire-Subset-A/Karkkila-Images/karkkila_DJI_0004_frame113.jpg,karkkila,karkkila_dji_0004,113,train,1
/workspace/Boreal-Forest-Fire/Boreal-Forest-Fire-Subset-A/Karkkila-Images/karkkila_DJI_0004_frame114.jpg,karkkila,karkkila_dji_0004,114,train,1
/workspace/Boreal-Forest-Fire/Boreal-Forest-Fire-Subset-A/Karkkila-Images/karkkila_DJI_0004_frame115.jpg,karkkila,karkkila_dji_0004,115,train,1
/workspace/Boreal-Forest-Fire/Boreal-Forest-Fire-Subset-A/Karkkila-Images/karkkila_DJI_0004_frame116.jpg,karkkila,karkkila_dji_0004,116,train,1
/workspace/Boreal-Forest-Fire/Boreal-Forest-Fire-Subset-A/Karkkila-Images/karkkila_DJI_0004_frame117.jpg,karkkila,karkkila_dji_0004,117,train,1
/workspace/Boreal-Forest-Fire/Boreal-Forest-Fire-Subset-A/Karkkila-Images/karkkila_DJI_0004_frame118.jpg,karkkila,karkkila_dji_0004,118,train,1
/workspace/Boreal-Forest-Fire/Boreal-Forest-Fire-Subset-A/Karkkila-Images/karkkila_DJI_0004_frame119.jpg,karkkila,karkkila_dji_0004,119,train,1
/workspace/Boreal-Forest-Fire/Boreal-Forest-Fire-Subset-A/Karkkila-Images/karkkila_DJI_0004_frame120.jpg,karkkila,karkkila_dji_0004,120,train,1
/workspace/Boreal-Forest-Fire/Boreal-Forest-Fire-Subset-A/Karkkila-Images/karkkila_DJI_0004_frame121.jpg,karkkila,karkkila_dji_0004,121,train,1
/workspace/Boreal-Forest-Fire/Boreal-Forest-Fire-Subset-A/Karkkila-Images/karkkila_DJI_0004_frame122.jpg,karkkila,karkkila_dji_0004,122,train,1
/workspace/Boreal-Forest-Fire/Boreal-Forest-Fire-Subset-A/Karkkila-Images/karkkila_DJI_0004_frame123.jpg,karkkila,karkkila_dji_0004,123,train,1
/workspace/Boreal-Forest-Fire/Boreal-Forest-Fire-Subset-A/Karkkila-Images/karkkila_DJI_0004_frame124.jpg,karkkila,karkkila_dji_0004,124,train,1
/workspace/Boreal-Forest-Fire/Boreal-Forest-Fire-Subset-A/Karkkila-Images/karkkila_DJI_0004_frame125.jpg,karkkila,karkkila_dji_0004,125,train,1
/workspace/Boreal-Forest-Fire/Boreal-Forest-Fire-Subset-A/Karkkila-Images/karkkila_DJI_0004_frame126.jpg,karkkila,karkkila_dji_0004,126,train,1
/workspace/Boreal-Forest-Fire/Boreal-Forest-Fire-Subset-A/Karkkila-Images/karkkila_DJI_0004_frame127.jpg,karkkila,karkkila_dji_0004,127,train,1
/workspace/Boreal-Forest-Fire/Boreal-Forest-Fire-Subset-A/Karkkila-Images/karkkila_DJI_0004_frame128.jpg,karkkila,karkkila_dji_0004,128,train,1
/workspace/Boreal-Forest-Fire/Boreal-Forest-Fire-Subset-A/Karkkila-Images/karkkila_DJI_0004_frame129.jpg,karkkila,karkkila_dji_0004,129,train,1
/workspace/Boreal-Forest-Fire/Boreal-Forest-Fire-Subset-A/Karkkila-Images/karkkila_DJI_0004_frame130.jpg,karkkila,karkkila_dji_0004,130,train,1
/workspace/Boreal-Forest-Fire/Boreal-Forest-Fire-Subset-A/Karkkila-Images/karkkila_DJI_0004_frame131.jpg,karkkila,karkkila_dji_0004,131,train,1
/workspace/Boreal-Forest-Fire/Boreal-Forest-Fire-Subset-A/Karkkila-Images/karkkila_DJI_0004_frame132.jpg,karkkila,karkkila_dji_0004,132,train,0
/workspace/Boreal-Forest-Fire/Boreal-Forest-Fire-Subset-A/Karkkila-Images/karkkila_DJI_0004_frame133.jpg,karkkila,karkkila_dji_0004,133,train,1
/workspace/Boreal-Forest-Fire/Boreal-Forest-Fire-Subset-A/Karkkila-Images/karkkila_DJI_0004_frame134.jpg,karkkila,karkkila_dji_0004,134,train,1
/workspace/Boreal-Forest-Fire/Boreal-Forest-Fire-Subset-A/Karkkila-Images/karkkila_DJI_0004_frame135.jpg,karkkila,karkkila_dji_0004,135,train,1
/workspace/Boreal-Forest-Fire/Boreal-Forest-Fire-Subset-A/Karkkila-Images/karkkila_DJI_0004_frame136.jpg,karkkila,karkkila_dji_0004,136,train,1
/workspace/Boreal-Forest-Fire/Boreal-Forest-Fire-Subset-A/Karkkila-Images/karkkila_DJI_0004_frame137.jpg,karkkila,karkkila_dji_0004,137,train,1
/workspace/Boreal-Forest-Fire/Boreal-Forest-Fire-Subset-A/Karkkila-Images/karkkila_DJI_0004_frame138.jpg,karkkila,karkkila_dji_0004,138,train,1
/workspace/Boreal-Forest-Fire/Boreal-Forest-Fire-Subset-A/Karkkila-Images/karkkila_DJI_0004_frame139.jpg,karkkila,karkkila_dji_0004,139,train,1
/workspace/Boreal-Forest-Fire/Boreal-Forest-Fire-Subset-A/Karkkila-Images/karkkila_DJI_0004_frame140.jpg,karkkila,karkkila_dji_0004,140,train,1
/workspace/Boreal-Forest-Fire/Boreal-Forest-Fire-Subset-A/Karkkila-Images/karkkila_DJI_0004_frame141.jpg,karkkila,karkkila_dji_0004,141,train,1
/workspace/Boreal-Forest-Fire/Boreal-Forest-Fire-Subset-A/Karkkila-Images/karkkila_DJI_0004_frame142.jpg,karkkila,karkkila_dji_0004,142,train,1
/workspace/Boreal-Forest-Fire/Boreal-Forest-Fire-Subset-A/Karkkila-Images/karkkila_DJI_0004_frame143.jpg,karkkila,karkkila_dji_0004,143,train,1
/workspace/Boreal-Forest-Fire/Boreal-Forest-Fire-Subset-A/Karkkila-Images/karkkila_DJI_0004_frame144.jpg,karkkila,karkkila_dji_0004,144,train,1
/workspace/Boreal-Forest-Fire/Boreal-Forest-Fire-Subset-A/Karkkila-Images/karkkila_DJI_0004_frame145.jpg,karkkila,karkkila_dji_0004,145,train,1
/workspace/Boreal-Forest-Fire/Boreal-Forest-Fire-Subset-A/Karkkila-Images/karkkila_DJI_0004_frame146.jpg,karkkila,karkkila_dji_0004,146,train,1
/workspace/Boreal-Forest-Fire/Boreal-Forest-Fire-Subset-A/Karkkila-Images/karkkila_DJI_0004_frame147.jpg,karkkila,karkkila_dji_0004,147,train,1
/workspace/Boreal-Forest-Fire/Boreal-Forest-Fire-Subset-A/Karkkila-Images/karkkila_DJI_0004_frame148.jpg,karkkila,karkkila_dji_0004,148,train,1
/workspace/Boreal-Forest-Fire/Boreal-Forest-Fire-Subset-A/Karkkila-Images/karkkila_DJI_0004_frame149.jpg,karkkila,karkkila_dji_0004,149,train,1
/workspace/Boreal-Forest-Fire/Boreal-Forest-Fire-Subset-A/Karkkila-Images/karkkila_DJI_0004_frame150.jpg,karkkila,karkkila_dji_0004,150,train,1
/workspace/Boreal-Forest-Fire/Boreal-Forest-Fire-Subset-A/Karkkila-Images/karkkila_DJI_0004_frame151.jpg,karkkila,karkkila_dji_0004,151,train,1
/workspace/Boreal-Forest-Fire/Boreal-Forest-Fire-Subset-A/Karkkila-Images/karkkila_DJI_0004_frame152.jpg,karkkila,karkkila_dji_0004,152,train,1
/workspace/Boreal-Forest-Fire/Boreal-Forest-Fire-Subset-A/Karkkila-Images/karkkila_DJI_0004_frame153.jpg,karkkila,karkkila_dji_0004,153,train,1
/workspace/Boreal-Forest-Fire/Boreal-Forest-Fire-Subset-A/Karkkila-Images/karkkila_DJI_0004_frame154.jpg,karkkila,karkkila_dji_0004,154,train,1
/workspace/Boreal-Forest-Fire/Boreal-Forest-Fire-Subset-A/Karkkila-Images/karkkila_DJI_0004_frame155.jpg,karkkila,karkkila_dji_0004,155,train,1
/workspace/Boreal-Forest-Fire/Boreal-Forest-Fire-Subset-A/Karkkila-Images/karkkila_DJI_0004_frame156.jpg,karkkila,karkkila_dji_0004,156,train,1
/workspace/Boreal-Forest-Fire/Boreal-Forest-Fire-Subset-A/Karkkila-Images/karkkila_DJI_0004_frame157.jpg,karkkila,karkkila_dji_0004,157,train,1
/workspace/Boreal-Forest-Fire/Boreal-Forest-Fire-Subset-A/Karkkila-Images/karkkila_DJI_0004_frame158.jpg,karkkila,karkkila_dji_0004,158,train,1
/workspace/Boreal-Forest-Fire/Boreal-Forest-Fire-Subset-A/Karkkila-Images/karkkila_DJI_0004_frame159.jpg,karkkila,karkkila_dji_0004,159,train,1
/workspace/Boreal-Forest-Fire/Boreal-Forest-Fire-Subset-A/Karkkila-Images/karkkila_DJI_0004_frame160.jpg,karkkila,karkkila_dji_0004,160,train,1
/workspace/Boreal-Forest-Fire/Boreal-Forest-Fire-Subset-A/Karkkila-Images/karkkila_DJI_0004_frame161.jpg,karkkila,karkkila_dji_0004,161,train,1
/workspace/Boreal-Forest-Fire/Boreal-Forest-Fire-Subset-A/Karkkila-Images/karkkila_DJI_0004_frame162.jpg,karkkila,karkkila_dji_0004,162,train,1
/workspace/Boreal-Forest-Fire/Boreal-Forest-Fire-Subset-A/Karkkila-Images/karkkila_DJI_0004_frame163.jpg,karkkila,karkkila_dji_0004,163,train,1
/workspace/Boreal-Forest-Fire/Boreal-Forest-Fire-Subset-A/Karkkila-Images/karkkila_DJI_0004_frame164.jpg,karkkila,karkkila_dji_0004,164,train,1
/workspace/Boreal-Forest-Fire/Boreal-Forest-Fire-Subset-A/Karkkila-Images/karkkila_DJI_0004_frame165.jpg,karkkila,karkkila_dji_0004,165,train,1
/workspace/Boreal-Forest-Fire/Boreal-Forest-Fire-Subset-A/Karkkila-Images/karkkila_DJI_0004_frame166.jpg,karkkila,karkkila_dji_0004,166,train,1
/workspace/Boreal-Forest-Fire/Boreal-Forest-Fire-Subset-A/Karkkila-Images/karkkila_DJI_0004_frame167.jpg,karkkila,karkkila_dji_0004,167,train,1
/workspace/Boreal-Forest-Fire/Boreal-Forest-Fire-Subset-A/Karkkila-Images/karkkila_DJI_0004_frame168.jpg,karkkila,karkkila_dji_0004,168,train,1
/workspace/Boreal-Forest-Fire/Boreal-Forest-Fire-Subset-A/Karkkila-Images/karkkila_DJI_0004_frame169.jpg,karkkila,karkkila_dji_0004,169,train,1
/workspace/Boreal-Forest-Fire/Boreal-Forest-Fire-Subset-A/Karkkila-Images/karkkila_DJI_0004_frame170.jpg,karkkila,karkkila_dji_0004,170,train,1
/workspace/Boreal-Forest-Fire/Boreal-Forest-Fire-Subset-A/Karkkila-Images/karkkila_DJI_0005_frame0.jpg,karkkila,karkkila_dji_0005,0,val,1
/workspace/Boreal-Forest-Fire/Boreal-Forest-Fire-Subset-A/Karkkila-Images/karkkila_DJI_0005_frame1.jpg,karkkila,karkkila_dji_0005,1,val,1
/workspace/Boreal-Forest-Fire/Boreal-Forest-Fire-Subset-A/Karkkila-Images/karkkila_DJI_0005_frame10.jpg,karkkila,karkkila_dji_0005,10,val,1
/workspace/Boreal-Forest-Fire/Boreal-Forest-Fire-Subset-A/Karkkila-Images/karkkila_DJI_0005_frame100.jpg,karkkila,karkkila_dji_0005,100,val,1
/workspace/Boreal-Forest-Fire/Boreal-Forest-Fire-Subset-A/Karkkila-Images/karkkila_DJI_0005_frame101.jpg,karkkila,karkkila_dji_0005,101,val,1
/workspace/Boreal-Forest-Fire/Boreal-Forest-Fire-Subset-A/Karkkila-Images/karkkila_DJI_0005_frame102.jpg,karkkila,karkkila_dji_0005,102,val,1
/workspace/Boreal-Forest-Fire/Boreal-Forest-Fire-Subset-A/Karkkila-Images/karkkila_DJI_0005_frame103.jpg,karkkila,karkkila_dji_0005,103,val,1
/workspace/Boreal-Forest-Fire/Boreal-Forest-Fire-Subset-A/Karkkila-Images/karkkila_DJI_0005_frame104.jpg,karkkila,karkkila_dji_0005,104,val,1
/workspace/Boreal-Forest-Fire/Boreal-Forest-Fire-Subset-A/Karkkila-Images/karkkila_DJI_0005_frame105.jpg,karkkila,karkkila_dji_0005,105,val,1
/workspace/Boreal-Forest-Fire/Boreal-Forest-Fire-Subset-A/Karkkila-Images/karkkila_DJI_0005_frame106.jpg,karkkila,karkkila_dji_0005,106,val,1
/workspace/Boreal-Forest-Fire/Boreal-Forest-Fire-Subset-A/Karkkila-Images/karkkila_DJI_0005_frame107.jpg,karkkila,karkkila_dji_0005,107,val,1
/workspace/Boreal-Forest-Fire/Boreal-Forest-Fire-Subset-A/Karkkila-Images/karkkila_DJI_0005_frame108.jpg,karkkila,karkkila_dji_0005,108,val,1
/workspace/Boreal-Forest-Fire/Boreal-Forest-Fire-Subset-A/Karkkila-Images/karkkila_DJI_0005_frame109.jpg,karkkila,karkkila_dji_0005,109,val,1
/workspace/Boreal-Forest-Fire/Boreal-Forest-Fire-Subset-A/Karkkila-Images/karkkila_DJI_0005_frame11.jpg,karkkila,karkkila_dji_0005,11,val,1
/workspace/Boreal-Forest-Fire/Boreal-Forest-Fire-Subset-A/Karkkila-Images/karkkila_DJI_0005_frame110.jpg,karkkila,karkkila_dji_0005,110,val,1
/workspace/Boreal-Forest-Fire/Boreal-Forest-Fire-Subset-A/Karkkila-Images/karkkila_DJI_0005_frame111.jpg,karkkila,karkkila_dji_0005,111,val,1
/workspace/Boreal-Forest-Fire/Boreal-Forest-Fire-Subset-A/Karkkila-Images/karkkila_DJI_0005_frame112.jpg,karkkila,karkkila_dji_0005,112,val,1
/workspace/Boreal-Forest-Fire/Boreal-Forest-Fire-Subset-A/Karkkila-Images/karkkila_DJI_0005_frame113.jpg,karkkila,karkkila_dji_0005,113,val,1
/workspace/Boreal-Forest-Fire/Boreal-Forest-Fire-Subset-A/Karkkila-Images/karkkila_DJI_0005_frame114.jpg,karkkila,karkkila_dji_0005,114,val,1
/workspace/Boreal-Forest-Fire/Boreal-Forest-Fire-Subset-A/Karkkila-Images/karkkila_DJI_0005_frame115.jpg,karkkila,karkkila_dji_0005,115,val,1
/workspace/Boreal-Forest-Fire/Boreal-Forest-Fire-Subset-A/Karkkila-Images/karkkila_DJI_0005_frame116.jpg,karkkila,karkkila_dji_0005,116,val,1
/workspace/Boreal-Forest-Fire/Boreal-Forest-Fire-Subset-A/Karkkila-Images/karkkila_DJI_0005_frame117.jpg,karkkila,karkkila_dji_0005,117,val,1
/workspace/Boreal-Forest-Fire/Boreal-Forest-Fire-Subset-A/Karkkila-Images/karkkila_DJI_0005_frame118.jpg,karkkila,karkkila_dji_0005,118,val,1
/workspace/Boreal-Forest-Fire/Boreal-Forest-Fire-Subset-A/Karkkila-Images/karkkila_DJI_0005_frame119.jpg,karkkila,karkkila_dji_0005,119,val,1
/workspace/Boreal-Forest-Fire/Boreal-Forest-Fire-Subset-A/Karkkila-Images/karkkila_DJI_0005_frame12.jpg,karkkila,karkkila_dji_0005,12,val,1
/workspace/Boreal-Forest-Fire/Boreal-Forest-Fire-Subset-A/Karkkila-Images/karkkila_DJI_0005_frame120.jpg,karkkila,karkkila_dji_0005,120,val,1
/workspace/Boreal-Forest-Fire/Boreal-Forest-Fire-Subset-A/Karkkila-Images/karkkila_DJI_0005_frame121.jpg,karkkila,karkkila_dji_0005,121,val,1
/workspace/Boreal-Forest-Fire/Boreal-Forest-Fire-Subset-A/Karkkila-Images/karkkila_DJI_0005_frame122.jpg,karkkila,karkkila_dji_0005,122,val,1
/workspace/Boreal-Forest-Fire/Boreal-Forest-Fire-Subset-A/Karkkila-Images/karkkila_DJI_0005_frame123.jpg,karkkila,karkkila_dji_0005,123,val,1
/workspace/Boreal-Forest-Fire/Boreal-Forest-Fire-Subset-A/Karkkila-Images/karkkila_DJI_0005_frame124.jpg,karkkila,karkkila_dji_0005,124,val,1
/workspace/Boreal-Forest-Fire/Boreal-Forest-Fire-Subset-A/Karkkila-Images/karkkila_DJI_0005_frame125.jpg,karkkila,karkkila_dji_0005,125,val,1
/workspace/Boreal-Forest-Fire/Boreal-Forest-Fire-Subset-A/Karkkila-Images/karkkila_DJI_0005_frame126.jpg,karkkila,karkkila_dji_0005,126,val,1
/workspace/Boreal-Forest-Fire/Boreal-Forest-Fire-Subset-A/Karkkila-Images/karkkila_DJI_0005_frame127.jpg,karkkila,karkkila_dji_0005,127,val,1
/workspace/Boreal-Forest-Fire/Boreal-Forest-Fire-Subset-A/Karkkila-Images/karkkila_DJI_0005_frame128.jpg,karkkila,karkkila_dji_0005,128,val,1
/workspace/Boreal-Forest-Fire/Boreal-Forest-Fire-Subset-A/Karkkila-Images/karkkila_DJI_0005_frame129.jpg,karkkila,karkkila_dji_0005,129,val,1
/workspace/Boreal-Forest-Fire/Boreal-Forest-Fire-Subset-A/Karkkila-Images/karkkila_DJI_0005_frame13.jpg,karkkila,karkkila_dji_0005,13,val,1
/workspace/Boreal-Forest-Fire/Boreal-Forest-Fire-Subset-A/Karkkila-Images/karkkila_DJI_0005_frame130.jpg,karkkila,karkkila_dji_0005,130,val,1
/workspace/Boreal-Forest-Fire/Boreal-Forest-Fire-Subset-A/Karkkila-Images/karkkila_DJI_0005_frame131.jpg,karkkila,karkkila_dji_0005,131,val,1
/workspace/Boreal-Forest-Fire/Boreal-Forest-Fire-Subset-A/Karkkila-Images/karkkila_DJI_0005_frame132.jpg,karkkila,karkkila_dji_0005,132,val,1
/workspace/Boreal-Forest-Fire/Boreal-Forest-Fire-Subset-A/Karkkila-Images/karkkila_DJI_0005_frame133.jpg,karkkila,karkkila_dji_0005,133,val,1
/workspace/Boreal-Forest-Fire/Boreal-Forest-Fire-Subset-A/Karkkila-Images/karkkila_DJI_0005_frame134.jpg,karkkila,karkkila_dji_0005,134,val,1
/workspace/Boreal-Forest-Fire/Boreal-Forest-Fire-Subset-A/Karkkila-Images/karkkila_DJI_0005_frame135.jpg,karkkila,karkkila_dji_0005,135,val,1
/workspace/Boreal-Forest-Fire/Boreal-Forest-Fire-Subset-A/Karkkila-Images/karkkila_DJI_0005_frame136.jpg,karkkila,karkkila_dji_0005,136,val,1
/workspace/Boreal-Forest-Fire/Boreal-Forest-Fire-Subset-A/Karkkila-Images/karkkila_DJI_0005_frame137.jpg,karkkila,karkkila_dji_0005,137,val,1
/workspace/Boreal-Forest-Fire/Boreal-Forest-Fire-Subset-A/Karkkila-Images/karkkila_DJI_0005_frame138.jpg,karkkila,karkkila_dji_0005,138,val,1
/workspace/Boreal-Forest-Fire/Boreal-Forest-Fire-Subset-A/Karkkila-Images/karkkila_DJI_0005_frame139.jpg,karkkila,karkkila_dji_0005,139,val,1
/workspace/Boreal-Forest-Fire/Boreal-Forest-Fire-Subset-A/Karkkila-Images/karkkila_DJI_0005_frame14.jpg,karkkila,karkkila_dji_0005,14,val,1
/workspace/Boreal-Forest-Fire/Boreal-Forest-Fire-Subset-A/Karkkila-Images/karkkila_DJI_0005_frame140.jpg,karkkila,karkkila_dji_0005,140,val,1
/workspace/Boreal-Forest-Fire/Boreal-Forest-Fire-Subset-A/Karkkila-Images/karkkila_DJI_0005_frame141.jpg,karkkila,karkkila_dji_0005,141,val,1
/workspace/Boreal-Forest-Fire/Boreal-Forest-Fire-Subset-A/Karkkila-Images/karkkila_DJI_0005_frame142.jpg,karkkila,karkkila_dji_0005,142,val,1
/workspace/Boreal-Forest-Fire/Boreal-Forest-Fire-Subset-A/Karkkila-Images/karkkila_DJI_0005_frame143.jpg,karkkila,karkkila_dji_0005,143,val,1
/workspace/Boreal-Forest-Fire/Boreal-Forest-Fire-Subset-A/Karkkila-Images/karkkila_DJI_0005_frame144.jpg,karkkila,karkkila_dji_0005,144,val,1
/workspace/Boreal-Forest-Fire/Boreal-Forest-Fire-Subset-A/Karkkila-Images/karkkila_DJI_0005_frame145.jpg,karkkila,karkkila_dji_0005,145,val,1
/workspace/Boreal-Forest-Fire/Boreal-Forest-Fire-Subset-A/Karkkila-Images/karkkila_DJI_0005_frame146.jpg,karkkila,karkkila_dji_0005,146,val,1
/workspace/Boreal-Forest-Fire/Boreal-Forest-Fire-Subset-A/Karkkila-Images/karkkila_DJI_0005_frame147.jpg,karkkila,karkkila_dji_0005,147,val,1
/workspace/Boreal-Forest-Fire/Boreal-Forest-Fire-Subset-A/Karkkila-Images/karkkila_DJI_0005_frame148.jpg,karkkila,karkkila_dji_0005,148,val,1
/workspace/Boreal-Forest-Fire/Boreal-Forest-Fire-Subset-A/Karkkila-Images/karkkila_DJI_0005_frame149.jpg,karkkila,karkkila_dji_0005,149,val,1
/workspace/Boreal-Forest-Fire/Boreal-Forest-Fire-Subset-A/Karkkila-Images/karkkila_DJI_0005_frame15.jpg,karkkila,karkkila_dji_0005,15,val,1
/workspace/Boreal-Forest-Fire/Boreal-Forest-Fire-Subset-A/Karkkila-Images/karkkila_DJI_0005_frame150.jpg,karkkila,karkkila_dji_0005,150,val,1
/workspace/Boreal-Forest-Fire/Boreal-Forest-Fire-Subset-A/Karkkila-Images/karkkila_DJI_0005_frame151.jpg,karkkila,karkkila_dji_0005,151,val,1
/workspace/Boreal-Forest-Fire/Boreal-Forest-Fire-Subset-A/Karkkila-Images/karkkila_DJI_0005_frame152.jpg,karkkila,karkkila_dji_0005,152,val,1
/workspace/Boreal-Forest-Fire/Boreal-Forest-Fire-Subset-A/Karkkila-Images/karkkila_DJI_0005_frame153.jpg,karkkila,karkkila_dji_0005,153,val,1
/workspace/Boreal-Forest-Fire/Boreal-Forest-Fire-Subset-A/Karkkila-Images/karkkila_DJI_0005_frame154.jpg,karkkila,karkkila_dji_0005,154,val,1
/workspace/Boreal-Forest-Fire/Boreal-Forest-Fire-Subset-A/Karkkila-Images/karkkila_DJI_0005_frame155.jpg,karkkila,karkkila_dji_0005,155,val,1
/workspace/Boreal-Forest-Fire/Boreal-Forest-Fire-Subset-A/Karkkila-Images/karkkila_DJI_0005_frame156.jpg,karkkila,karkkila_dji_0005,156,val,1
/workspace/Boreal-Forest-Fire/Boreal-Forest-Fire-Subset-A/Karkkila-Images/karkkila_DJI_0005_frame157.jpg,karkkila,karkkila_dji_0005,157,val,1
/workspace/Boreal-Forest-Fire/Boreal-Forest-Fire-Subset-A/Karkkila-Images/karkkila_DJI_0005_frame158.jpg,karkkila,karkkila_dji_0005,158,val,1
/workspace/Boreal-Forest-Fire/Boreal-Forest-Fire-Subset-A/Karkkila-Images/karkkila_DJI_0005_frame159.jpg,karkkila,karkkila_dji_0005,159,val,1
/workspace/Boreal-Forest-Fire/Boreal-Forest-Fire-Subset-A/Karkkila-Images/karkkila_DJI_0005_frame16.jpg,karkkila,karkkila_dji_0005,16,val,1
/workspace/Boreal-Forest-Fire/Boreal-Forest-Fire-Subset-A/Karkkila-Images/karkkila_DJI_0005_frame160.jpg,karkkila,karkkila_dji_0005,160,val,1
/workspace/Boreal-Forest-Fire/Boreal-Forest-Fire-Subset-A/Karkkila-Images/karkkila_DJI_0005_frame161.jpg,karkkila,karkkila_dji_0005,161,val,1
/workspace/Boreal-Forest-Fire/Boreal-Forest-Fire-Subset-A/Karkkila-Images/karkkila_DJI_0005_frame162.jpg,karkkila,karkkila_dji_0005,162,val,1
/workspace/Boreal-Forest-Fire/Boreal-Forest-Fire-Subset-A/Karkkila-Images/karkkila_DJI_0005_frame163.jpg,karkkila,karkkila_dji_0005,163,val,1
/workspace/Boreal-Forest-Fire/Boreal-Forest-Fire-Subset-A/Karkkila-Images/karkkila_DJI_0005_frame164.jpg,karkkila,karkkila_dji_0005,164,val,1
/workspace/Boreal-Forest-Fire/Boreal-Forest-Fire-Subset-A/Karkkila-Images/karkkila_DJI_0005_frame165.jpg,karkkila,karkkila_dji_0005,165,val,1
/workspace/Boreal-Forest-Fire/Boreal-Forest-Fire-Subset-A/Karkkila-Images/karkkila_DJI_0005_frame166.jpg,karkkila,karkkila_dji_0005,166,val,1
/workspace/Boreal-Forest-Fire/Boreal-Forest-Fire-Subset-A/Karkkila-Images/karkkila_DJI_0005_frame167.jpg,karkkila,karkkila_dji_0005,167,val,1
/workspace/Boreal-Forest-Fire/Boreal-Forest-Fire-Subset-A/Karkkila-Images/karkkila_DJI_0005_frame168.jpg,karkkila,karkkila_dji_0005,168,val,1
/workspace/Boreal-Forest-Fire/Boreal-Forest-Fire-Subset-A/Karkkila-Images/karkkila_DJI_0005_frame169.jpg,karkkila,karkkila_dji_0005,169,val,1
/workspace/Boreal-Forest-Fire/Boreal-Forest-Fire-Subset-A/Karkkila-Images/karkkila_DJI_0005_frame17.jpg,karkkila,karkkila_dji_0005,17,val,1
/workspace/Boreal-Forest-Fire/Boreal-Forest-Fire-Subset-A/Karkkila-Images/karkkila_DJI_0005_frame170.jpg,karkkila,karkkila_dji_0005,170,val,1
/workspace/Boreal-Forest-Fire/Boreal-Forest-Fire-Subset-A/Karkkila-Images/karkkila_DJI_0005_frame18.jpg,karkkila,karkkila_dji_0005,18,val,1
/workspace/Boreal-Forest-Fire/Boreal-Forest-Fire-Subset-A/Karkkila-Images/karkkila_DJI_0005_frame19.jpg,karkkila,karkkila_dji_0005,19,val,1
/workspace/Boreal-Forest-Fire/Boreal-Forest-Fire-Subset-A/Karkkila-Images/karkkila_DJI_0005_frame2.jpg,karkkila,karkkila_dji_0005,2,val,1
/workspace/Boreal-Forest-Fire/Boreal-Forest-Fire-Subset-A/Karkkila-Images/karkkila_DJI_0005_frame20.jpg,karkkila,karkkila_dji_0005,20,val,1
/workspace/Boreal-Forest-Fire/Boreal-Forest-Fire-Subset-A/Karkkila-Images/karkkila_DJI_0005_frame21.jpg,karkkila,karkkila_dji_0005,21,val,1
/workspace/Boreal-Forest-Fire/Boreal-Forest-Fire-Subset-A/Karkkila-Images/karkkila_DJI_0005_frame22.jpg,karkkila,karkkila_dji_0005,22,val,1
/workspace/Boreal-Forest-Fire/Boreal-Forest-Fire-Subset-A/Karkkila-Images/karkkila_DJI_0005_frame23.jpg,karkkila,karkkila_dji_0005,23,val,1
/workspace/Boreal-Forest-Fire/Boreal-Forest-Fire-Subset-A/Karkkila-Images/karkkila_DJI_0005_frame24.jpg,karkkila,karkkila_dji_0005,24,val,1
/workspace/Boreal-Forest-Fire/Boreal-Forest-Fire-Subset-A/Karkkila-Images/karkkila_DJI_0005_frame25.jpg,karkkila,karkkila_dji_0005,25,val,1
/workspace/Boreal-Forest-Fire/Boreal-Forest-Fire-Subset-A/Karkkila-Images/karkkila_DJI_0005_frame26.jpg,karkkila,karkkila_dji_0005,26,val,1
/workspace/Boreal-Forest-Fire/Boreal-Forest-Fire-Subset-A/Karkkila-Images/karkkila_DJI_0005_frame27.jpg,karkkila,karkkila_dji_0005,27,val,1
/workspace/Boreal-Forest-Fire/Boreal-Forest-Fire-Subset-A/Karkkila-Images/karkkila_DJI_0005_frame28.jpg,karkkila,karkkila_dji_0005,28,val,1
/workspace/Boreal-Forest-Fire/Boreal-Forest-Fire-Subset-A/Karkkila-Images/karkkila_DJI_0005_frame29.jpg,karkkila,karkkila_dji_0005,29,val,1
/workspace/Boreal-Forest-Fire/Boreal-Forest-Fire-Subset-A/Karkkila-Images/karkkila_DJI_0005_frame3.jpg,karkkila,karkkila_dji_0005,3,val,1
/workspace/Boreal-Forest-Fire/Boreal-Forest-Fire-Subset-A/Karkkila-Images/karkkila_DJI_0005_frame30.jpg,karkkila,karkkila_dji_0005,30,val,1
/workspace/Boreal-Forest-Fire/Boreal-Forest-Fire-Subset-A/Karkkila-Images/karkkila_DJI_0005_frame31.jpg,karkkila,karkkila_dji_0005,31,val,1
/workspace/Boreal-Forest-Fire/Boreal-Forest-Fire-Subset-A/Karkkila-Images/karkkila_DJI_0005_frame32.jpg,karkkila,karkkila_dji_0005,32,val,1
/workspace/Boreal-Forest-Fire/Boreal-Forest-Fire-Subset-A/Karkkila-Images/karkkila_DJI_0005_frame33.jpg,karkkila,karkkila_dji_0005,33,val,1
/workspace/Boreal-Forest-Fire/Boreal-Forest-Fire-Subset-A/Karkkila-Images/karkkila_DJI_0005_frame34.jpg,karkkila,karkkila_dji_0005,34,val,1
/workspace/Boreal-Forest-Fire/Boreal-Forest-Fire-Subset-A/Karkkila-Images/karkkila_DJI_0005_frame35.jpg,karkkila,karkkila_dji_0005,35,val,1
/workspace/Boreal-Forest-Fire/Boreal-Forest-Fire-Subset-A/Karkkila-Images/karkkila_DJI_0005_frame36.jpg,karkkila,karkkila_dji_0005,36,val,1
/workspace/Boreal-Forest-Fire/Boreal-Forest-Fire-Subset-A/Karkkila-Images/karkkila_DJI_0005_frame37.jpg,karkkila,karkkila_dji_0005,37,val,1
/workspace/Boreal-Forest-Fire/Boreal-Forest-Fire-Subset-A/Karkkila-Images/karkkila_DJI_0005_frame38.jpg,karkkila,karkkila_dji_0005,38,val,1
/workspace/Boreal-Forest-Fire/Boreal-Forest-Fire-Subset-A/Karkkila-Images/karkkila_DJI_0005_frame39.jpg,karkkila,karkkila_dji_0005,39,val,1
/workspace/Boreal-Forest-Fire/Boreal-Forest-Fire-Subset-A/Karkkila-Images/karkkila_DJI_0005_frame4.jpg,karkkila,karkkila_dji_0005,4,val,1
/workspace/Boreal-Forest-Fire/Boreal-Forest-Fire-Subset-A/Karkkila-Images/karkkila_DJI_0005_frame40.jpg,karkkila,karkkila_dji_0005,40,val,1
/workspace/Boreal-Forest-Fire/Boreal-Forest-Fire-Subset-A/Karkkila-Images/karkkila_DJI_0005_frame41.jpg,karkkila,karkkila_dji_0005,41,val,1
/workspace/Boreal-Forest-Fire/Boreal-Forest-Fire-Subset-A/Karkkila-Images/karkkila_DJI_0005_frame42.jpg,karkkila,karkkila_dji_0005,42,val,1
/workspace/Boreal-Forest-Fire/Boreal-Forest-Fire-Subset-A/Karkkila-Images/karkkila_DJI_0005_frame43.jpg,karkkila,karkkila_dji_0005,43,val,1
/workspace/Boreal-Forest-Fire/Boreal-Forest-Fire-Subset-A/Karkkila-Images/karkkila_DJI_0005_frame44.jpg,karkkila,karkkila_dji_0005,44,val,1
/workspace/Boreal-Forest-Fire/Boreal-Forest-Fire-Subset-A/Karkkila-Images/karkkila_DJI_0005_frame45.jpg,karkkila,karkkila_dji_0005,45,val,1
/workspace/Boreal-Forest-Fire/Boreal-Forest-Fire-Subset-A/Karkkila-Images/karkkila_DJI_0005_frame46.jpg,karkkila,karkkila_dji_0005,46,val,1
/workspace/Boreal-Forest-Fire/Boreal-Forest-Fire-Subset-A/Karkkila-Images/karkkila_DJI_0005_frame47.jpg,karkkila,karkkila_dji_0005,47,val,1
/workspace/Boreal-Forest-Fire/Boreal-Forest-Fire-Subset-A/Karkkila-Images/karkkila_DJI_0005_frame48.jpg,karkkila,karkkila_dji_0005,48,val,1
/workspace/Boreal-Forest-Fire/Boreal-Forest-Fire-Subset-A/Karkkila-Images/karkkila_DJI_0005_frame49.jpg,karkkila,karkkila_dji_0005,49,val,1
/workspace/Boreal-Forest-Fire/Boreal-Forest-Fire-Subset-A/Karkkila-Images/karkkila_DJI_0005_frame5.jpg,karkkila,karkkila_dji_0005,5,val,1
/workspace/Boreal-Forest-Fire/Boreal-Forest-Fire-Subset-A/Karkkila-Images/karkkila_DJI_0005_frame50.jpg,karkkila,karkkila_dji_0005,50,val,1
/workspace/Boreal-Forest-Fire/Boreal-Forest-Fire-Subset-A/Karkkila-Images/karkkila_DJI_0005_frame51.jpg,karkkila,karkkila_dji_0005,51,val,1
/workspace/Boreal-Forest-Fire/Boreal-Forest-Fire-Subset-A/Karkkila-Images/karkkila_DJI_0005_frame52.jpg,karkkila,karkkila_dji_0005,52,val,1
/workspace/Boreal-Forest-Fire/Boreal-Forest-Fire-Subset-A/Karkkila-Images/karkkila_DJI_0005_frame53.jpg,karkkila,karkkila_dji_0005,53,val,1
/workspace/Boreal-Forest-Fire/Boreal-Forest-Fire-Subset-A/Karkkila-Images/karkkila_DJI_0005_frame54.jpg,karkkila,karkkila_dji_0005,54,val,1
/workspace/Boreal-Forest-Fire/Boreal-Forest-Fire-Subset-A/Karkkila-Images/karkkila_DJI_0005_frame55.jpg,karkkila,karkkila_dji_0005,55,val,1
/workspace/Boreal-Forest-Fire/Boreal-Forest-Fire-Subset-A/Karkkila-Images/karkkila_DJI_0005_frame56.jpg,karkkila,karkkila_dji_0005,56,val,1
/workspace/Boreal-Forest-Fire/Boreal-Forest-Fire-Subset-A/Karkkila-Images/karkkila_DJI_0005_frame57.jpg,karkkila,karkkila_dji_0005,57,val,1
/workspace/Boreal-Forest-Fire/Boreal-Forest-Fire-Subset-A/Karkkila-Images/karkkila_DJI_0005_frame58.jpg,karkkila,karkkila_dji_0005,58,val,1
/workspace/Boreal-Forest-Fire/Boreal-Forest-Fire-Subset-A/Karkkila-Images/karkkila_DJI_0005_frame59.jpg,karkkila,karkkila_dji_0005,59,val,1
/workspace/Boreal-Forest-Fire/Boreal-Forest-Fire-Subset-A/Karkkila-Images/karkkila_DJI_0005_frame6.jpg,karkkila,karkkila_dji_0005,6,val,1
/workspace/Boreal-Forest-Fire/Boreal-Forest-Fire-Subset-A/Karkkila-Images/karkkila_DJI_0005_frame60.jpg,karkkila,karkkila_dji_0005,60,val,1
/workspace/Boreal-Forest-Fire/Boreal-Forest-Fire-Subset-A/Karkkila-Images/karkkila_DJI_0005_frame61.jpg,karkkila,karkkila_dji_0005,61,val,1
/workspace/Boreal-Forest-Fire/Boreal-Forest-Fire-Subset-A/Karkkila-Images/karkkila_DJI_0005_frame62.jpg,karkkila,karkkila_dji_0005,62,val,1
/workspace/Boreal-Forest-Fire/Boreal-Forest-Fire-Subset-A/Karkkila-Images/karkkila_DJI_0005_frame63.jpg,karkkila,karkkila_dji_0005,63,val,1
/workspace/Boreal-Forest-Fire/Boreal-Forest-Fire-Subset-A/Karkkila-Images/karkkila_DJI_0005_frame64.jpg,karkkila,karkkila_dji_0005,64,val,1
/workspace/Boreal-Forest-Fire/Boreal-Forest-Fire-Subset-A/Karkkila-Images/karkkila_DJI_0005_frame65.jpg,karkkila,karkkila_dji_0005,65,val,1
/workspace/Boreal-Forest-Fire/Boreal-Forest-Fire-Subset-A/Karkkila-Images/karkkila_DJI_0005_frame66.jpg,karkkila,karkkila_dji_0005,66,val,1
/workspace/Boreal-Forest-Fire/Boreal-Forest-Fire-Subset-A/Karkkila-Images/karkkila_DJI_0005_frame67.jpg,karkkila,karkkila_dji_0005,67,val,1
/workspace/Boreal-Forest-Fire/Boreal-Forest-Fire-Subset-A/Karkkila-Images/karkkila_DJI_0005_frame68.jpg,karkkila,karkkila_dji_0005,68,val,1
/workspace/Boreal-Forest-Fire/Boreal-Forest-Fire-Subset-A/Karkkila-Images/karkkila_DJI_0005_frame69.jpg,karkkila,karkkila_dji_0005,69,val,1
/workspace/Boreal-Forest-Fire/Boreal-Forest-Fire-Subset-A/Karkkila-Images/karkkila_DJI_0005_frame7.jpg,karkkila,karkkila_dji_0005,7,val,1
/workspace/Boreal-Forest-Fire/Boreal-Forest-Fire-Subset-A/Karkkila-Images/karkkila_DJI_0005_frame70.jpg,karkkila,karkkila_dji_0005,70,val,1
/workspace/Boreal-Forest-Fire/Boreal-Forest-Fire-Subset-A/Karkkila-Images/karkkila_DJI_0005_frame71.jpg,karkkila,karkkila_dji_0005,71,val,1
/workspace/Boreal-Forest-Fire/Boreal-Forest-Fire-Subset-A/Karkkila-Images/karkkila_DJI_0005_frame72.jpg,karkkila,karkkila_dji_0005,72,val,1
/workspace/Boreal-Forest-Fire/Boreal-Forest-Fire-Subset-A/Karkkila-Images/karkkila_DJI_0005_frame73.jpg,karkkila,karkkila_dji_0005,73,val,1
/workspace/Boreal-Forest-Fire/Boreal-Forest-Fire-Subset-A/Karkkila-Images/karkkila_DJI_0005_frame74.jpg,karkkila,karkkila_dji_0005,74,val,1
/workspace/Boreal-Forest-Fire/Boreal-Forest-Fire-Subset-A/Karkkila-Images/karkkila_DJI_0005_frame75.jpg,karkkila,karkkila_dji_0005,75,val,1
/workspace/Boreal-Forest-Fire/Boreal-Forest-Fire-Subset-A/Karkkila-Images/karkkila_DJI_0005_frame76.jpg,karkkila,karkkila_dji_0005,76,val,1
/workspace/Boreal-Forest-Fire/Boreal-Forest-Fire-Subset-A/Karkkila-Images/karkkila_DJI_0005_frame77.jpg,karkkila,karkkila_dji_0005,77,val,1
/workspace/Boreal-Forest-Fire/Boreal-Forest-Fire-Subset-A/Karkkila-Images/karkkila_DJI_0005_frame78.jpg,karkkila,karkkila_dji_0005,78,val,1
/workspace/Boreal-Forest-Fire/Boreal-Forest-Fire-Subset-A/Karkkila-Images/karkkila_DJI_0005_frame79.jpg,karkkila,karkkila_dji_0005,79,val,1
/workspace/Boreal-Forest-Fire/Boreal-Forest-Fire-Subset-A/Karkkila-Images/karkkila_DJI_0005_frame8.jpg,karkkila,karkkila_dji_0005,8,val,1
/workspace/Boreal-Forest-Fire/Boreal-Forest-Fire-Subset-A/Karkkila-Images/karkkila_DJI_0005_frame80.jpg,karkkila,karkkila_dji_0005,80,val,1
/workspace/Boreal-Forest-Fire/Boreal-Forest-Fire-Subset-A/Karkkila-Images/karkkila_DJI_0005_frame81.jpg,karkkila,karkkila_dji_0005,81,val,1
/workspace/Boreal-Forest-Fire/Boreal-Forest-Fire-Subset-A/Karkkila-Images/karkkila_DJI_0005_frame82.jpg,karkkila,karkkila_dji_0005,82,val,1
/workspace/Boreal-Forest-Fire/Boreal-Forest-Fire-Subset-A/Karkkila-Images/karkkila_DJI_0005_frame83.jpg,karkkila,karkkila_dji_0005,83,val,1
/workspace/Boreal-Forest-Fire/Boreal-Forest-Fire-Subset-A/Karkkila-Images/karkkila_DJI_0005_frame84.jpg,karkkila,karkkila_dji_0005,84,val,1
/workspace/Boreal-Forest-Fire/Boreal-Forest-Fire-Subset-A/Karkkila-Images/karkkila_DJI_0005_frame85.jpg,karkkila,karkkila_dji_0005,85,val,1
/workspace/Boreal-Forest-Fire/Boreal-Forest-Fire-Subset-A/Karkkila-Images/karkkila_DJI_0005_frame86.jpg,karkkila,karkkila_dji_0005,86,val,1
/workspace/Boreal-Forest-Fire/Boreal-Forest-Fire-Subset-A/Karkkila-Images/karkkila_DJI_0005_frame87.jpg,karkkila,karkkila_dji_0005,87,val,1
/workspace/Boreal-Forest-Fire/Boreal-Forest-Fire-Subset-A/Karkkila-Images/karkkila_DJI_0005_frame88.jpg,karkkila,karkkila_dji_0005,88,val,1
/workspace/Boreal-Forest-Fire/Boreal-Forest-Fire-Subset-A/Karkkila-Images/karkkila_DJI_0005_frame89.jpg,karkkila,karkkila_dji_0005,89,val,1
/workspace/Boreal-Forest-Fire/Boreal-Forest-Fire-Subset-A/Karkkila-Images/karkkila_DJI_0005_frame9.jpg,karkkila,karkkila_dji_0005,9,val,1
/workspace/Boreal-Forest-Fire/Boreal-Forest-Fire-Subset-A/Karkkila-Images/karkkila_DJI_0005_frame90.jpg,karkkila,karkkila_dji_0005,90,val,1
/workspace/Boreal-Forest-Fire/Boreal-Forest-Fire-Subset-A/Karkkila-Images/karkkila_DJI_0005_frame91.jpg,karkkila,karkkila_dji_0005,91,val,1
/workspace/Boreal-Forest-Fire/Boreal-Forest-Fire-Subset-A/Karkkila-Images/karkkila_DJI_0005_frame92.jpg,karkkila,karkkila_dji_0005,92,val,1
/workspace/Boreal-Forest-Fire/Boreal-Forest-Fire-Subset-A/Karkkila-Images/karkkila_DJI_0005_frame93.jpg,karkkila,karkkila_dji_0005,93,val,1
/workspace/Boreal-Forest-Fire/Boreal-Forest-Fire-Subset-A/Karkkila-Images/karkkila_DJI_0005_frame94.jpg,karkkila,karkkila_dji_0005,94,val,1
/workspace/Boreal-Forest-Fire/Boreal-Forest-Fire-Subset-A/Karkkila-Images/karkkila_DJI_0005_frame95.jpg,karkkila,karkkila_dji_0005,95,val,1
/workspace/Boreal-Forest-Fire/Boreal-Forest-Fire-Subset-A/Karkkila-Images/karkkila_DJI_0005_frame96.jpg,karkkila,karkkila_dji_0005,96,val,1
/workspace/Boreal-Forest-Fire/Boreal-Forest-Fire-Subset-A/Karkkila-Images/karkkila_DJI_0005_frame97.jpg,karkkila,karkkila_dji_0005,97,val,1
/workspace/Boreal-Forest-Fire/Boreal-Forest-Fire-Subset-A/Karkkila-Images/karkkila_DJI_0005_frame98.jpg,karkkila,karkkila_dji_0005,98,val,1
/workspace/Boreal-Forest-Fire/Boreal-Forest-Fire-Subset-A/Karkkila-Images/karkkila_DJI_0005_frame99.jpg,karkkila,karkkila_dji_0005,99,val,1
/workspace/Boreal-Forest-Fire/Boreal-Forest-Fire-Subset-A/Karkkila-Images/karkkila_DJI_0006_frame0.jpg,karkkila,karkkila_dji_0006,0,train,1
/workspace/Boreal-Forest-Fire/Boreal-Forest-Fire-Subset-A/Karkkila-Images/karkkila_DJI_0006_frame1.jpg,karkkila,karkkila_dji_0006,1,train,1
/workspace/Boreal-Forest-Fire/Boreal-Forest-Fire-Subset-A/Karkkila-Images/karkkila_DJI_0006_frame10.jpg,karkkila,karkkila_dji_0006,10,train,1
/workspace/Boreal-Forest-Fire/Boreal-Forest-Fire-Subset-A/Karkkila-Images/karkkila_DJI_0006_frame100.jpg,karkkila,karkkila_dji_0006,100,train,1
/workspace/Boreal-Forest-Fire/Boreal-Forest-Fire-Subset-A/Karkkila-Images/karkkila_DJI_0006_frame101.jpg,karkkila,karkkila_dji_0006,101,train,1
/workspace/Boreal-Forest-Fire/Boreal-Forest-Fire-Subset-A/Karkkila-Images/karkkila_DJI_0006_frame102.jpg,karkkila,karkkila_dji_0006,102,train,1
/workspace/Boreal-Forest-Fire/Boreal-Forest-Fire-Subset-A/Karkkila-Images/karkkila_DJI_0006_frame103.jpg,karkkila,karkkila_dji_0006,103,train,1
/workspace/Boreal-Forest-Fire/Boreal-Forest-Fire-Subset-A/Karkkila-Images/karkkila_DJI_0006_frame104.jpg,karkkila,karkkila_dji_0006,104,train,1
/workspace/Boreal-Forest-Fire/Boreal-Forest-Fire-Subset-A/Karkkila-Images/karkkila_DJI_0006_frame105.jpg,karkkila,karkkila_dji_0006,105,train,1
/workspace/Boreal-Forest-Fire/Boreal-Forest-Fire-Subset-A/Karkkila-Images/karkkila_DJI_0006_frame106.jpg,karkkila,karkkila_dji_0006,106,train,1
/workspace/Boreal-Forest-Fire/Boreal-Forest-Fire-Subset-A/Karkkila-Images/karkkila_DJI_0006_frame107.jpg,karkkila,karkkila_dji_0006,107,train,1
/workspace/Boreal-Forest-Fire/Boreal-Forest-Fire-Subset-A/Karkkila-Images/karkkila_DJI_0006_frame108.jpg,karkkila,karkkila_dji_0006,108,train,1
/workspace/Boreal-Forest-Fire/Boreal-Forest-Fire-Subset-A/Karkkila-Images/karkkila_DJI_0006_frame109.jpg,karkkila,karkkila_dji_0006,109,train,1
/workspace/Boreal-Forest-Fire/Boreal-Forest-Fire-Subset-A/Karkkila-Images/karkkila_DJI_0006_frame11.jpg,karkkila,karkkila_dji_0006,11,train,1
/workspace/Boreal-Forest-Fire/Boreal-Forest-Fire-Subset-A/Karkkila-Images/karkkila_DJI_0006_frame110.jpg,karkkila,karkkila_dji_0006,110,train,1
/workspace/Boreal-Forest-Fire/Boreal-Forest-Fire-Subset-A/Karkkila-Images/karkkila_DJI_0006_frame12.jpg,karkkila,karkkila_dji_0006,12,train,1
/workspace/Boreal-Forest-Fire/Boreal-Forest-Fire-Subset-A/Karkkila-Images/karkkila_DJI_0006_frame13.jpg,karkkila,karkkila_dji_0006,13,train,1
/workspace/Boreal-Forest-Fire/Boreal-Forest-Fire-Subset-A/Karkkila-Images/karkkila_DJI_0006_frame14.jpg,karkkila,karkkila_dji_0006,14,train,1
/workspace/Boreal-Forest-Fire/Boreal-Forest-Fire-Subset-A/Karkkila-Images/karkkila_DJI_0006_frame15.jpg,karkkila,karkkila_dji_0006,15,train,1
/workspace/Boreal-Forest-Fire/Boreal-Forest-Fire-Subset-A/Karkkila-Images/karkkila_DJI_0006_frame16.jpg,karkkila,karkkila_dji_0006,16,train,1
/workspace/Boreal-Forest-Fire/Boreal-Forest-Fire-Subset-A/Karkkila-Images/karkkila_DJI_0006_frame17.jpg,karkkila,karkkila_dji_0006,17,train,1
/workspace/Boreal-Forest-Fire/Boreal-Forest-Fire-Subset-A/Karkkila-Images/karkkila_DJI_0006_frame18.jpg,karkkila,karkkila_dji_0006,18,train,1
/workspace/Boreal-Forest-Fire/Boreal-Forest-Fire-Subset-A/Karkkila-Images/karkkila_DJI_0006_frame19.jpg,karkkila,karkkila_dji_0006,19,train,1
/workspace/Boreal-Forest-Fire/Boreal-Forest-Fire-Subset-A/Karkkila-Images/karkkila_DJI_0006_frame2.jpg,karkkila,karkkila_dji_0006,2,train,1
/workspace/Boreal-Forest-Fire/Boreal-Forest-Fire-Subset-A/Karkkila-Images/karkkila_DJI_0006_frame20.jpg,karkkila,karkkila_dji_0006,20,train,1
/workspace/Boreal-Forest-Fire/Boreal-Forest-Fire-Subset-A/Karkkila-Images/karkkila_DJI_0006_frame21.jpg,karkkila,karkkila_dji_0006,21,train,1
/workspace/Boreal-Forest-Fire/Boreal-Forest-Fire-Subset-A/Karkkila-Images/karkkila_DJI_0006_frame22.jpg,karkkila,karkkila_dji_0006,22,train,1
/workspace/Boreal-Forest-Fire/Boreal-Forest-Fire-Subset-A/Karkkila-Images/karkkila_DJI_0006_frame23.jpg,karkkila,karkkila_dji_0006,23,train,1
/workspace/Boreal-Forest-Fire/Boreal-Forest-Fire-Subset-A/Karkkila-Images/karkkila_DJI_0006_frame24.jpg,karkkila,karkkila_dji_0006,24,train,1
/workspace/Boreal-Forest-Fire/Boreal-Forest-Fire-Subset-A/Karkkila-Images/karkkila_DJI_0006_frame25.jpg,karkkila,karkkila_dji_0006,25,train,1
/workspace/Boreal-Forest-Fire/Boreal-Forest-Fire-Subset-A/Karkkila-Images/karkkila_DJI_0006_frame26.jpg,karkkila,karkkila_dji_0006,26,train,1
/workspace/Boreal-Forest-Fire/Boreal-Forest-Fire-Subset-A/Karkkila-Images/karkkila_DJI_0006_frame27.jpg,karkkila,karkkila_dji_0006,27,train,1
/workspace/Boreal-Forest-Fire/Boreal-Forest-Fire-Subset-A/Karkkila-Images/karkkila_DJI_0006_frame28.jpg,karkkila,karkkila_dji_0006,28,train,1
/workspace/Boreal-Forest-Fire/Boreal-Forest-Fire-Subset-A/Karkkila-Images/karkkila_DJI_0006_frame29.jpg,karkkila,karkkila_dji_0006,29,train,1
/workspace/Boreal-Forest-Fire/Boreal-Forest-Fire-Subset-A/Karkkila-Images/karkkila_DJI_0006_frame3.jpg,karkkila,karkkila_dji_0006,3,train,1
/workspace/Boreal-Forest-Fire/Boreal-Forest-Fire-Subset-A/Karkkila-Images/karkkila_DJI_0006_frame30.jpg,karkkila,karkkila_dji_0006,30,train,1
/workspace/Boreal-Forest-Fire/Boreal-Forest-Fire-Subset-A/Karkkila-Images/karkkila_DJI_0006_frame31.jpg,karkkila,karkkila_dji_0006,31,train,1
/workspace/Boreal-Forest-Fire/Boreal-Forest-Fire-Subset-A/Karkkila-Images/karkkila_DJI_0006_frame32.jpg,karkkila,karkkila_dji_0006,32,train,1
/workspace/Boreal-Forest-Fire/Boreal-Forest-Fire-Subset-A/Karkkila-Images/karkkila_DJI_0006_frame33.jpg,karkkila,karkkila_dji_0006,33,train,1
/workspace/Boreal-Forest-Fire/Boreal-Forest-Fire-Subset-A/Karkkila-Images/karkkila_DJI_0006_frame34.jpg,karkkila,karkkila_dji_0006,34,train,1
/workspace/Boreal-Forest-Fire/Boreal-Forest-Fire-Subset-A/Karkkila-Images/karkkila_DJI_0006_frame35.jpg,karkkila,karkkila_dji_0006,35,train,1
/workspace/Boreal-Forest-Fire/Boreal-Forest-Fire-Subset-A/Karkkila-Images/karkkila_DJI_0006_frame36.jpg,karkkila,karkkila_dji_0006,36,train,1
/workspace/Boreal-Forest-Fire/Boreal-Forest-Fire-Subset-A/Karkkila-Images/karkkila_DJI_0006_frame37.jpg,karkkila,karkkila_dji_0006,37,train,1
/workspace/Boreal-Forest-Fire/Boreal-Forest-Fire-Subset-A/Karkkila-Images/karkkila_DJI_0006_frame38.jpg,karkkila,karkkila_dji_0006,38,train,1
/workspace/Boreal-Forest-Fire/Boreal-Forest-Fire-Subset-A/Karkkila-Images/karkkila_DJI_0006_frame39.jpg,karkkila,karkkila_dji_0006,39,train,1
/workspace/Boreal-Forest-Fire/Boreal-Forest-Fire-Subset-A/Karkkila-Images/karkkila_DJI_0006_frame4.jpg,karkkila,karkkila_dji_0006,4,train,1
/workspace/Boreal-Forest-Fire/Boreal-Forest-Fire-Subset-A/Karkkila-Images/karkkila_DJI_0006_frame40.jpg,karkkila,karkkila_dji_0006,40,train,1
/workspace/Boreal-Forest-Fire/Boreal-Forest-Fire-Subset-A/Karkkila-Images/karkkila_DJI_0006_frame41.jpg,karkkila,karkkila_dji_0006,41,train,1
/workspace/Boreal-Forest-Fire/Boreal-Forest-Fire-Subset-A/Karkkila-Images/karkkila_DJI_0006_frame42.jpg,karkkila,karkkila_dji_0006,42,train,1
/workspace/Boreal-Forest-Fire/Boreal-Forest-Fire-Subset-A/Karkkila-Images/karkkila_DJI_0006_frame43.jpg,karkkila,karkkila_dji_0006,43,train,1
/workspace/Boreal-Forest-Fire/Boreal-Forest-Fire-Subset-A/Karkkila-Images/karkkila_DJI_0006_frame44.jpg,karkkila,karkkila_dji_0006,44,train,1
/workspace/Boreal-Forest-Fire/Boreal-Forest-Fire-Subset-A/Karkkila-Images/karkkila_DJI_0006_frame45.jpg,karkkila,karkkila_dji_0006,45,train,1
/workspace/Boreal-Forest-Fire/Boreal-Forest-Fire-Subset-A/Karkkila-Images/karkkila_DJI_0006_frame46.jpg,karkkila,karkkila_dji_0006,46,train,1
/workspace/Boreal-Forest-Fire/Boreal-Forest-Fire-Subset-A/Karkkila-Images/karkkila_DJI_0006_frame47.jpg,karkkila,karkkila_dji_0006,47,train,1
/workspace/Boreal-Forest-Fire/Boreal-Forest-Fire-Subset-A/Karkkila-Images/karkkila_DJI_0006_frame48.jpg,karkkila,karkkila_dji_0006,48,train,1
/workspace/Boreal-Forest-Fire/Boreal-Forest-Fire-Subset-A/Karkkila-Images/karkkila_DJI_0006_frame49.jpg,karkkila,karkkila_dji_0006,49,train,1
/workspace/Boreal-Forest-Fire/Boreal-Forest-Fire-Subset-A/Karkkila-Images/karkkila_DJI_0006_frame5.jpg,karkkila,karkkila_dji_0006,5,train,1
/workspace/Boreal-Forest-Fire/Boreal-Forest-Fire-Subset-A/Karkkila-Images/karkkila_DJI_0006_frame50.jpg,karkkila,karkkila_dji_0006,50,train,1
/workspace/Boreal-Forest-Fire/Boreal-Forest-Fire-Subset-A/Karkkila-Images/karkkila_DJI_0006_frame51.jpg,karkkila,karkkila_dji_0006,51,train,1
/workspace/Boreal-Forest-Fire/Boreal-Forest-Fire-Subset-A/Karkkila-Images/karkkila_DJI_0006_frame52.jpg,karkkila,karkkila_dji_0006,52,train,1
/workspace/Boreal-Forest-Fire/Boreal-Forest-Fire-Subset-A/Karkkila-Images/karkkila_DJI_0006_frame53.jpg,karkkila,karkkila_dji_0006,53,train,1
/workspace/Boreal-Forest-Fire/Boreal-Forest-Fire-Subset-A/Karkkila-Images/karkkila_DJI_0006_frame54.jpg,karkkila,karkkila_dji_0006,54,train,1
/workspace/Boreal-Forest-Fire/Boreal-Forest-Fire-Subset-A/Karkkila-Images/karkkila_DJI_0006_frame55.jpg,karkkila,karkkila_dji_0006,55,train,1
/workspace/Boreal-Forest-Fire/Boreal-Forest-Fire-Subset-A/Karkkila-Images/karkkila_DJI_0006_frame56.jpg,karkkila,karkkila_dji_0006,56,train,1
/workspace/Boreal-Forest-Fire/Boreal-Forest-Fire-Subset-A/Karkkila-Images/karkkila_DJI_0006_frame57.jpg,karkkila,karkkila_dji_0006,57,train,1
/workspace/Boreal-Forest-Fire/Boreal-Forest-Fire-Subset-A/Karkkila-Images/karkkila_DJI_0006_frame58.jpg,karkkila,karkkila_dji_0006,58,train,1
/workspace/Boreal-Forest-Fire/Boreal-Forest-Fire-Subset-A/Karkkila-Images/karkkila_DJI_0006_frame59.jpg,karkkila,karkkila_dji_0006,59,train,1
/workspace/Boreal-Forest-Fire/Boreal-Forest-Fire-Subset-A/Karkkila-Images/karkkila_DJI_0006_frame6.jpg,karkkila,karkkila_dji_0006,6,train,1
/workspace/Boreal-Forest-Fire/Boreal-Forest-Fire-Subset-A/Karkkila-Images/karkkila_DJI_0006_frame60.jpg,karkkila,karkkila_dji_0006,60,train,1
/workspace/Boreal-Forest-Fire/Boreal-Forest-Fire-Subset-A/Karkkila-Images/karkkila_DJI_0006_frame61.jpg,karkkila,karkkila_dji_0006,61,train,1
/workspace/Boreal-Forest-Fire/Boreal-Forest-Fire-Subset-A/Karkkila-Images/karkkila_DJI_0006_frame62.jpg,karkkila,karkkila_dji_0006,62,train,1
/workspace/Boreal-Forest-Fire/Boreal-Forest-Fire-Subset-A/Karkkila-Images/karkkila_DJI_0006_frame63.jpg,karkkila,karkkila_dji_0006,63,train,1
/workspace/Boreal-Forest-Fire/Boreal-Forest-Fire-Subset-A/Karkkila-Images/karkkila_DJI_0006_frame64.jpg,karkkila,karkkila_dji_0006,64,train,1
/workspace/Boreal-Forest-Fire/Boreal-Forest-Fire-Subset-A/Karkkila-Images/karkkila_DJI_0006_frame65.jpg,karkkila,karkkila_dji_0006,65,train,1
/workspace/Boreal-Forest-Fire/Boreal-Forest-Fire-Subset-A/Karkkila-Images/karkkila_DJI_0006_frame66.jpg,karkkila,karkkila_dji_0006,66,train,1
/workspace/Boreal-Forest-Fire/Boreal-Forest-Fire-Subset-A/Karkkila-Images/karkkila_DJI_0006_frame67.jpg,karkkila,karkkila_dji_0006,67,train,1
/workspace/Boreal-Forest-Fire/Boreal-Forest-Fire-Subset-A/Karkkila-Images/karkkila_DJI_0006_frame68.jpg,karkkila,karkkila_dji_0006,68,train,1
/workspace/Boreal-Forest-Fire/Boreal-Forest-Fire-Subset-A/Karkkila-Images/karkkila_DJI_0006_frame69.jpg,karkkila,karkkila_dji_0006,69,train,1
/workspace/Boreal-Forest-Fire/Boreal-Forest-Fire-Subset-A/Karkkila-Images/karkkila_DJI_0006_frame7.jpg,karkkila,karkkila_dji_0006,7,train,1
/workspace/Boreal-Forest-Fire/Boreal-Forest-Fire-Subset-A/Karkkila-Images/karkkila_DJI_0006_frame70.jpg,karkkila,karkkila_dji_0006,70,train,1
/workspace/Boreal-Forest-Fire/Boreal-Forest-Fire-Subset-A/Karkkila-Images/karkkila_DJI_0006_frame71.jpg,karkkila,karkkila_dji_0006,71,train,1
/workspace/Boreal-Forest-Fire/Boreal-Forest-Fire-Subset-A/Karkkila-Images/karkkila_DJI_0006_frame72.jpg,karkkila,karkkila_dji_0006,72,train,1
/workspace/Boreal-Forest-Fire/Boreal-Forest-Fire-Subset-A/Karkkila-Images/karkkila_DJI_0006_frame73.jpg,karkkila,karkkila_dji_0006,73,train,1
/workspace/Boreal-Forest-Fire/Boreal-Forest-Fire-Subset-A/Karkkila-Images/karkkila_DJI_0006_frame74.jpg,karkkila,karkkila_dji_0006,74,train,1
/workspace/Boreal-Forest-Fire/Boreal-Forest-Fire-Subset-A/Karkkila-Images/karkkila_DJI_0006_frame75.jpg,karkkila,karkkila_dji_0006,75,train,1
/workspace/Boreal-Forest-Fire/Boreal-Forest-Fire-Subset-A/Karkkila-Images/karkkila_DJI_0006_frame76.jpg,karkkila,karkkila_dji_0006,76,train,1
/workspace/Boreal-Forest-Fire/Boreal-Forest-Fire-Subset-A/Karkkila-Images/karkkila_DJI_0006_frame77.jpg,karkkila,karkkila_dji_0006,77,train,1
/workspace/Boreal-Forest-Fire/Boreal-Forest-Fire-Subset-A/Karkkila-Images/karkkila_DJI_0006_frame78.jpg,karkkila,karkkila_dji_0006,78,train,1
/workspace/Boreal-Forest-Fire/Boreal-Forest-Fire-Subset-A/Karkkila-Images/karkkila_DJI_0006_frame79.jpg,karkkila,karkkila_dji_0006,79,train,1
/workspace/Boreal-Forest-Fire/Boreal-Forest-Fire-Subset-A/Karkkila-Images/karkkila_DJI_0006_frame8.jpg,karkkila,karkkila_dji_0006,8,train,1
/workspace/Boreal-Forest-Fire/Boreal-Forest-Fire-Subset-A/Karkkila-Images/karkkila_DJI_0006_frame80.jpg,karkkila,karkkila_dji_0006,80,train,1
/workspace/Boreal-Forest-Fire/Boreal-Forest-Fire-Subset-A/Karkkila-Images/karkkila_DJI_0006_frame81.jpg,karkkila,karkkila_dji_0006,81,train,1
/workspace/Boreal-Forest-Fire/Boreal-Forest-Fire-Subset-A/Karkkila-Images/karkkila_DJI_0006_frame82.jpg,karkkila,karkkila_dji_0006,82,train,1
/workspace/Boreal-Forest-Fire/Boreal-Forest-Fire-Subset-A/Karkkila-Images/karkkila_DJI_0006_frame83.jpg,karkkila,karkkila_dji_0006,83,train,1
/workspace/Boreal-Forest-Fire/Boreal-Forest-Fire-Subset-A/Karkkila-Images/karkkila_DJI_0006_frame9.jpg,karkkila,karkkila_dji_0006,9,train,1
/workspace/Boreal-Forest-Fire/Boreal-Forest-Fire-Subset-A/Karkkila-Images/karkkila_DJI_0006_frame95.jpg,karkkila,karkkila_dji_0006,95,train,1
/workspace/Boreal-Forest-Fire/Boreal-Forest-Fire-Subset-A/Karkkila-Images/karkkila_DJI_0006_frame96.jpg,karkkila,karkkila_dji_0006,96,train,1
/workspace/Boreal-Forest-Fire/Boreal-Forest-Fire-Subset-A/Karkkila-Images/karkkila_DJI_0006_frame97.jpg,karkkila,karkkila_dji_0006,97,train,1
/workspace/Boreal-Forest-Fire/Boreal-Forest-Fire-Subset-A/Karkkila-Images/karkkila_DJI_0006_frame98.jpg,karkkila,karkkila_dji_0006,98,train,1
/workspace/Boreal-Forest-Fire/Boreal-Forest-Fire-Subset-A/Karkkila-Images/karkkila_DJI_0006_frame99.jpg,karkkila,karkkila_dji_0006,99,train,1
/workspace/Boreal-Forest-Fire/Boreal-Forest-Fire-Subset-A/Karkkila-Images/karkkila_DJI_0007_frame0.jpg,karkkila,merged:karkkila_dji_0007,0,train,1
/workspace/Boreal-Forest-Fire/Boreal-Forest-Fire-Subset-A/Karkkila-Images/karkkila_DJI_0007_frame1.jpg,karkkila,merged:karkkila_dji_0007,1,train,1
/workspace/Boreal-Forest-Fire/Boreal-Forest-Fire-Subset-A/Karkkila-Images/karkkila_DJI_0007_frame10.jpg,karkkila,merged:karkkila_dji_0007,10,train,1
/workspace/Boreal-Forest-Fire/Boreal-Forest-Fire-Subset-A/Karkkila-Images/karkkila_DJI_0007_frame100.jpg,karkkila,merged:karkkila_dji_0007,100,train,1
/workspace/Boreal-Forest-Fire/Boreal-Forest-Fire-Subset-A/Karkkila-Images/karkkila_DJI_0007_frame101.jpg,karkkila,merged:karkkila_dji_0007,101,train,1
/workspace/Boreal-Forest-Fire/Boreal-Forest-Fire-Subset-A/Karkkila-Images/karkkila_DJI_0007_frame102.jpg,karkkila,merged:karkkila_dji_0007,102,train,1
/workspace/Boreal-Forest-Fire/Boreal-Forest-Fire-Subset-A/Karkkila-Images/karkkila_DJI_0007_frame103.jpg,karkkila,merged:karkkila_dji_0007,103,train,1
/workspace/Boreal-Forest-Fire/Boreal-Forest-Fire-Subset-A/Karkkila-Images/karkkila_DJI_0007_frame104.jpg,karkkila,merged:karkkila_dji_0007,104,train,1
/workspace/Boreal-Forest-Fire/Boreal-Forest-Fire-Subset-A/Karkkila-Images/karkkila_DJI_0007_frame105.jpg,karkkila,merged:karkkila_dji_0007,105,train,1
/workspace/Boreal-Forest-Fire/Boreal-Forest-Fire-Subset-A/Karkkila-Images/karkkila_DJI_0007_frame106.jpg,karkkila,merged:karkkila_dji_0007,106,train,1
/workspace/Boreal-Forest-Fire/Boreal-Forest-Fire-Subset-A/Karkkila-Images/karkkila_DJI_0007_frame107.jpg,karkkila,merged:karkkila_dji_0007,107,train,1
/workspace/Boreal-Forest-Fire/Boreal-Forest-Fire-Subset-A/Karkkila-Images/karkkila_DJI_0007_frame108.jpg,karkkila,merged:karkkila_dji_0007,108,train,1
/workspace/Boreal-Forest-Fire/Boreal-Forest-Fire-Subset-A/Karkkila-Images/karkkila_DJI_0007_frame109.jpg,karkkila,merged:karkkila_dji_0007,109,train,1
/workspace/Boreal-Forest-Fire/Boreal-Forest-Fire-Subset-A/Karkkila-Images/karkkila_DJI_0007_frame11.jpg,karkkila,merged:karkkila_dji_0007,11,train,1
/workspace/Boreal-Forest-Fire/Boreal-Forest-Fire-Subset-A/Karkkila-Images/karkkila_DJI_0007_frame110.jpg,karkkila,merged:karkkila_dji_0007,110,train,1
/workspace/Boreal-Forest-Fire/Boreal-Forest-Fire-Subset-A/Karkkila-Images/karkkila_DJI_0007_frame111.jpg,karkkila,merged:karkkila_dji_0007,111,train,1
/workspace/Boreal-Forest-Fire/Boreal-Forest-Fire-Subset-A/Karkkila-Images/karkkila_DJI_0007_frame112.jpg,karkkila,merged:karkkila_dji_0007,112,train,1
/workspace/Boreal-Forest-Fire/Boreal-Forest-Fire-Subset-A/Karkkila-Images/karkkila_DJI_0007_frame113.jpg,karkkila,merged:karkkila_dji_0007,113,train,1
/workspace/Boreal-Forest-Fire/Boreal-Forest-Fire-Subset-A/Karkkila-Images/karkkila_DJI_0007_frame114.jpg,karkkila,merged:karkkila_dji_0007,114,train,1
/workspace/Boreal-Forest-Fire/Boreal-Forest-Fire-Subset-A/Karkkila-Images/karkkila_DJI_0007_frame115.jpg,karkkila,merged:karkkila_dji_0007,115,train,1
/workspace/Boreal-Forest-Fire/Boreal-Forest-Fire-Subset-A/Karkkila-Images/karkkila_DJI_0007_frame116.jpg,karkkila,merged:karkkila_dji_0007,116,train,1
/workspace/Boreal-Forest-Fire/Boreal-Forest-Fire-Subset-A/Karkkila-Images/karkkila_DJI_0007_frame117.jpg,karkkila,merged:karkkila_dji_0007,117,train,1
/workspace/Boreal-Forest-Fire/Boreal-Forest-Fire-Subset-A/Karkkila-Images/karkkila_DJI_0007_frame118.jpg,karkkila,merged:karkkila_dji_0007,118,train,1
/workspace/Boreal-Forest-Fire/Boreal-Forest-Fire-Subset-A/Karkkila-Images/karkkila_DJI_0007_frame119.jpg,karkkila,merged:karkkila_dji_0007,119,train,1
/workspace/Boreal-Forest-Fire/Boreal-Forest-Fire-Subset-A/Karkkila-Images/karkkila_DJI_0007_frame12.jpg,karkkila,merged:karkkila_dji_0007,12,train,1
/workspace/Boreal-Forest-Fire/Boreal-Forest-Fire-Subset-A/Karkkila-Images/karkkila_DJI_0007_frame120.jpg,karkkila,merged:karkkila_dji_0007,120,train,1
/workspace/Boreal-Forest-Fire/Boreal-Forest-Fire-Subset-A/Karkkila-Images/karkkila_DJI_0007_frame121.jpg,karkkila,merged:karkkila_dji_0007,121,train,1
/workspace/Boreal-Forest-Fire/Boreal-Forest-Fire-Subset-A/Karkkila-Images/karkkila_DJI_0007_frame122.jpg,karkkila,merged:karkkila_dji_0007,122,train,4
/workspace/Boreal-Forest-Fire/Boreal-Forest-Fire-Subset-A/Karkkila-Images/karkkila_DJI_0007_frame123.jpg,karkkila,merged:karkkila_dji_0007,123,train,1
/workspace/Boreal-Forest-Fire/Boreal-Forest-Fire-Subset-A/Karkkila-Images/karkkila_DJI_0007_frame124.jpg,karkkila,merged:karkkila_dji_0007,124,train,1
/workspace/Boreal-Forest-Fire/Boreal-Forest-Fire-Subset-A/Karkkila-Images/karkkila_DJI_0007_frame125.jpg,karkkila,merged:karkkila_dji_0007,125,train,1
/workspace/Boreal-Forest-Fire/Boreal-Forest-Fire-Subset-A/Karkkila-Images/karkkila_DJI_0007_frame126.jpg,karkkila,merged:karkkila_dji_0007,126,train,1
/workspace/Boreal-Forest-Fire/Boreal-Forest-Fire-Subset-A/Karkkila-Images/karkkila_DJI_0007_frame127.jpg,karkkila,merged:karkkila_dji_0007,127,train,1
/workspace/Boreal-Forest-Fire/Boreal-Forest-Fire-Subset-A/Karkkila-Images/karkkila_DJI_0007_frame128.jpg,karkkila,merged:karkkila_dji_0007,128,train,1
/workspace/Boreal-Forest-Fire/Boreal-Forest-Fire-Subset-A/Karkkila-Images/karkkila_DJI_0007_frame129.jpg,karkkila,merged:karkkila_dji_0007,129,train,1
/workspace/Boreal-Forest-Fire/Boreal-Forest-Fire-Subset-A/Karkkila-Images/karkkila_DJI_0007_frame13.jpg,karkkila,merged:karkkila_dji_0007,13,train,1
/workspace/Boreal-Forest-Fire/Boreal-Forest-Fire-Subset-A/Karkkila-Images/karkkila_DJI_0007_frame130.jpg,karkkila,merged:karkkila_dji_0007,130,train,1
/workspace/Boreal-Forest-Fire/Boreal-Forest-Fire-Subset-A/Karkkila-Images/karkkila_DJI_0007_frame131.jpg,karkkila,merged:karkkila_dji_0007,131,train,1
/workspace/Boreal-Forest-Fire/Boreal-Forest-Fire-Subset-A/Karkkila-Images/karkkila_DJI_0007_frame132.jpg,karkkila,merged:karkkila_dji_0007,132,train,1
/workspace/Boreal-Forest-Fire/Boreal-Forest-Fire-Subset-A/Karkkila-Images/karkkila_DJI_0007_frame133.jpg,karkkila,merged:karkkila_dji_0007,133,train,1
/workspace/Boreal-Forest-Fire/Boreal-Forest-Fire-Subset-A/Karkkila-Images/karkkila_DJI_0007_frame134.jpg,karkkila,merged:karkkila_dji_0007,134,train,1
/workspace/Boreal-Forest-Fire/Boreal-Forest-Fire-Subset-A/Karkkila-Images/karkkila_DJI_0007_frame135.jpg,karkkila,merged:karkkila_dji_0007,135,train,1
/workspace/Boreal-Forest-Fire/Boreal-Forest-Fire-Subset-A/Karkkila-Images/karkkila_DJI_0007_frame136.jpg,karkkila,merged:karkkila_dji_0007,136,train,1
/workspace/Boreal-Forest-Fire/Boreal-Forest-Fire-Subset-A/Karkkila-Images/karkkila_DJI_0007_frame137.jpg,karkkila,merged:karkkila_dji_0007,137,train,1
/workspace/Boreal-Forest-Fire/Boreal-Forest-Fire-Subset-A/Karkkila-Images/karkkila_DJI_0007_frame138.jpg,karkkila,merged:karkkila_dji_0007,138,train,1
/workspace/Boreal-Forest-Fire/Boreal-Forest-Fire-Subset-A/Karkkila-Images/karkkila_DJI_0007_frame139.jpg,karkkila,merged:karkkila_dji_0007,139,train,1
/workspace/Boreal-Forest-Fire/Boreal-Forest-Fire-Subset-A/Karkkila-Images/karkkila_DJI_0007_frame14.jpg,karkkila,merged:karkkila_dji_0007,14,train,1
/workspace/Boreal-Forest-Fire/Boreal-Forest-Fire-Subset-A/Karkkila-Images/karkkila_DJI_0007_frame140.jpg,karkkila,merged:karkkila_dji_0007,140,train,1
/workspace/Boreal-Forest-Fire/Boreal-Forest-Fire-Subset-A/Karkkila-Images/karkkila_DJI_0007_frame141.jpg,karkkila,merged:karkkila_dji_0007,141,train,1
/workspace/Boreal-Forest-Fire/Boreal-Forest-Fire-Subset-A/Karkkila-Images/karkkila_DJI_0007_frame142.jpg,karkkila,merged:karkkila_dji_0007,142,train,1
/workspace/Boreal-Forest-Fire/Boreal-Forest-Fire-Subset-A/Karkkila-Images/karkkila_DJI_0007_frame143.jpg,karkkila,merged:karkkila_dji_0007,143,train,1
/workspace/Boreal-Forest-Fire/Boreal-Forest-Fire-Subset-A/Karkkila-Images/karkkila_DJI_0007_frame144.jpg,karkkila,merged:karkkila_dji_0007,144,train,1
/workspace/Boreal-Forest-Fire/Boreal-Forest-Fire-Subset-A/Karkkila-Images/karkkila_DJI_0007_frame145.jpg,karkkila,merged:karkkila_dji_0007,145,train,1
/workspace/Boreal-Forest-Fire/Boreal-Forest-Fire-Subset-A/Karkkila-Images/karkkila_DJI_0007_frame146.jpg,karkkila,merged:karkkila_dji_0007,146,train,1
/workspace/Boreal-Forest-Fire/Boreal-Forest-Fire-Subset-A/Karkkila-Images/karkkila_DJI_0007_frame147.jpg,karkkila,merged:karkkila_dji_0007,147,train,1
/workspace/Boreal-Forest-Fire/Boreal-Forest-Fire-Subset-A/Karkkila-Images/karkkila_DJI_0007_frame148.jpg,karkkila,merged:karkkila_dji_0007,148,train,1
/workspace/Boreal-Forest-Fire/Boreal-Forest-Fire-Subset-A/Karkkila-Images/karkkila_DJI_0007_frame149.jpg,karkkila,merged:karkkila_dji_0007,149,train,1
/workspace/Boreal-Forest-Fire/Boreal-Forest-Fire-Subset-A/Karkkila-Images/karkkila_DJI_0007_frame15.jpg,karkkila,merged:karkkila_dji_0007,15,train,1
/workspace/Boreal-Forest-Fire/Boreal-Forest-Fire-Subset-A/Karkkila-Images/karkkila_DJI_0007_frame150.jpg,karkkila,merged:karkkila_dji_0007,150,train,1
/workspace/Boreal-Forest-Fire/Boreal-Forest-Fire-Subset-A/Karkkila-Images/karkkila_DJI_0007_frame151.jpg,karkkila,merged:karkkila_dji_0007,151,train,1
/workspace/Boreal-Forest-Fire/Boreal-Forest-Fire-Subset-A/Karkkila-Images/karkkila_DJI_0007_frame152.jpg,karkkila,merged:karkkila_dji_0007,152,train,1
/workspace/Boreal-Forest-Fire/Boreal-Forest-Fire-Subset-A/Karkkila-Images/karkkila_DJI_0007_frame153.jpg,karkkila,merged:karkkila_dji_0007,153,train,1
/workspace/Boreal-Forest-Fire/Boreal-Forest-Fire-Subset-A/Karkkila-Images/karkkila_DJI_0007_frame154.jpg,karkkila,merged:karkkila_dji_0007,154,train,1
/workspace/Boreal-Forest-Fire/Boreal-Forest-Fire-Subset-A/Karkkila-Images/karkkila_DJI_0007_frame155.jpg,karkkila,merged:karkkila_dji_0007,155,train,1
/workspace/Boreal-Forest-Fire/Boreal-Forest-Fire-Subset-A/Karkkila-Images/karkkila_DJI_0007_frame156.jpg,karkkila,merged:karkkila_dji_0007,156,train,1
/workspace/Boreal-Forest-Fire/Boreal-Forest-Fire-Subset-A/Karkkila-Images/karkkila_DJI_0007_frame157.jpg,karkkila,merged:karkkila_dji_0007,157,train,1
/workspace/Boreal-Forest-Fire/Boreal-Forest-Fire-Subset-A/Karkkila-Images/karkkila_DJI_0007_frame158.jpg,karkkila,merged:karkkila_dji_0007,158,train,1
/workspace/Boreal-Forest-Fire/Boreal-Forest-Fire-Subset-A/Karkkila-Images/karkkila_DJI_0007_frame159.jpg,karkkila,merged:karkkila_dji_0007,159,train,1
/workspace/Boreal-Forest-Fire/Boreal-Forest-Fire-Subset-A/Karkkila-Images/karkkila_DJI_0007_frame16.jpg,karkkila,merged:karkkila_dji_0007,16,train,1
/workspace/Boreal-Forest-Fire/Boreal-Forest-Fire-Subset-A/Karkkila-Images/karkkila_DJI_0007_frame160.jpg,karkkila,merged:karkkila_dji_0007,160,train,1
/workspace/Boreal-Forest-Fire/Boreal-Forest-Fire-Subset-A/Karkkila-Images/karkkila_DJI_0007_frame161.jpg,karkkila,merged:karkkila_dji_0007,161,train,1
/workspace/Boreal-Forest-Fire/Boreal-Forest-Fire-Subset-A/Karkkila-Images/karkkila_DJI_0007_frame162.jpg,karkkila,merged:karkkila_dji_0007,162,train,1
/workspace/Boreal-Forest-Fire/Boreal-Forest-Fire-Subset-A/Karkkila-Images/karkkila_DJI_0007_frame163.jpg,karkkila,merged:karkkila_dji_0007,163,train,1
/workspace/Boreal-Forest-Fire/Boreal-Forest-Fire-Subset-A/Karkkila-Images/karkkila_DJI_0007_frame164.jpg,karkkila,merged:karkkila_dji_0007,164,train,1
/workspace/Boreal-Forest-Fire/Boreal-Forest-Fire-Subset-A/Karkkila-Images/karkkila_DJI_0007_frame165.jpg,karkkila,merged:karkkila_dji_0007,165,train,1
/workspace/Boreal-Forest-Fire/Boreal-Forest-Fire-Subset-A/Karkkila-Images/karkkila_DJI_0007_frame166.jpg,karkkila,merged:karkkila_dji_0007,166,train,1
/workspace/Boreal-Forest-Fire/Boreal-Forest-Fire-Subset-A/Karkkila-Images/karkkila_DJI_0007_frame167.jpg,karkkila,merged:karkkila_dji_0007,167,train,1
/workspace/Boreal-Forest-Fire/Boreal-Forest-Fire-Subset-A/Karkkila-Images/karkkila_DJI_0007_frame168.jpg,karkkila,merged:karkkila_dji_0007,168,train,1
/workspace/Boreal-Forest-Fire/Boreal-Forest-Fire-Subset-A/Karkkila-Images/karkkila_DJI_0007_frame169.jpg,karkkila,merged:karkkila_dji_0007,169,train,1
/workspace/Boreal-Forest-Fire/Boreal-Forest-Fire-Subset-A/Karkkila-Images/karkkila_DJI_0007_frame17.jpg,karkkila,merged:karkkila_dji_0007,17,train,1
/workspace/Boreal-Forest-Fire/Boreal-Forest-Fire-Subset-A/Karkkila-Images/karkkila_DJI_0007_frame170.jpg,karkkila,merged:karkkila_dji_0007,170,train,1
/workspace/Boreal-Forest-Fire/Boreal-Forest-Fire-Subset-A/Karkkila-Images/karkkila_DJI_0007_frame18.jpg,karkkila,merged:karkkila_dji_0007,18,train,1
/workspace/Boreal-Forest-Fire/Boreal-Forest-Fire-Subset-A/Karkkila-Images/karkkila_DJI_0007_frame19.jpg,karkkila,merged:karkkila_dji_0007,19,train,1
/workspace/Boreal-Forest-Fire/Boreal-Forest-Fire-Subset-A/Karkkila-Images/karkkila_DJI_0007_frame2.jpg,karkkila,merged:karkkila_dji_0007,2,train,1
/workspace/Boreal-Forest-Fire/Boreal-Forest-Fire-Subset-A/Karkkila-Images/karkkila_DJI_0007_frame20.jpg,karkkila,merged:karkkila_dji_0007,20,train,1
/workspace/Boreal-Forest-Fire/Boreal-Forest-Fire-Subset-A/Karkkila-Images/karkkila_DJI_0007_frame21.jpg,karkkila,merged:karkkila_dji_0007,21,train,1
/workspace/Boreal-Forest-Fire/Boreal-Forest-Fire-Subset-A/Karkkila-Images/karkkila_DJI_0007_frame22.jpg,karkkila,merged:karkkila_dji_0007,22,train,1
/workspace/Boreal-Forest-Fire/Boreal-Forest-Fire-Subset-A/Karkkila-Images/karkkila_DJI_0007_frame23.jpg,karkkila,merged:karkkila_dji_0007,23,train,1
/workspace/Boreal-Forest-Fire/Boreal-Forest-Fire-Subset-A/Karkkila-Images/karkkila_DJI_0007_frame24.jpg,karkkila,merged:karkkila_dji_0007,24,train,1
/workspace/Boreal-Forest-Fire/Boreal-Forest-Fire-Subset-A/Karkkila-Images/karkkila_DJI_0007_frame25.jpg,karkkila,merged:karkkila_dji_0007,25,train,1
/workspace/Boreal-Forest-Fire/Boreal-Forest-Fire-Subset-A/Karkkila-Images/karkkila_DJI_0007_frame26.jpg,karkkila,merged:karkkila_dji_0007,26,train,1
/workspace/Boreal-Forest-Fire/Boreal-Forest-Fire-Subset-A/Karkkila-Images/karkkila_DJI_0007_frame27.jpg,karkkila,merged:karkkila_dji_0007,27,train,1
/workspace/Boreal-Forest-Fire/Boreal-Forest-Fire-Subset-A/Karkkila-Images/karkkila_DJI_0007_frame28.jpg,karkkila,merged:karkkila_dji_0007,28,train,1
/workspace/Boreal-Forest-Fire/Boreal-Forest-Fire-Subset-A/Karkkila-Images/karkkila_DJI_0007_frame29.jpg,karkkila,merged:karkkila_dji_0007,29,train,1
/workspace/Boreal-Forest-Fire/Boreal-Forest-Fire-Subset-A/Karkkila-Images/karkkila_DJI_0007_frame3.jpg,karkkila,merged:karkkila_dji_0007,3,train,1
/workspace/Boreal-Forest-Fire/Boreal-Forest-Fire-Subset-A/Karkkila-Images/karkkila_DJI_0007_frame30.jpg,karkkila,merged:karkkila_dji_0007,30,train,1
/workspace/Boreal-Forest-Fire/Boreal-Forest-Fire-Subset-A/Karkkila-Images/karkkila_DJI_0007_frame31.jpg,karkkila,merged:karkkila_dji_0007,31,train,1
/workspace/Boreal-Forest-Fire/Boreal-Forest-Fire-Subset-A/Karkkila-Images/karkkila_DJI_0007_frame32.jpg,karkkila,merged:karkkila_dji_0007,32,train,1
/workspace/Boreal-Forest-Fire/Boreal-Forest-Fire-Subset-A/Karkkila-Images/karkkila_DJI_0007_frame33.jpg,karkkila,merged:karkkila_dji_0007,33,train,1
/workspace/Boreal-Forest-Fire/Boreal-Forest-Fire-Subset-A/Karkkila-Images/karkkila_DJI_0007_frame34.jpg,karkkila,merged:karkkila_dji_0007,34,train,1
/workspace/Boreal-Forest-Fire/Boreal-Forest-Fire-Subset-A/Karkkila-Images/karkkila_DJI_0007_frame35.jpg,karkkila,merged:karkkila_dji_0007,35,train,1
/workspace/Boreal-Forest-Fire/Boreal-Forest-Fire-Subset-A/Karkkila-Images/karkkila_DJI_0007_frame36.jpg,karkkila,merged:karkkila_dji_0007,36,train,1
/workspace/Boreal-Forest-Fire/Boreal-Forest-Fire-Subset-A/Karkkila-Images/karkkila_DJI_0007_frame37.jpg,karkkila,merged:karkkila_dji_0007,37,train,1
/workspace/Boreal-Forest-Fire/Boreal-Forest-Fire-Subset-A/Karkkila-Images/karkkila_DJI_0007_frame38.jpg,karkkila,merged:karkkila_dji_0007,38,train,1
/workspace/Boreal-Forest-Fire/Boreal-Forest-Fire-Subset-A/Karkkila-Images/karkkila_DJI_0007_frame39.jpg,karkkila,merged:karkkila_dji_0007,39,train,1
/workspace/Boreal-Forest-Fire/Boreal-Forest-Fire-Subset-A/Karkkila-Images/karkkila_DJI_0007_frame4.jpg,karkkila,merged:karkkila_dji_0007,4,train,1
/workspace/Boreal-Forest-Fire/Boreal-Forest-Fire-Subset-A/Karkkila-Images/karkkila_DJI_0007_frame40.jpg,karkkila,merged:karkkila_dji_0007,40,train,1
/workspace/Boreal-Forest-Fire/Boreal-Forest-Fire-Subset-A/Karkkila-Images/karkkila_DJI_0007_frame41.jpg,karkkila,merged:karkkila_dji_0007,41,train,1
/workspace/Boreal-Forest-Fire/Boreal-Forest-Fire-Subset-A/Karkkila-Images/karkkila_DJI_0007_frame42.jpg,karkkila,merged:karkkila_dji_0007,42,train,1
/workspace/Boreal-Forest-Fire/Boreal-Forest-Fire-Subset-A/Karkkila-Images/karkkila_DJI_0007_frame43.jpg,karkkila,merged:karkkila_dji_0007,43,train,1
/workspace/Boreal-Forest-Fire/Boreal-Forest-Fire-Subset-A/Karkkila-Images/karkkila_DJI_0007_frame44.jpg,karkkila,merged:karkkila_dji_0007,44,train,1
/workspace/Boreal-Forest-Fire/Boreal-Forest-Fire-Subset-A/Karkkila-Images/karkkila_DJI_0007_frame45.jpg,karkkila,merged:karkkila_dji_0007,45,train,1
/workspace/Boreal-Forest-Fire/Boreal-Forest-Fire-Subset-A/Karkkila-Images/karkkila_DJI_0007_frame46.jpg,karkkila,merged:karkkila_dji_0007,46,train,1
/workspace/Boreal-Forest-Fire/Boreal-Forest-Fire-Subset-A/Karkkila-Images/karkkila_DJI_0007_frame47.jpg,karkkila,merged:karkkila_dji_0007,47,train,1
/workspace/Boreal-Forest-Fire/Boreal-Forest-Fire-Subset-A/Karkkila-Images/karkkila_DJI_0007_frame48.jpg,karkkila,merged:karkkila_dji_0007,48,train,1
/workspace/Boreal-Forest-Fire/Boreal-Forest-Fire-Subset-A/Karkkila-Images/karkkila_DJI_0007_frame49.jpg,karkkila,merged:karkkila_dji_0007,49,train,1
/workspace/Boreal-Forest-Fire/Boreal-Forest-Fire-Subset-A/Karkkila-Images/karkkila_DJI_0007_frame5.jpg,karkkila,merged:karkkila_dji_0007,5,train,1
/workspace/Boreal-Forest-Fire/Boreal-Forest-Fire-Subset-A/Karkkila-Images/karkkila_DJI_0007_frame50.jpg,karkkila,merged:karkkila_dji_0007,50,train,1
/workspace/Boreal-Forest-Fire/Boreal-Forest-Fire-Subset-A/Karkkila-Images/karkkila_DJI_0007_frame51.jpg,karkkila,merged:karkkila_dji_0007,51,train,1
/workspace/Boreal-Forest-Fire/Boreal-Forest-Fire-Subset-A/Karkkila-Images/karkkila_DJI_0007_frame52.jpg,karkkila,merged:karkkila_dji_0007,52,train,1
/workspace/Boreal-Forest-Fire/Boreal-Forest-Fire-Subset-A/Karkkila-Images/karkkila_DJI_0007_frame53.jpg,karkkila,merged:karkkila_dji_0007,53,train,1
/workspace/Boreal-Forest-Fire/Boreal-Forest-Fire-Subset-A/Karkkila-Images/karkkila_DJI_0007_frame54.jpg,karkkila,merged:karkkila_dji_0007,54,train,1
/workspace/Boreal-Forest-Fire/Boreal-Forest-Fire-Subset-A/Karkkila-Images/karkkila_DJI_0007_frame55.jpg,karkkila,merged:karkkila_dji_0007,55,train,1
/workspace/Boreal-Forest-Fire/Boreal-Forest-Fire-Subset-A/Karkkila-Images/karkkila_DJI_0007_frame56.jpg,karkkila,merged:karkkila_dji_0007,56,train,1
/workspace/Boreal-Forest-Fire/Boreal-Forest-Fire-Subset-A/Karkkila-Images/karkkila_DJI_0007_frame57.jpg,karkkila,merged:karkkila_dji_0007,57,train,1
/workspace/Boreal-Forest-Fire/Boreal-Forest-Fire-Subset-A/Karkkila-Images/karkkila_DJI_0007_frame58.jpg,karkkila,merged:karkkila_dji_0007,58,train,1
/workspace/Boreal-Forest-Fire/Boreal-Forest-Fire-Subset-A/Karkkila-Images/karkkila_DJI_0007_frame59.jpg,karkkila,merged:karkkila_dji_0007,59,train,1
/workspace/Boreal-Forest-Fire/Boreal-Forest-Fire-Subset-A/Karkkila-Images/karkkila_DJI_0007_frame6.jpg,karkkila,merged:karkkila_dji_0007,6,train,1
/workspace/Boreal-Forest-Fire/Boreal-Forest-Fire-Subset-A/Karkkila-Images/karkkila_DJI_0007_frame60.jpg,karkkila,merged:karkkila_dji_0007,60,train,1
/workspace/Boreal-Forest-Fire/Boreal-Forest-Fire-Subset-A/Karkkila-Images/karkkila_DJI_0007_frame61.jpg,karkkila,merged:karkkila_dji_0007,61,train,1
/workspace/Boreal-Forest-Fire/Boreal-Forest-Fire-Subset-A/Karkkila-Images/karkkila_DJI_0007_frame62.jpg,karkkila,merged:karkkila_dji_0007,62,train,1
/workspace/Boreal-Forest-Fire/Boreal-Forest-Fire-Subset-A/Karkkila-Images/karkkila_DJI_0007_frame63.jpg,karkkila,merged:karkkila_dji_0007,63,train,1
/workspace/Boreal-Forest-Fire/Boreal-Forest-Fire-Subset-A/Karkkila-Images/karkkila_DJI_0007_frame64.jpg,karkkila,merged:karkkila_dji_0007,64,train,1
/workspace/Boreal-Forest-Fire/Boreal-Forest-Fire-Subset-A/Karkkila-Images/karkkila_DJI_0007_frame65.jpg,karkkila,merged:karkkila_dji_0007,65,train,1
/workspace/Boreal-Forest-Fire/Boreal-Forest-Fire-Subset-A/Karkkila-Images/karkkila_DJI_0007_frame66.jpg,karkkila,merged:karkkila_dji_0007,66,train,1
/workspace/Boreal-Forest-Fire/Boreal-Forest-Fire-Subset-A/Karkkila-Images/karkkila_DJI_0007_frame67.jpg,karkkila,merged:karkkila_dji_0007,67,train,1
/workspace/Boreal-Forest-Fire/Boreal-Forest-Fire-Subset-A/Karkkila-Images/karkkila_DJI_0007_frame68.jpg,karkkila,merged:karkkila_dji_0007,68,train,1
/workspace/Boreal-Forest-Fire/Boreal-Forest-Fire-Subset-A/Karkkila-Images/karkkila_DJI_0007_frame69.jpg,karkkila,merged:karkkila_dji_0007,69,train,1
/workspace/Boreal-Forest-Fire/Boreal-Forest-Fire-Subset-A/Karkkila-Images/karkkila_DJI_0007_frame7.jpg,karkkila,merged:karkkila_dji_0007,7,train,1
/workspace/Boreal-Forest-Fire/Boreal-Forest-Fire-Subset-A/Karkkila-Images/karkkila_DJI_0007_frame70.jpg,karkkila,merged:karkkila_dji_0007,70,train,1
/workspace/Boreal-Forest-Fire/Boreal-Forest-Fire-Subset-A/Karkkila-Images/karkkila_DJI_0007_frame71.jpg,karkkila,merged:karkkila_dji_0007,71,train,1
/workspace/Boreal-Forest-Fire/Boreal-Forest-Fire-Subset-A/Karkkila-Images/karkkila_DJI_0007_frame72.jpg,karkkila,merged:karkkila_dji_0007,72,train,1
/workspace/Boreal-Forest-Fire/Boreal-Forest-Fire-Subset-A/Karkkila-Images/karkkila_DJI_0007_frame73.jpg,karkkila,merged:karkkila_dji_0007,73,train,1
/workspace/Boreal-Forest-Fire/Boreal-Forest-Fire-Subset-A/Karkkila-Images/karkkila_DJI_0007_frame74.jpg,karkkila,merged:karkkila_dji_0007,74,train,1
/workspace/Boreal-Forest-Fire/Boreal-Forest-Fire-Subset-A/Karkkila-Images/karkkila_DJI_0007_frame75.jpg,karkkila,merged:karkkila_dji_0007,75,train,1
/workspace/Boreal-Forest-Fire/Boreal-Forest-Fire-Subset-A/Karkkila-Images/karkkila_DJI_0007_frame76.jpg,karkkila,merged:karkkila_dji_0007,76,train,1
/workspace/Boreal-Forest-Fire/Boreal-Forest-Fire-Subset-A/Karkkila-Images/karkkila_DJI_0007_frame77.jpg,karkkila,merged:karkkila_dji_0007,77,train,1
/workspace/Boreal-Forest-Fire/Boreal-Forest-Fire-Subset-A/Karkkila-Images/karkkila_DJI_0007_frame78.jpg,karkkila,merged:karkkila_dji_0007,78,train,1
/workspace/Boreal-Forest-Fire/Boreal-Forest-Fire-Subset-A/Karkkila-Images/karkkila_DJI_0007_frame79.jpg,karkkila,merged:karkkila_dji_0007,79,train,1
/workspace/Boreal-Forest-Fire/Boreal-Forest-Fire-Subset-A/Karkkila-Images/karkkila_DJI_0007_frame8.jpg,karkkila,merged:karkkila_dji_0007,8,train,1
/workspace/Boreal-Forest-Fire/Boreal-Forest-Fire-Subset-A/Karkkila-Images/karkkila_DJI_0007_frame80.jpg,karkkila,merged:karkkila_dji_0007,80,train,1
/workspace/Boreal-Forest-Fire/Boreal-Forest-Fire-Subset-A/Karkkila-Images/karkkila_DJI_0007_frame81.jpg,karkkila,merged:karkkila_dji_0007,81,train,1
/workspace/Boreal-Forest-Fire/Boreal-Forest-Fire-Subset-A/Karkkila-Images/karkkila_DJI_0007_frame82.jpg,karkkila,merged:karkkila_dji_0007,82,train,1
/workspace/Boreal-Forest-Fire/Boreal-Forest-Fire-Subset-A/Karkkila-Images/karkkila_DJI_0007_frame83.jpg,karkkila,merged:karkkila_dji_0007,83,train,1
/workspace/Boreal-Forest-Fire/Boreal-Forest-Fire-Subset-A/Karkkila-Images/karkkila_DJI_0007_frame84.jpg,karkkila,merged:karkkila_dji_0007,84,train,1
/workspace/Boreal-Forest-Fire/Boreal-Forest-Fire-Subset-A/Karkkila-Images/karkkila_DJI_0007_frame85.jpg,karkkila,merged:karkkila_dji_0007,85,train,1
/workspace/Boreal-Forest-Fire/Boreal-Forest-Fire-Subset-A/Karkkila-Images/karkkila_DJI_0007_frame86.jpg,karkkila,merged:karkkila_dji_0007,86,train,1
/workspace/Boreal-Forest-Fire/Boreal-Forest-Fire-Subset-A/Karkkila-Images/karkkila_DJI_0007_frame87.jpg,karkkila,merged:karkkila_dji_0007,87,train,1
/workspace/Boreal-Forest-Fire/Boreal-Forest-Fire-Subset-A/Karkkila-Images/karkkila_DJI_0007_frame88.jpg,karkkila,merged:karkkila_dji_0007,88,train,1
/workspace/Boreal-Forest-Fire/Boreal-Forest-Fire-Subset-A/Karkkila-Images/karkkila_DJI_0007_frame89.jpg,karkkila,merged:karkkila_dji_0007,89,train,1
/workspace/Boreal-Forest-Fire/Boreal-Forest-Fire-Subset-A/Karkkila-Images/karkkila_DJI_0007_frame9.jpg,karkkila,merged:karkkila_dji_0007,9,train,1
/workspace/Boreal-Forest-Fire/Boreal-Forest-Fire-Subset-A/Karkkila-Images/karkkila_DJI_0007_frame90.jpg,karkkila,merged:karkkila_dji_0007,90,train,1
/workspace/Boreal-Forest-Fire/Boreal-Forest-Fire-Subset-A/Karkkila-Images/karkkila_DJI_0007_frame91.jpg,karkkila,merged:karkkila_dji_0007,91,train,1
/workspace/Boreal-Forest-Fire/Boreal-Forest-Fire-Subset-A/Karkkila-Images/karkkila_DJI_0007_frame92.jpg,karkkila,merged:karkkila_dji_0007,92,train,1
/workspace/Boreal-Forest-Fire/Boreal-Forest-Fire-Subset-A/Karkkila-Images/karkkila_DJI_0007_frame93.jpg,karkkila,merged:karkkila_dji_0007,93,train,1
/workspace/Boreal-Forest-Fire/Boreal-Forest-Fire-Subset-A/Karkkila-Images/karkkila_DJI_0007_frame94.jpg,karkkila,merged:karkkila_dji_0007,94,train,1
/workspace/Boreal-Forest-Fire/Boreal-Forest-Fire-Subset-A/Karkkila-Images/karkkila_DJI_0007_frame95.jpg,karkkila,merged:karkkila_dji_0007,95,train,1
/workspace/Boreal-Forest-Fire/Boreal-Forest-Fire-Subset-A/Karkkila-Images/karkkila_DJI_0007_frame96.jpg,karkkila,merged:karkkila_dji_0007,96,train,1
/workspace/Boreal-Forest-Fire/Boreal-Forest-Fire-Subset-A/Karkkila-Images/karkkila_DJI_0007_frame97.jpg,karkkila,merged:karkkila_dji_0007,97,train,1
/workspace/Boreal-Forest-Fire/Boreal-Forest-Fire-Subset-A/Karkkila-Images/karkkila_DJI_0007_frame98.jpg,karkkila,merged:karkkila_dji_0007,98,train,1
/workspace/Boreal-Forest-Fire/Boreal-Forest-Fire-Subset-A/Karkkila-Images/karkkila_DJI_0007_frame99.jpg,karkkila,merged:karkkila_dji_0007,99,train,1
/workspace/Boreal-Forest-Fire/Boreal-Forest-Fire-Subset-A/Karkkila-Images/karkkila_DJI_0008_frame0.jpg,karkkila,merged:karkkila_dji_0007,0,train,1
/workspace/Boreal-Forest-Fire/Boreal-Forest-Fire-Subset-A/Karkkila-Images/karkkila_DJI_0008_frame1.jpg,karkkila,merged:karkkila_dji_0007,1,train,1
/workspace/Boreal-Forest-Fire/Boreal-Forest-Fire-Subset-A/Karkkila-Images/karkkila_DJI_0008_frame10.jpg,karkkila,merged:karkkila_dji_0007,10,train,1
/workspace/Boreal-Forest-Fire/Boreal-Forest-Fire-Subset-A/Karkkila-Images/karkkila_DJI_0008_frame100.jpg,karkkila,merged:karkkila_dji_0007,100,train,1
/workspace/Boreal-Forest-Fire/Boreal-Forest-Fire-Subset-A/Karkkila-Images/karkkila_DJI_0008_frame101.jpg,karkkila,merged:karkkila_dji_0007,101,train,1
/workspace/Boreal-Forest-Fire/Boreal-Forest-Fire-Subset-A/Karkkila-Images/karkkila_DJI_0008_frame102.jpg,karkkila,merged:karkkila_dji_0007,102,train,1
/workspace/Boreal-Forest-Fire/Boreal-Forest-Fire-Subset-A/Karkkila-Images/karkkila_DJI_0008_frame103.jpg,karkkila,merged:karkkila_dji_0007,103,train,1
/workspace/Boreal-Forest-Fire/Boreal-Forest-Fire-Subset-A/Karkkila-Images/karkkila_DJI_0008_frame104.jpg,karkkila,merged:karkkila_dji_0007,104,train,1
/workspace/Boreal-Forest-Fire/Boreal-Forest-Fire-Subset-A/Karkkila-Images/karkkila_DJI_0008_frame105.jpg,karkkila,merged:karkkila_dji_0007,105,train,1
/workspace/Boreal-Forest-Fire/Boreal-Forest-Fire-Subset-A/Karkkila-Images/karkkila_DJI_0008_frame106.jpg,karkkila,merged:karkkila_dji_0007,106,train,1
/workspace/Boreal-Forest-Fire/Boreal-Forest-Fire-Subset-A/Karkkila-Images/karkkila_DJI_0008_frame107.jpg,karkkila,merged:karkkila_dji_0007,107,train,1
/workspace/Boreal-Forest-Fire/Boreal-Forest-Fire-Subset-A/Karkkila-Images/karkkila_DJI_0008_frame108.jpg,karkkila,merged:karkkila_dji_0007,108,train,1
/workspace/Boreal-Forest-Fire/Boreal-Forest-Fire-Subset-A/Karkkila-Images/karkkila_DJI_0008_frame109.jpg,karkkila,merged:karkkila_dji_0007,109,train,1
/workspace/Boreal-Forest-Fire/Boreal-Forest-Fire-Subset-A/Karkkila-Images/karkkila_DJI_0008_frame11.jpg,karkkila,merged:karkkila_dji_0007,11,train,1
/workspace/Boreal-Forest-Fire/Boreal-Forest-Fire-Subset-A/Karkkila-Images/karkkila_DJI_0008_frame110.jpg,karkkila,merged:karkkila_dji_0007,110,train,1
/workspace/Boreal-Forest-Fire/Boreal-Forest-Fire-Subset-A/Karkkila-Images/karkkila_DJI_0008_frame111.jpg,karkkila,merged:karkkila_dji_0007,111,train,1
/workspace/Boreal-Forest-Fire/Boreal-Forest-Fire-Subset-A/Karkkila-Images/karkkila_DJI_0008_frame112.jpg,karkkila,merged:karkkila_dji_0007,112,train,1
/workspace/Boreal-Forest-Fire/Boreal-Forest-Fire-Subset-A/Karkkila-Images/karkkila_DJI_0008_frame113.jpg,karkkila,merged:karkkila_dji_0007,113,train,1
/workspace/Boreal-Forest-Fire/Boreal-Forest-Fire-Subset-A/Karkkila-Images/karkkila_DJI_0008_frame114.jpg,karkkila,merged:karkkila_dji_0007,114,train,1
/workspace/Boreal-Forest-Fire/Boreal-Forest-Fire-Subset-A/Karkkila-Images/karkkila_DJI_0008_frame115.jpg,karkkila,merged:karkkila_dji_0007,115,train,1
/workspace/Boreal-Forest-Fire/Boreal-Forest-Fire-Subset-A/Karkkila-Images/karkkila_DJI_0008_frame116.jpg,karkkila,merged:karkkila_dji_0007,116,train,1
/workspace/Boreal-Forest-Fire/Boreal-Forest-Fire-Subset-A/Karkkila-Images/karkkila_DJI_0008_frame117.jpg,karkkila,merged:karkkila_dji_0007,117,train,1
/workspace/Boreal-Forest-Fire/Boreal-Forest-Fire-Subset-A/Karkkila-Images/karkkila_DJI_0008_frame118.jpg,karkkila,merged:karkkila_dji_0007,118,train,1
/workspace/Boreal-Forest-Fire/Boreal-Forest-Fire-Subset-A/Karkkila-Images/karkkila_DJI_0008_frame119.jpg,karkkila,merged:karkkila_dji_0007,119,train,1
/workspace/Boreal-Forest-Fire/Boreal-Forest-Fire-Subset-A/Karkkila-Images/karkkila_DJI_0008_frame12.jpg,karkkila,merged:karkkila_dji_0007,12,train,1
/workspace/Boreal-Forest-Fire/Boreal-Forest-Fire-Subset-A/Karkkila-Images/karkkila_DJI_0008_frame120.jpg,karkkila,merged:karkkila_dji_0007,120,train,1
/workspace/Boreal-Forest-Fire/Boreal-Forest-Fire-Subset-A/Karkkila-Images/karkkila_DJI_0008_frame121.jpg,karkkila,merged:karkkila_dji_0007,121,train,1
/workspace/Boreal-Forest-Fire/Boreal-Forest-Fire-Subset-A/Karkkila-Images/karkkila_DJI_0008_frame122.jpg,karkkila,merged:karkkila_dji_0007,122,train,1
/workspace/Boreal-Forest-Fire/Boreal-Forest-Fire-Subset-A/Karkkila-Images/karkkila_DJI_0008_frame123.jpg,karkkila,merged:karkkila_dji_0007,123,train,1
/workspace/Boreal-Forest-Fire/Boreal-Forest-Fire-Subset-A/Karkkila-Images/karkkila_DJI_0008_frame124.jpg,karkkila,merged:karkkila_dji_0007,124,train,1
/workspace/Boreal-Forest-Fire/Boreal-Forest-Fire-Subset-A/Karkkila-Images/karkkila_DJI_0008_frame125.jpg,karkkila,merged:karkkila_dji_0007,125,train,1
/workspace/Boreal-Forest-Fire/Boreal-Forest-Fire-Subset-A/Karkkila-Images/karkkila_DJI_0008_frame126.jpg,karkkila,merged:karkkila_dji_0007,126,train,1
/workspace/Boreal-Forest-Fire/Boreal-Forest-Fire-Subset-A/Karkkila-Images/karkkila_DJI_0008_frame127.jpg,karkkila,merged:karkkila_dji_0007,127,train,1
/workspace/Boreal-Forest-Fire/Boreal-Forest-Fire-Subset-A/Karkkila-Images/karkkila_DJI_0008_frame128.jpg,karkkila,merged:karkkila_dji_0007,128,train,1
/workspace/Boreal-Forest-Fire/Boreal-Forest-Fire-Subset-A/Karkkila-Images/karkkila_DJI_0008_frame129.jpg,karkkila,merged:karkkila_dji_0007,129,train,1
/workspace/Boreal-Forest-Fire/Boreal-Forest-Fire-Subset-A/Karkkila-Images/karkkila_DJI_0008_frame13.jpg,karkkila,merged:karkkila_dji_0007,13,train,1
/workspace/Boreal-Forest-Fire/Boreal-Forest-Fire-Subset-A/Karkkila-Images/karkkila_DJI_0008_frame130.jpg,karkkila,merged:karkkila_dji_0007,130,train,1
/workspace/Boreal-Forest-Fire/Boreal-Forest-Fire-Subset-A/Karkkila-Images/karkkila_DJI_0008_frame131.jpg,karkkila,merged:karkkila_dji_0007,131,train,1
/workspace/Boreal-Forest-Fire/Boreal-Forest-Fire-Subset-A/Karkkila-Images/karkkila_DJI_0008_frame132.jpg,karkkila,merged:karkkila_dji_0007,132,train,1
/workspace/Boreal-Forest-Fire/Boreal-Forest-Fire-Subset-A/Karkkila-Images/karkkila_DJI_0008_frame133.jpg,karkkila,merged:karkkila_dji_0007,133,train,1
/workspace/Boreal-Forest-Fire/Boreal-Forest-Fire-Subset-A/Karkkila-Images/karkkila_DJI_0008_frame134.jpg,karkkila,merged:karkkila_dji_0007,134,train,1
/workspace/Boreal-Forest-Fire/Boreal-Forest-Fire-Subset-A/Karkkila-Images/karkkila_DJI_0008_frame135.jpg,karkkila,merged:karkkila_dji_0007,135,train,1
/workspace/Boreal-Forest-Fire/Boreal-Forest-Fire-Subset-A/Karkkila-Images/karkkila_DJI_0008_frame136.jpg,karkkila,merged:karkkila_dji_0007,136,train,1
/workspace/Boreal-Forest-Fire/Boreal-Forest-Fire-Subset-A/Karkkila-Images/karkkila_DJI_0008_frame137.jpg,karkkila,merged:karkkila_dji_0007,137,train,1
/workspace/Boreal-Forest-Fire/Boreal-Forest-Fire-Subset-A/Karkkila-Images/karkkila_DJI_0008_frame138.jpg,karkkila,merged:karkkila_dji_0007,138,train,1
/workspace/Boreal-Forest-Fire/Boreal-Forest-Fire-Subset-A/Karkkila-Images/karkkila_DJI_0008_frame139.jpg,karkkila,merged:karkkila_dji_0007,139,train,1
/workspace/Boreal-Forest-Fire/Boreal-Forest-Fire-Subset-A/Karkkila-Images/karkkila_DJI_0008_frame14.jpg,karkkila,merged:karkkila_dji_0007,14,train,1
/workspace/Boreal-Forest-Fire/Boreal-Forest-Fire-Subset-A/Karkkila-Images/karkkila_DJI_0008_frame140.jpg,karkkila,merged:karkkila_dji_0007,140,train,1
/workspace/Boreal-Forest-Fire/Boreal-Forest-Fire-Subset-A/Karkkila-Images/karkkila_DJI_0008_frame141.jpg,karkkila,merged:karkkila_dji_0007,141,train,1
/workspace/Boreal-Forest-Fire/Boreal-Forest-Fire-Subset-A/Karkkila-Images/karkkila_DJI_0008_frame142.jpg,karkkila,merged:karkkila_dji_0007,142,train,1
/workspace/Boreal-Forest-Fire/Boreal-Forest-Fire-Subset-A/Karkkila-Images/karkkila_DJI_0008_frame143.jpg,karkkila,merged:karkkila_dji_0007,143,train,1
/workspace/Boreal-Forest-Fire/Boreal-Forest-Fire-Subset-A/Karkkila-Images/karkkila_DJI_0008_frame144.jpg,karkkila,merged:karkkila_dji_0007,144,train,1
/workspace/Boreal-Forest-Fire/Boreal-Forest-Fire-Subset-A/Karkkila-Images/karkkila_DJI_0008_frame145.jpg,karkkila,merged:karkkila_dji_0007,145,train,1
/workspace/Boreal-Forest-Fire/Boreal-Forest-Fire-Subset-A/Karkkila-Images/karkkila_DJI_0008_frame146.jpg,karkkila,merged:karkkila_dji_0007,146,train,1
/workspace/Boreal-Forest-Fire/Boreal-Forest-Fire-Subset-A/Karkkila-Images/karkkila_DJI_0008_frame147.jpg,karkkila,merged:karkkila_dji_0007,147,train,1
/workspace/Boreal-Forest-Fire/Boreal-Forest-Fire-Subset-A/Karkkila-Images/karkkila_DJI_0008_frame148.jpg,karkkila,merged:karkkila_dji_0007,148,train,1
/workspace/Boreal-Forest-Fire/Boreal-Forest-Fire-Subset-A/Karkkila-Images/karkkila_DJI_0008_frame149.jpg,karkkila,merged:karkkila_dji_0007,149,train,1
/workspace/Boreal-Forest-Fire/Boreal-Forest-Fire-Subset-A/Karkkila-Images/karkkila_DJI_0008_frame15.jpg,karkkila,merged:karkkila_dji_0007,15,train,1
/workspace/Boreal-Forest-Fire/Boreal-Forest-Fire-Subset-A/Karkkila-Images/karkkila_DJI_0008_frame150.jpg,karkkila,merged:karkkila_dji_0007,150,train,1
/workspace/Boreal-Forest-Fire/Boreal-Forest-Fire-Subset-A/Karkkila-Images/karkkila_DJI_0008_frame151.jpg,karkkila,merged:karkkila_dji_0007,151,train,1
/workspace/Boreal-Forest-Fire/Boreal-Forest-Fire-Subset-A/Karkkila-Images/karkkila_DJI_0008_frame152.jpg,karkkila,merged:karkkila_dji_0007,152,train,1
/workspace/Boreal-Forest-Fire/Boreal-Forest-Fire-Subset-A/Karkkila-Images/karkkila_DJI_0008_frame153.jpg,karkkila,merged:karkkila_dji_0007,153,train,1
/workspace/Boreal-Forest-Fire/Boreal-Forest-Fire-Subset-A/Karkkila-Images/karkkila_DJI_0008_frame154.jpg,karkkila,merged:karkkila_dji_0007,154,train,1
/workspace/Boreal-Forest-Fire/Boreal-Forest-Fire-Subset-A/Karkkila-Images/karkkila_DJI_0008_frame155.jpg,karkkila,merged:karkkila_dji_0007,155,train,1
/workspace/Boreal-Forest-Fire/Boreal-Forest-Fire-Subset-A/Karkkila-Images/karkkila_DJI_0008_frame156.jpg,karkkila,merged:karkkila_dji_0007,156,train,1
/workspace/Boreal-Forest-Fire/Boreal-Forest-Fire-Subset-A/Karkkila-Images/karkkila_DJI_0008_frame157.jpg,karkkila,merged:karkkila_dji_0007,157,train,1
/workspace/Boreal-Forest-Fire/Boreal-Forest-Fire-Subset-A/Karkkila-Images/karkkila_DJI_0008_frame158.jpg,karkkila,merged:karkkila_dji_0007,158,train,1
/workspace/Boreal-Forest-Fire/Boreal-Forest-Fire-Subset-A/Karkkila-Images/karkkila_DJI_0008_frame159.jpg,karkkila,merged:karkkila_dji_0007,159,train,1
/workspace/Boreal-Forest-Fire/Boreal-Forest-Fire-Subset-A/Karkkila-Images/karkkila_DJI_0008_frame16.jpg,karkkila,merged:karkkila_dji_0007,16,train,1
/workspace/Boreal-Forest-Fire/Boreal-Forest-Fire-Subset-A/Karkkila-Images/karkkila_DJI_0008_frame160.jpg,karkkila,merged:karkkila_dji_0007,160,train,1
/workspace/Boreal-Forest-Fire/Boreal-Forest-Fire-Subset-A/Karkkila-Images/karkkila_DJI_0008_frame161.jpg,karkkila,merged:karkkila_dji_0007,161,train,1
/workspace/Boreal-Forest-Fire/Boreal-Forest-Fire-Subset-A/Karkkila-Images/karkkila_DJI_0008_frame162.jpg,karkkila,merged:karkkila_dji_0007,162,train,1
/workspace/Boreal-Forest-Fire/Boreal-Forest-Fire-Subset-A/Karkkila-Images/karkkila_DJI_0008_frame163.jpg,karkkila,merged:karkkila_dji_0007,163,train,1
/workspace/Boreal-Forest-Fire/Boreal-Forest-Fire-Subset-A/Karkkila-Images/karkkila_DJI_0008_frame164.jpg,karkkila,merged:karkkila_dji_0007,164,train,1
/workspace/Boreal-Forest-Fire/Boreal-Forest-Fire-Subset-A/Karkkila-Images/karkkila_DJI_0008_frame165.jpg,karkkila,merged:karkkila_dji_0007,165,train,1
/workspace/Boreal-Forest-Fire/Boreal-Forest-Fire-Subset-A/Karkkila-Images/karkkila_DJI_0008_frame166.jpg,karkkila,merged:karkkila_dji_0007,166,train,1
/workspace/Boreal-Forest-Fire/Boreal-Forest-Fire-Subset-A/Karkkila-Images/karkkila_DJI_0008_frame167.jpg,karkkila,merged:karkkila_dji_0007,167,train,1
/workspace/Boreal-Forest-Fire/Boreal-Forest-Fire-Subset-A/Karkkila-Images/karkkila_DJI_0008_frame168.jpg,karkkila,merged:karkkila_dji_0007,168,train,1
/workspace/Boreal-Forest-Fire/Boreal-Forest-Fire-Subset-A/Karkkila-Images/karkkila_DJI_0008_frame169.jpg,karkkila,merged:karkkila_dji_0007,169,train,1
/workspace/Boreal-Forest-Fire/Boreal-Forest-Fire-Subset-A/Karkkila-Images/karkkila_DJI_0008_frame17.jpg,karkkila,merged:karkkila_dji_0007,17,train,1
/workspace/Boreal-Forest-Fire/Boreal-Forest-Fire-Subset-A/Karkkila-Images/karkkila_DJI_0008_frame170.jpg,karkkila,merged:karkkila_dji_0007,170,train,1
/workspace/Boreal-Forest-Fire/Boreal-Forest-Fire-Subset-A/Karkkila-Images/karkkila_DJI_0008_frame18.jpg,karkkila,merged:karkkila_dji_0007,18,train,1
/workspace/Boreal-Forest-Fire/Boreal-Forest-Fire-Subset-A/Karkkila-Images/karkkila_DJI_0008_frame19.jpg,karkkila,merged:karkkila_dji_0007,19,train,1
/workspace/Boreal-Forest-Fire/Boreal-Forest-Fire-Subset-A/Karkkila-Images/karkkila_DJI_0008_frame2.jpg,karkkila,merged:karkkila_dji_0007,2,train,1
/workspace/Boreal-Forest-Fire/Boreal-Forest-Fire-Subset-A/Karkkila-Images/karkkila_DJI_0008_frame20.jpg,karkkila,merged:karkkila_dji_0007,20,train,1
/workspace/Boreal-Forest-Fire/Boreal-Forest-Fire-Subset-A/Karkkila-Images/karkkila_DJI_0008_frame21.jpg,karkkila,merged:karkkila_dji_0007,21,train,1
/workspace/Boreal-Forest-Fire/Boreal-Forest-Fire-Subset-A/Karkkila-Images/karkkila_DJI_0008_frame22.jpg,karkkila,merged:karkkila_dji_0007,22,train,1
/workspace/Boreal-Forest-Fire/Boreal-Forest-Fire-Subset-A/Karkkila-Images/karkkila_DJI_0008_frame23.jpg,karkkila,merged:karkkila_dji_0007,23,train,1
/workspace/Boreal-Forest-Fire/Boreal-Forest-Fire-Subset-A/Karkkila-Images/karkkila_DJI_0008_frame24.jpg,karkkila,merged:karkkila_dji_0007,24,train,1
/workspace/Boreal-Forest-Fire/Boreal-Forest-Fire-Subset-A/Karkkila-Images/karkkila_DJI_0008_frame25.jpg,karkkila,merged:karkkila_dji_0007,25,train,1
/workspace/Boreal-Forest-Fire/Boreal-Forest-Fire-Subset-A/Karkkila-Images/karkkila_DJI_0008_frame26.jpg,karkkila,merged:karkkila_dji_0007,26,train,1
/workspace/Boreal-Forest-Fire/Boreal-Forest-Fire-Subset-A/Karkkila-Images/karkkila_DJI_0008_frame27.jpg,karkkila,merged:karkkila_dji_0007,27,train,1
/workspace/Boreal-Forest-Fire/Boreal-Forest-Fire-Subset-A/Karkkila-Images/karkkila_DJI_0008_frame28.jpg,karkkila,merged:karkkila_dji_0007,28,train,1
/workspace/Boreal-Forest-Fire/Boreal-Forest-Fire-Subset-A/Karkkila-Images/karkkila_DJI_0008_frame29.jpg,karkkila,merged:karkkila_dji_0007,29,train,1
/workspace/Boreal-Forest-Fire/Boreal-Forest-Fire-Subset-A/Karkkila-Images/karkkila_DJI_0008_frame3.jpg,karkkila,merged:karkkila_dji_0007,3,train,1
/workspace/Boreal-Forest-Fire/Boreal-Forest-Fire-Subset-A/Karkkila-Images/karkkila_DJI_0008_frame30.jpg,karkkila,merged:karkkila_dji_0007,30,train,1
/workspace/Boreal-Forest-Fire/Boreal-Forest-Fire-Subset-A/Karkkila-Images/karkkila_DJI_0008_frame31.jpg,karkkila,merged:karkkila_dji_0007,31,train,1
/workspace/Boreal-Forest-Fire/Boreal-Forest-Fire-Subset-A/Karkkila-Images/karkkila_DJI_0008_frame32.jpg,karkkila,merged:karkkila_dji_0007,32,train,1
/workspace/Boreal-Forest-Fire/Boreal-Forest-Fire-Subset-A/Karkkila-Images/karkkila_DJI_0008_frame33.jpg,karkkila,merged:karkkila_dji_0007,33,train,1
/workspace/Boreal-Forest-Fire/Boreal-Forest-Fire-Subset-A/Karkkila-Images/karkkila_DJI_0008_frame34.jpg,karkkila,merged:karkkila_dji_0007,34,train,1
/workspace/Boreal-Forest-Fire/Boreal-Forest-Fire-Subset-A/Karkkila-Images/karkkila_DJI_0008_frame35.jpg,karkkila,merged:karkkila_dji_0007,35,train,1
/workspace/Boreal-Forest-Fire/Boreal-Forest-Fire-Subset-A/Karkkila-Images/karkkila_DJI_0008_frame36.jpg,karkkila,merged:karkkila_dji_0007,36,train,1
/workspace/Boreal-Forest-Fire/Boreal-Forest-Fire-Subset-A/Karkkila-Images/karkkila_DJI_0008_frame37.jpg,karkkila,merged:karkkila_dji_0007,37,train,1
/workspace/Boreal-Forest-Fire/Boreal-Forest-Fire-Subset-A/Karkkila-Images/karkkila_DJI_0008_frame38.jpg,karkkila,merged:karkkila_dji_0007,38,train,1
/workspace/Boreal-Forest-Fire/Boreal-Forest-Fire-Subset-A/Karkkila-Images/karkkila_DJI_0008_frame39.jpg,karkkila,merged:karkkila_dji_0007,39,train,1
/workspace/Boreal-Forest-Fire/Boreal-Forest-Fire-Subset-A/Karkkila-Images/karkkila_DJI_0008_frame4.jpg,karkkila,merged:karkkila_dji_0007,4,train,1
/workspace/Boreal-Forest-Fire/Boreal-Forest-Fire-Subset-A/Karkkila-Images/karkkila_DJI_0008_frame40.jpg,karkkila,merged:karkkila_dji_0007,40,train,1
/workspace/Boreal-Forest-Fire/Boreal-Forest-Fire-Subset-A/Karkkila-Images/karkkila_DJI_0008_frame41.jpg,karkkila,merged:karkkila_dji_0007,41,train,1
/workspace/Boreal-Forest-Fire/Boreal-Forest-Fire-Subset-A/Karkkila-Images/karkkila_DJI_0008_frame42.jpg,karkkila,merged:karkkila_dji_0007,42,train,1
/workspace/Boreal-Forest-Fire/Boreal-Forest-Fire-Subset-A/Karkkila-Images/karkkila_DJI_0008_frame43.jpg,karkkila,merged:karkkila_dji_0007,43,train,1
/workspace/Boreal-Forest-Fire/Boreal-Forest-Fire-Subset-A/Karkkila-Images/karkkila_DJI_0008_frame44.jpg,karkkila,merged:karkkila_dji_0007,44,train,1
/workspace/Boreal-Forest-Fire/Boreal-Forest-Fire-Subset-A/Karkkila-Images/karkkila_DJI_0008_frame45.jpg,karkkila,merged:karkkila_dji_0007,45,train,1
/workspace/Boreal-Forest-Fire/Boreal-Forest-Fire-Subset-A/Karkkila-Images/karkkila_DJI_0008_frame46.jpg,karkkila,merged:karkkila_dji_0007,46,train,1
/workspace/Boreal-Forest-Fire/Boreal-Forest-Fire-Subset-A/Karkkila-Images/karkkila_DJI_0008_frame47.jpg,karkkila,merged:karkkila_dji_0007,47,train,1
/workspace/Boreal-Forest-Fire/Boreal-Forest-Fire-Subset-A/Karkkila-Images/karkkila_DJI_0008_frame48.jpg,karkkila,merged:karkkila_dji_0007,48,train,1
/workspace/Boreal-Forest-Fire/Boreal-Forest-Fire-Subset-A/Karkkila-Images/karkkila_DJI_0008_frame49.jpg,karkkila,merged:karkkila_dji_0007,49,train,1
/workspace/Boreal-Forest-Fire/Boreal-Forest-Fire-Subset-A/Karkkila-Images/karkkila_DJI_0008_frame5.jpg,karkkila,merged:karkkila_dji_0007,5,train,1
/workspace/Boreal-Forest-Fire/Boreal-Forest-Fire-Subset-A/Karkkila-Images/karkkila_DJI_0008_frame50.jpg,karkkila,merged:karkkila_dji_0007,50,train,1
/workspace/Boreal-Forest-Fire/Boreal-Forest-Fire-Subset-A/Karkkila-Images/karkkila_DJI_0008_frame51.jpg,karkkila,merged:karkkila_dji_0007,51,train,1
/workspace/Boreal-Forest-Fire/Boreal-Forest-Fire-Subset-A/Karkkila-Images/karkkila_DJI_0008_frame52.jpg,karkkila,merged:karkkila_dji_0007,52,train,1
/workspace/Boreal-Forest-Fire/Boreal-Forest-Fire-Subset-A/Karkkila-Images/karkkila_DJI_0008_frame53.jpg,karkkila,merged:karkkila_dji_0007,53,train,1
/workspace/Boreal-Forest-Fire/Boreal-Forest-Fire-Subset-A/Karkkila-Images/karkkila_DJI_0008_frame54.jpg,karkkila,merged:karkkila_dji_0007,54,train,1
/workspace/Boreal-Forest-Fire/Boreal-Forest-Fire-Subset-A/Karkkila-Images/karkkila_DJI_0008_frame55.jpg,karkkila,merged:karkkila_dji_0007,55,train,1
/workspace/Boreal-Forest-Fire/Boreal-Forest-Fire-Subset-A/Karkkila-Images/karkkila_DJI_0008_frame56.jpg,karkkila,merged:karkkila_dji_0007,56,train,1
/workspace/Boreal-Forest-Fire/Boreal-Forest-Fire-Subset-A/Karkkila-Images/karkkila_DJI_0008_frame57.jpg,karkkila,merged:karkkila_dji_0007,57,train,1
/workspace/Boreal-Forest-Fire/Boreal-Forest-Fire-Subset-A/Karkkila-Images/karkkila_DJI_0008_frame58.jpg,karkkila,merged:karkkila_dji_0007,58,train,1
/workspace/Boreal-Forest-Fire/Boreal-Forest-Fire-Subset-A/Karkkila-Images/karkkila_DJI_0008_frame59.jpg,karkkila,merged:karkkila_dji_0007,59,train,1
/workspace/Boreal-Forest-Fire/Boreal-Forest-Fire-Subset-A/Karkkila-Images/karkkila_DJI_0008_frame6.jpg,karkkila,merged:karkkila_dji_0007,6,train,1
/workspace/Boreal-Forest-Fire/Boreal-Forest-Fire-Subset-A/Karkkila-Images/karkkila_DJI_0008_frame60.jpg,karkkila,merged:karkkila_dji_0007,60,train,1
/workspace/Boreal-Forest-Fire/Boreal-Forest-Fire-Subset-A/Karkkila-Images/karkkila_DJI_0008_frame61.jpg,karkkila,merged:karkkila_dji_0007,61,train,1
/workspace/Boreal-Forest-Fire/Boreal-Forest-Fire-Subset-A/Karkkila-Images/karkkila_DJI_0008_frame62.jpg,karkkila,merged:karkkila_dji_0007,62,train,1
/workspace/Boreal-Forest-Fire/Boreal-Forest-Fire-Subset-A/Karkkila-Images/karkkila_DJI_0008_frame63.jpg,karkkila,merged:karkkila_dji_0007,63,train,1
/workspace/Boreal-Forest-Fire/Boreal-Forest-Fire-Subset-A/Karkkila-Images/karkkila_DJI_0008_frame64.jpg,karkkila,merged:karkkila_dji_0007,64,train,1
/workspace/Boreal-Forest-Fire/Boreal-Forest-Fire-Subset-A/Karkkila-Images/karkkila_DJI_0008_frame65.jpg,karkkila,merged:karkkila_dji_0007,65,train,1
/workspace/Boreal-Forest-Fire/Boreal-Forest-Fire-Subset-A/Karkkila-Images/karkkila_DJI_0008_frame66.jpg,karkkila,merged:karkkila_dji_0007,66,train,1
/workspace/Boreal-Forest-Fire/Boreal-Forest-Fire-Subset-A/Karkkila-Images/karkkila_DJI_0008_frame67.jpg,karkkila,merged:karkkila_dji_0007,67,train,1
/workspace/Boreal-Forest-Fire/Boreal-Forest-Fire-Subset-A/Karkkila-Images/karkkila_DJI_0008_frame68.jpg,karkkila,merged:karkkila_dji_0007,68,train,1
/workspace/Boreal-Forest-Fire/Boreal-Forest-Fire-Subset-A/Karkkila-Images/karkkila_DJI_0008_frame69.jpg,karkkila,merged:karkkila_dji_0007,69,train,1
/workspace/Boreal-Forest-Fire/Boreal-Forest-Fire-Subset-A/Karkkila-Images/karkkila_DJI_0008_frame7.jpg,karkkila,merged:karkkila_dji_0007,7,train,1
/workspace/Boreal-Forest-Fire/Boreal-Forest-Fire-Subset-A/Karkkila-Images/karkkila_DJI_0008_frame70.jpg,karkkila,merged:karkkila_dji_0007,70,train,1
/workspace/Boreal-Forest-Fire/Boreal-Forest-Fire-Subset-A/Karkkila-Images/karkkila_DJI_0008_frame71.jpg,karkkila,merged:karkkila_dji_0007,71,train,1
/workspace/Boreal-Forest-Fire/Boreal-Forest-Fire-Subset-A/Karkkila-Images/karkkila_DJI_0008_frame72.jpg,karkkila,merged:karkkila_dji_0007,72,train,1
/workspace/Boreal-Forest-Fire/Boreal-Forest-Fire-Subset-A/Karkkila-Images/karkkila_DJI_0008_frame73.jpg,karkkila,merged:karkkila_dji_0007,73,train,1
/workspace/Boreal-Forest-Fire/Boreal-Forest-Fire-Subset-A/Karkkila-Images/karkkila_DJI_0008_frame74.jpg,karkkila,merged:karkkila_dji_0007,74,train,1
/workspace/Boreal-Forest-Fire/Boreal-Forest-Fire-Subset-A/Karkkila-Images/karkkila_DJI_0008_frame75.jpg,karkkila,merged:karkkila_dji_0007,75,train,1
/workspace/Boreal-Forest-Fire/Boreal-Forest-Fire-Subset-A/Karkkila-Images/karkkila_DJI_0008_frame76.jpg,karkkila,merged:karkkila_dji_0007,76,train,1
/workspace/Boreal-Forest-Fire/Boreal-Forest-Fire-Subset-A/Karkkila-Images/karkkila_DJI_0008_frame77.jpg,karkkila,merged:karkkila_dji_0007,77,train,1
/workspace/Boreal-Forest-Fire/Boreal-Forest-Fire-Subset-A/Karkkila-Images/karkkila_DJI_0008_frame78.jpg,karkkila,merged:karkkila_dji_0007,78,train,1
/workspace/Boreal-Forest-Fire/Boreal-Forest-Fire-Subset-A/Karkkila-Images/karkkila_DJI_0008_frame79.jpg,karkkila,merged:karkkila_dji_0007,79,train,1
/workspace/Boreal-Forest-Fire/Boreal-Forest-Fire-Subset-A/Karkkila-Images/karkkila_DJI_0008_frame8.jpg,karkkila,merged:karkkila_dji_0007,8,train,1
/workspace/Boreal-Forest-Fire/Boreal-Forest-Fire-Subset-A/Karkkila-Images/karkkila_DJI_0008_frame80.jpg,karkkila,merged:karkkila_dji_0007,80,train,1
/workspace/Boreal-Forest-Fire/Boreal-Forest-Fire-Subset-A/Karkkila-Images/karkkila_DJI_0008_frame81.jpg,karkkila,merged:karkkila_dji_0007,81,train,1
/workspace/Boreal-Forest-Fire/Boreal-Forest-Fire-Subset-A/Karkkila-Images/karkkila_DJI_0008_frame82.jpg,karkkila,merged:karkkila_dji_0007,82,train,1
/workspace/Boreal-Forest-Fire/Boreal-Forest-Fire-Subset-A/Karkkila-Images/karkkila_DJI_0008_frame83.jpg,karkkila,merged:karkkila_dji_0007,83,train,1
/workspace/Boreal-Forest-Fire/Boreal-Forest-Fire-Subset-A/Karkkila-Images/karkkila_DJI_0008_frame84.jpg,karkkila,merged:karkkila_dji_0007,84,train,1
/workspace/Boreal-Forest-Fire/Boreal-Forest-Fire-Subset-A/Karkkila-Images/karkkila_DJI_0008_frame85.jpg,karkkila,merged:karkkila_dji_0007,85,train,1
/workspace/Boreal-Forest-Fire/Boreal-Forest-Fire-Subset-A/Karkkila-Images/karkkila_DJI_0008_frame86.jpg,karkkila,merged:karkkila_dji_0007,86,train,1
/workspace/Boreal-Forest-Fire/Boreal-Forest-Fire-Subset-A/Karkkila-Images/karkkila_DJI_0008_frame87.jpg,karkkila,merged:karkkila_dji_0007,87,train,1
/workspace/Boreal-Forest-Fire/Boreal-Forest-Fire-Subset-A/Karkkila-Images/karkkila_DJI_0008_frame88.jpg,karkkila,merged:karkkila_dji_0007,88,train,1
/workspace/Boreal-Forest-Fire/Boreal-Forest-Fire-Subset-A/Karkkila-Images/karkkila_DJI_0008_frame89.jpg,karkkila,merged:karkkila_dji_0007,89,train,1
/workspace/Boreal-Forest-Fire/Boreal-Forest-Fire-Subset-A/Karkkila-Images/karkkila_DJI_0008_frame9.jpg,karkkila,merged:karkkila_dji_0007,9,train,1
/workspace/Boreal-Forest-Fire/Boreal-Forest-Fire-Subset-A/Karkkila-Images/karkkila_DJI_0008_frame90.jpg,karkkila,merged:karkkila_dji_0007,90,train,1
/workspace/Boreal-Forest-Fire/Boreal-Forest-Fire-Subset-A/Karkkila-Images/karkkila_DJI_0008_frame91.jpg,karkkila,merged:karkkila_dji_0007,91,train,1
/workspace/Boreal-Forest-Fire/Boreal-Forest-Fire-Subset-A/Karkkila-Images/karkkila_DJI_0008_frame92.jpg,karkkila,merged:karkkila_dji_0007,92,train,1
/workspace/Boreal-Forest-Fire/Boreal-Forest-Fire-Subset-A/Karkkila-Images/karkkila_DJI_0008_frame93.jpg,karkkila,merged:karkkila_dji_0007,93,train,1
/workspace/Boreal-Forest-Fire/Boreal-Forest-Fire-Subset-A/Karkkila-Images/karkkila_DJI_0008_frame94.jpg,karkkila,merged:karkkila_dji_0007,94,train,1
/workspace/Boreal-Forest-Fire/Boreal-Forest-Fire-Subset-A/Karkkila-Images/karkkila_DJI_0008_frame95.jpg,karkkila,merged:karkkila_dji_0007,95,train,1
/workspace/Boreal-Forest-Fire/Boreal-Forest-Fire-Subset-A/Karkkila-Images/karkkila_DJI_0008_frame96.jpg,karkkila,merged:karkkila_dji_0007,96,train,1
/workspace/Boreal-Forest-Fire/Boreal-Forest-Fire-Subset-A/Karkkila-Images/karkkila_DJI_0008_frame97.jpg,karkkila,merged:karkkila_dji_0007,97,train,1
/workspace/Boreal-Forest-Fire/Boreal-Forest-Fire-Subset-A/Karkkila-Images/karkkila_DJI_0008_frame98.jpg,karkkila,merged:karkkila_dji_0007,98,train,1
/workspace/Boreal-Forest-Fire/Boreal-Forest-Fire-Subset-A/Karkkila-Images/karkkila_DJI_0008_frame99.jpg,karkkila,merged:karkkila_dji_0007,99,train,1
/workspace/Boreal-Forest-Fire/Boreal-Forest-Fire-Subset-A/Karkkila-Images/karkkila_DJI_0010_frame0.jpg,karkkila,karkkila_dji_0010,0,train,1
/workspace/Boreal-Forest-Fire/Boreal-Forest-Fire-Subset-A/Karkkila-Images/karkkila_DJI_0010_frame1.jpg,karkkila,karkkila_dji_0010,1,train,1
/workspace/Boreal-Forest-Fire/Boreal-Forest-Fire-Subset-A/Karkkila-Images/karkkila_DJI_0010_frame10.jpg,karkkila,karkkila_dji_0010,10,train,1
/workspace/Boreal-Forest-Fire/Boreal-Forest-Fire-Subset-A/Karkkila-Images/karkkila_DJI_0010_frame11.jpg,karkkila,karkkila_dji_0010,11,train,1
/workspace/Boreal-Forest-Fire/Boreal-Forest-Fire-Subset-A/Karkkila-Images/karkkila_DJI_0010_frame12.jpg,karkkila,karkkila_dji_0010,12,train,1
/workspace/Boreal-Forest-Fire/Boreal-Forest-Fire-Subset-A/Karkkila-Images/karkkila_DJI_0010_frame13.jpg,karkkila,karkkila_dji_0010,13,train,1
/workspace/Boreal-Forest-Fire/Boreal-Forest-Fire-Subset-A/Karkkila-Images/karkkila_DJI_0010_frame14.jpg,karkkila,karkkila_dji_0010,14,train,1
/workspace/Boreal-Forest-Fire/Boreal-Forest-Fire-Subset-A/Karkkila-Images/karkkila_DJI_0010_frame15.jpg,karkkila,karkkila_dji_0010,15,train,1
/workspace/Boreal-Forest-Fire/Boreal-Forest-Fire-Subset-A/Karkkila-Images/karkkila_DJI_0010_frame16.jpg,karkkila,karkkila_dji_0010,16,train,1
/workspace/Boreal-Forest-Fire/Boreal-Forest-Fire-Subset-A/Karkkila-Images/karkkila_DJI_0010_frame17.jpg,karkkila,karkkila_dji_0010,17,train,1
/workspace/Boreal-Forest-Fire/Boreal-Forest-Fire-Subset-A/Karkkila-Images/karkkila_DJI_0010_frame18.jpg,karkkila,karkkila_dji_0010,18,train,1
/workspace/Boreal-Forest-Fire/Boreal-Forest-Fire-Subset-A/Karkkila-Images/karkkila_DJI_0010_frame19.jpg,karkkila,karkkila_dji_0010,19,train,1
/workspace/Boreal-Forest-Fire/Boreal-Forest-Fire-Subset-A/Karkkila-Images/karkkila_DJI_0010_frame2.jpg,karkkila,karkkila_dji_0010,2,train,1
/workspace/Boreal-Forest-Fire/Boreal-Forest-Fire-Subset-A/Karkkila-Images/karkkila_DJI_0010_frame20.jpg,karkkila,karkkila_dji_0010,20,train,1
/workspace/Boreal-Forest-Fire/Boreal-Forest-Fire-Subset-A/Karkkila-Images/karkkila_DJI_0010_frame21.jpg,karkkila,karkkila_dji_0010,21,train,1
/workspace/Boreal-Forest-Fire/Boreal-Forest-Fire-Subset-A/Karkkila-Images/karkkila_DJI_0010_frame22.jpg,karkkila,karkkila_dji_0010,22,train,1
/workspace/Boreal-Forest-Fire/Boreal-Forest-Fire-Subset-A/Karkkila-Images/karkkila_DJI_0010_frame23.jpg,karkkila,karkkila_dji_0010,23,train,1
/workspace/Boreal-Forest-Fire/Boreal-Forest-Fire-Subset-A/Karkkila-Images/karkkila_DJI_0010_frame24.jpg,karkkila,karkkila_dji_0010,24,train,1
/workspace/Boreal-Forest-Fire/Boreal-Forest-Fire-Subset-A/Karkkila-Images/karkkila_DJI_0010_frame25.jpg,karkkila,karkkila_dji_0010,25,train,1
/workspace/Boreal-Forest-Fire/Boreal-Forest-Fire-Subset-A/Karkkila-Images/karkkila_DJI_0010_frame26.jpg,karkkila,karkkila_dji_0010,26,train,1
/workspace/Boreal-Forest-Fire/Boreal-Forest-Fire-Subset-A/Karkkila-Images/karkkila_DJI_0010_frame27.jpg,karkkila,karkkila_dji_0010,27,train,1
/workspace/Boreal-Forest-Fire/Boreal-Forest-Fire-Subset-A/Karkkila-Images/karkkila_DJI_0010_frame28.jpg,karkkila,karkkila_dji_0010,28,train,1
/workspace/Boreal-Forest-Fire/Boreal-Forest-Fire-Subset-A/Karkkila-Images/karkkila_DJI_0010_frame29.jpg,karkkila,karkkila_dji_0010,29,train,1
/workspace/Boreal-Forest-Fire/Boreal-Forest-Fire-Subset-A/Karkkila-Images/karkkila_DJI_0010_frame3.jpg,karkkila,karkkila_dji_0010,3,train,1
/workspace/Boreal-Forest-Fire/Boreal-Forest-Fire-Subset-A/Karkkila-Images/karkkila_DJI_0010_frame30.jpg,karkkila,karkkila_dji_0010,30,train,1
/workspace/Boreal-Forest-Fire/Boreal-Forest-Fire-Subset-A/Karkkila-Images/karkkila_DJI_0010_frame31.jpg,karkkila,karkkila_dji_0010,31,train,1
/workspace/Boreal-Forest-Fire/Boreal-Forest-Fire-Subset-A/Karkkila-Images/karkkila_DJI_0010_frame32.jpg,karkkila,karkkila_dji_0010,32,train,1
/workspace/Boreal-Forest-Fire/Boreal-Forest-Fire-Subset-A/Karkkila-Images/karkkila_DJI_0010_frame33.jpg,karkkila,karkkila_dji_0010,33,train,1
/workspace/Boreal-Forest-Fire/Boreal-Forest-Fire-Subset-A/Karkkila-Images/karkkila_DJI_0010_frame34.jpg,karkkila,karkkila_dji_0010,34,train,1
/workspace/Boreal-Forest-Fire/Boreal-Forest-Fire-Subset-A/Karkkila-Images/karkkila_DJI_0010_frame35.jpg,karkkila,karkkila_dji_0010,35,train,1
/workspace/Boreal-Forest-Fire/Boreal-Forest-Fire-Subset-A/Karkkila-Images/karkkila_DJI_0010_frame36.jpg,karkkila,karkkila_dji_0010,36,train,1
/workspace/Boreal-Forest-Fire/Boreal-Forest-Fire-Subset-A/Karkkila-Images/karkkila_DJI_0010_frame37.jpg,karkkila,karkkila_dji_0010,37,train,1
/workspace/Boreal-Forest-Fire/Boreal-Forest-Fire-Subset-A/Karkkila-Images/karkkila_DJI_0010_frame38.jpg,karkkila,karkkila_dji_0010,38,train,1
/workspace/Boreal-Forest-Fire/Boreal-Forest-Fire-Subset-A/Karkkila-Images/karkkila_DJI_0010_frame39.jpg,karkkila,karkkila_dji_0010,39,train,1
/workspace/Boreal-Forest-Fire/Boreal-Forest-Fire-Subset-A/Karkkila-Images/karkkila_DJI_0010_frame4.jpg,karkkila,karkkila_dji_0010,4,train,1
/workspace/Boreal-Forest-Fire/Boreal-Forest-Fire-Subset-A/Karkkila-Images/karkkila_DJI_0010_frame40.jpg,karkkila,karkkila_dji_0010,40,train,1
/workspace/Boreal-Forest-Fire/Boreal-Forest-Fire-Subset-A/Karkkila-Images/karkkila_DJI_0010_frame41.jpg,karkkila,karkkila_dji_0010,41,train,1
/workspace/Boreal-Forest-Fire/Boreal-Forest-Fire-Subset-A/Karkkila-Images/karkkila_DJI_0010_frame42.jpg,karkkila,karkkila_dji_0010,42,train,1
/workspace/Boreal-Forest-Fire/Boreal-Forest-Fire-Subset-A/Karkkila-Images/karkkila_DJI_0010_frame43.jpg,karkkila,karkkila_dji_0010,43,train,1
/workspace/Boreal-Forest-Fire/Boreal-Forest-Fire-Subset-A/Karkkila-Images/karkkila_DJI_0010_frame44.jpg,karkkila,karkkila_dji_0010,44,train,1
/workspace/Boreal-Forest-Fire/Boreal-Forest-Fire-Subset-A/Karkkila-Images/karkkila_DJI_0010_frame45.jpg,karkkila,karkkila_dji_0010,45,train,1
/workspace/Boreal-Forest-Fire/Boreal-Forest-Fire-Subset-A/Karkkila-Images/karkkila_DJI_0010_frame46.jpg,karkkila,karkkila_dji_0010,46,train,1
/workspace/Boreal-Forest-Fire/Boreal-Forest-Fire-Subset-A/Karkkila-Images/karkkila_DJI_0010_frame47.jpg,karkkila,karkkila_dji_0010,47,train,1
/workspace/Boreal-Forest-Fire/Boreal-Forest-Fire-Subset-A/Karkkila-Images/karkkila_DJI_0010_frame48.jpg,karkkila,karkkila_dji_0010,48,train,1
/workspace/Boreal-Forest-Fire/Boreal-Forest-Fire-Subset-A/Karkkila-Images/karkkila_DJI_0010_frame49.jpg,karkkila,karkkila_dji_0010,49,train,1
/workspace/Boreal-Forest-Fire/Boreal-Forest-Fire-Subset-A/Karkkila-Images/karkkila_DJI_0010_frame5.jpg,karkkila,karkkila_dji_0010,5,train,1
/workspace/Boreal-Forest-Fire/Boreal-Forest-Fire-Subset-A/Karkkila-Images/karkkila_DJI_0010_frame50.jpg,karkkila,karkkila_dji_0010,50,train,1
/workspace/Boreal-Forest-Fire/Boreal-Forest-Fire-Subset-A/Karkkila-Images/karkkila_DJI_0010_frame51.jpg,karkkila,karkkila_dji_0010,51,train,1
/workspace/Boreal-Forest-Fire/Boreal-Forest-Fire-Subset-A/Karkkila-Images/karkkila_DJI_0010_frame52.jpg,karkkila,karkkila_dji_0010,52,train,1
/workspace/Boreal-Forest-Fire/Boreal-Forest-Fire-Subset-A/Karkkila-Images/karkkila_DJI_0010_frame53.jpg,karkkila,karkkila_dji_0010,53,train,1
/workspace/Boreal-Forest-Fire/Boreal-Forest-Fire-Subset-A/Karkkila-Images/karkkila_DJI_0010_frame54.jpg,karkkila,karkkila_dji_0010,54,train,1
/workspace/Boreal-Forest-Fire/Boreal-Forest-Fire-Subset-A/Karkkila-Images/karkkila_DJI_0010_frame55.jpg,karkkila,karkkila_dji_0010,55,train,1
/workspace/Boreal-Forest-Fire/Boreal-Forest-Fire-Subset-A/Karkkila-Images/karkkila_DJI_0010_frame56.jpg,karkkila,karkkila_dji_0010,56,train,1
/workspace/Boreal-Forest-Fire/Boreal-Forest-Fire-Subset-A/Karkkila-Images/karkkila_DJI_0010_frame57.jpg,karkkila,karkkila_dji_0010,57,train,1
/workspace/Boreal-Forest-Fire/Boreal-Forest-Fire-Subset-A/Karkkila-Images/karkkila_DJI_0010_frame6.jpg,karkkila,karkkila_dji_0010,6,train,1
/workspace/Boreal-Forest-Fire/Boreal-Forest-Fire-Subset-A/Karkkila-Images/karkkila_DJI_0010_frame7.jpg,karkkila,karkkila_dji_0010,7,train,1
/workspace/Boreal-Forest-Fire/Boreal-Forest-Fire-Subset-A/Karkkila-Images/karkkila_DJI_0010_frame8.jpg,karkkila,karkkila_dji_0010,8,train,1
/workspace/Boreal-Forest-Fire/Boreal-Forest-Fire-Subset-A/Karkkila-Images/karkkila_DJI_0010_frame9.jpg,karkkila,karkkila_dji_0010,9,train,1
/workspace/Boreal-Forest-Fire/Boreal-Forest-Fire-Subset-A/Karkkila-Images/karkkila_DJI_0020_frame100.jpg,karkkila,karkkila_dji_0020,100,test,1
/workspace/Boreal-Forest-Fire/Boreal-Forest-Fire-Subset-A/Karkkila-Images/karkkila_DJI_0020_frame101.jpg,karkkila,karkkila_dji_0020,101,test,1
/workspace/Boreal-Forest-Fire/Boreal-Forest-Fire-Subset-A/Karkkila-Images/karkkila_DJI_0020_frame102.jpg,karkkila,karkkila_dji_0020,102,test,1
/workspace/Boreal-Forest-Fire/Boreal-Forest-Fire-Subset-A/Karkkila-Images/karkkila_DJI_0020_frame103.jpg,karkkila,karkkila_dji_0020,103,test,1
/workspace/Boreal-Forest-Fire/Boreal-Forest-Fire-Subset-A/Karkkila-Images/karkkila_DJI_0020_frame104.jpg,karkkila,karkkila_dji_0020,104,test,1
/workspace/Boreal-Forest-Fire/Boreal-Forest-Fire-Subset-A/Karkkila-Images/karkkila_DJI_0020_frame105.jpg,karkkila,karkkila_dji_0020,105,test,1
/workspace/Boreal-Forest-Fire/Boreal-Forest-Fire-Subset-A/Karkkila-Images/karkkila_DJI_0020_frame106.jpg,karkkila,karkkila_dji_0020,106,test,1
/workspace/Boreal-Forest-Fire/Boreal-Forest-Fire-Subset-A/Karkkila-Images/karkkila_DJI_0020_frame107.jpg,karkkila,karkkila_dji_0020,107,test,1
/workspace/Boreal-Forest-Fire/Boreal-Forest-Fire-Subset-A/Karkkila-Images/karkkila_DJI_0020_frame108.jpg,karkkila,karkkila_dji_0020,108,test,1
/workspace/Boreal-Forest-Fire/Boreal-Forest-Fire-Subset-A/Karkkila-Images/karkkila_DJI_0020_frame109.jpg,karkkila,karkkila_dji_0020,109,test,1
/workspace/Boreal-Forest-Fire/Boreal-Forest-Fire-Subset-A/Karkkila-Images/karkkila_DJI_0020_frame110.jpg,karkkila,karkkila_dji_0020,110,test,1
/workspace/Boreal-Forest-Fire/Boreal-Forest-Fire-Subset-A/Karkkila-Images/karkkila_DJI_0020_frame111.jpg,karkkila,karkkila_dji_0020,111,test,1
/workspace/Boreal-Forest-Fire/Boreal-Forest-Fire-Subset-A/Karkkila-Images/karkkila_DJI_0020_frame112.jpg,karkkila,karkkila_dji_0020,112,test,1
/workspace/Boreal-Forest-Fire/Boreal-Forest-Fire-Subset-A/Karkkila-Images/karkkila_DJI_0020_frame113.jpg,karkkila,karkkila_dji_0020,113,test,7
/workspace/Boreal-Forest-Fire/Boreal-Forest-Fire-Subset-A/Karkkila-Images/karkkila_DJI_0020_frame114.jpg,karkkila,karkkila_dji_0020,114,test,1
/workspace/Boreal-Forest-Fire/Boreal-Forest-Fire-Subset-A/Karkkila-Images/karkkila_DJI_0020_frame115.jpg,karkkila,karkkila_dji_0020,115,test,1
/workspace/Boreal-Forest-Fire/Boreal-Forest-Fire-Subset-A/Karkkila-Images/karkkila_DJI_0020_frame116.jpg,karkkila,karkkila_dji_0020,116,test,1
/workspace/Boreal-Forest-Fire/Boreal-Forest-Fire-Subset-A/Karkkila-Images/karkkila_DJI_0020_frame117.jpg,karkkila,karkkila_dji_0020,117,test,1
/workspace/Boreal-Forest-Fire/Boreal-Forest-Fire-Subset-A/Karkkila-Images/karkkila_DJI_0020_frame118.jpg,karkkila,karkkila_dji_0020,118,test,1
/workspace/Boreal-Forest-Fire/Boreal-Forest-Fire-Subset-A/Karkkila-Images/karkkila_DJI_0020_frame119.jpg,karkkila,karkkila_dji_0020,119,test,1
/workspace/Boreal-Forest-Fire/Boreal-Forest-Fire-Subset-A/Karkkila-Images/karkkila_DJI_0020_frame120.jpg,karkkila,karkkila_dji_0020,120,test,1
/workspace/Boreal-Forest-Fire/Boreal-Forest-Fire-Subset-A/Karkkila-Images/karkkila_DJI_0020_frame121.jpg,karkkila,karkkila_dji_0020,121,test,1
/workspace/Boreal-Forest-Fire/Boreal-Forest-Fire-Subset-A/Karkkila-Images/karkkila_DJI_0020_frame122.jpg,karkkila,karkkila_dji_0020,122,test,1
/workspace/Boreal-Forest-Fire/Boreal-Forest-Fire-Subset-A/Karkkila-Images/karkkila_DJI_0020_frame123.jpg,karkkila,karkkila_dji_0020,123,test,1
/workspace/Boreal-Forest-Fire/Boreal-Forest-Fire-Subset-A/Karkkila-Images/karkkila_DJI_0020_frame124.jpg,karkkila,karkkila_dji_0020,124,test,1
/workspace/Boreal-Forest-Fire/Boreal-Forest-Fire-Subset-A/Karkkila-Images/karkkila_DJI_0020_frame125.jpg,karkkila,karkkila_dji_0020,125,test,1
/workspace/Boreal-Forest-Fire/Boreal-Forest-Fire-Subset-A/Karkkila-Images/karkkila_DJI_0020_frame126.jpg,karkkila,karkkila_dji_0020,126,test,1
/workspace/Boreal-Forest-Fire/Boreal-Forest-Fire-Subset-A/Karkkila-Images/karkkila_DJI_0020_frame127.jpg,karkkila,karkkila_dji_0020,127,test,1
/workspace/Boreal-Forest-Fire/Boreal-Forest-Fire-Subset-A/Karkkila-Images/karkkila_DJI_0020_frame128.jpg,karkkila,karkkila_dji_0020,128,test,1
/workspace/Boreal-Forest-Fire/Boreal-Forest-Fire-Subset-A/Karkkila-Images/karkkila_DJI_0020_frame129.jpg,karkkila,karkkila_dji_0020,129,test,1
/workspace/Boreal-Forest-Fire/Boreal-Forest-Fire-Subset-A/Karkkila-Images/karkkila_DJI_0020_frame130.jpg,karkkila,karkkila_dji_0020,130,test,1
/workspace/Boreal-Forest-Fire/Boreal-Forest-Fire-Subset-A/Karkkila-Images/karkkila_DJI_0020_frame131.jpg,karkkila,karkkila_dji_0020,131,test,1
/workspace/Boreal-Forest-Fire/Boreal-Forest-Fire-Subset-A/Karkkila-Images/karkkila_DJI_0020_frame132.jpg,karkkila,karkkila_dji_0020,132,test,1
/workspace/Boreal-Forest-Fire/Boreal-Forest-Fire-Subset-A/Karkkila-Images/karkkila_DJI_0020_frame133.jpg,karkkila,karkkila_dji_0020,133,test,1
/workspace/Boreal-Forest-Fire/Boreal-Forest-Fire-Subset-A/Karkkila-Images/karkkila_DJI_0020_frame134.jpg,karkkila,karkkila_dji_0020,134,test,1
/workspace/Boreal-Forest-Fire/Boreal-Forest-Fire-Subset-A/Karkkila-Images/karkkila_DJI_0020_frame135.jpg,karkkila,karkkila_dji_0020,135,test,1
/workspace/Boreal-Forest-Fire/Boreal-Forest-Fire-Subset-A/Karkkila-Images/karkkila_DJI_0020_frame136.jpg,karkkila,karkkila_dji_0020,136,test,1
/workspace/Boreal-Forest-Fire/Boreal-Forest-Fire-Subset-A/Karkkila-Images/karkkila_DJI_0020_frame137.jpg,karkkila,karkkila_dji_0020,137,test,1
/workspace/Boreal-Forest-Fire/Boreal-Forest-Fire-Subset-A/Karkkila-Images/karkkila_DJI_0020_frame138.jpg,karkkila,karkkila_dji_0020,138,test,1
/workspace/Boreal-Forest-Fire/Boreal-Forest-Fire-Subset-A/Karkkila-Images/karkkila_DJI_0020_frame139.jpg,karkkila,karkkila_dji_0020,139,test,1
/workspace/Boreal-Forest-Fire/Boreal-Forest-Fire-Subset-A/Karkkila-Images/karkkila_DJI_0020_frame140.jpg,karkkila,karkkila_dji_0020,140,test,1
/workspace/Boreal-Forest-Fire/Boreal-Forest-Fire-Subset-A/Karkkila-Images/karkkila_DJI_0020_frame141.jpg,karkkila,karkkila_dji_0020,141,test,1
/workspace/Boreal-Forest-Fire/Boreal-Forest-Fire-Subset-A/Karkkila-Images/karkkila_DJI_0020_frame142.jpg,karkkila,karkkila_dji_0020,142,test,1
/workspace/Boreal-Forest-Fire/Boreal-Forest-Fire-Subset-A/Karkkila-Images/karkkila_DJI_0020_frame143.jpg,karkkila,karkkila_dji_0020,143,test,1
/workspace/Boreal-Forest-Fire/Boreal-Forest-Fire-Subset-A/Karkkila-Images/karkkila_DJI_0020_frame144.jpg,karkkila,karkkila_dji_0020,144,test,1
/workspace/Boreal-Forest-Fire/Boreal-Forest-Fire-Subset-A/Karkkila-Images/karkkila_DJI_0020_frame145.jpg,karkkila,karkkila_dji_0020,145,test,1
/workspace/Boreal-Forest-Fire/Boreal-Forest-Fire-Subset-A/Karkkila-Images/karkkila_DJI_0020_frame146.jpg,karkkila,karkkila_dji_0020,146,test,1
/workspace/Boreal-Forest-Fire/Boreal-Forest-Fire-Subset-A/Karkkila-Images/karkkila_DJI_0020_frame147.jpg,karkkila,karkkila_dji_0020,147,test,1
/workspace/Boreal-Forest-Fire/Boreal-Forest-Fire-Subset-A/Karkkila-Images/karkkila_DJI_0020_frame148.jpg,karkkila,karkkila_dji_0020,148,test,1
/workspace/Boreal-Forest-Fire/Boreal-Forest-Fire-Subset-A/Karkkila-Images/karkkila_DJI_0020_frame149.jpg,karkkila,karkkila_dji_0020,149,test,1
/workspace/Boreal-Forest-Fire/Boreal-Forest-Fire-Subset-A/Karkkila-Images/karkkila_DJI_0020_frame150.jpg,karkkila,karkkila_dji_0020,150,test,1
/workspace/Boreal-Forest-Fire/Boreal-Forest-Fire-Subset-A/Karkkila-Images/karkkila_DJI_0020_frame151.jpg,karkkila,karkkila_dji_0020,151,test,1
/workspace/Boreal-Forest-Fire/Boreal-Forest-Fire-Subset-A/Karkkila-Images/karkkila_DJI_0020_frame152.jpg,karkkila,karkkila_dji_0020,152,test,1
/workspace/Boreal-Forest-Fire/Boreal-Forest-Fire-Subset-A/Karkkila-Images/karkkila_DJI_0020_frame153.jpg,karkkila,karkkila_dji_0020,153,test,1
/workspace/Boreal-Forest-Fire/Boreal-Forest-Fire-Subset-A/Karkkila-Images/karkkila_DJI_0020_frame154.jpg,karkkila,karkkila_dji_0020,154,test,1
/workspace/Boreal-Forest-Fire/Boreal-Forest-Fire-Subset-A/Karkkila-Images/karkkila_DJI_0020_frame155.jpg,karkkila,karkkila_dji_0020,155,test,1
/workspace/Boreal-Forest-Fire/Boreal-Forest-Fire-Subset-A/Karkkila-Images/karkkila_DJI_0020_frame156.jpg,karkkila,karkkila_dji_0020,156,test,1
/workspace/Boreal-Forest-Fire/Boreal-Forest-Fire-Subset-A/Karkkila-Images/karkkila_DJI_0020_frame157.jpg,karkkila,karkkila_dji_0020,157,test,1
/workspace/Boreal-Forest-Fire/Boreal-Forest-Fire-Subset-A/Karkkila-Images/karkkila_DJI_0020_frame158.jpg,karkkila,karkkila_dji_0020,158,test,1
/workspace/Boreal-Forest-Fire/Boreal-Forest-Fire-Subset-A/Karkkila-Images/karkkila_DJI_0020_frame159.jpg,karkkila,karkkila_dji_0020,159,test,1
/workspace/Boreal-Forest-Fire/Boreal-Forest-Fire-Subset-A/Karkkila-Images/karkkila_DJI_0020_frame160.jpg,karkkila,karkkila_dji_0020,160,test,1
/workspace/Boreal-Forest-Fire/Boreal-Forest-Fire-Subset-A/Karkkila-Images/karkkila_DJI_0020_frame161.jpg,karkkila,karkkila_dji_0020,161,test,1
/workspace/Boreal-Forest-Fire/Boreal-Forest-Fire-Subset-A/Karkkila-Images/karkkila_DJI_0020_frame162.jpg,karkkila,karkkila_dji_0020,162,test,1
/workspace/Boreal-Forest-Fire/Boreal-Forest-Fire-Subset-A/Karkkila-Images/karkkila_DJI_0020_frame163.jpg,karkkila,karkkila_dji_0020,163,test,1
/workspace/Boreal-Forest-Fire/Boreal-Forest-Fire-Subset-A/Karkkila-Images/karkkila_DJI_0020_frame30.jpg,karkkila,karkkila_dji_0020,30,test,1
/workspace/Boreal-Forest-Fire/Boreal-Forest-Fire-Subset-A/Karkkila-Images/karkkila_DJI_0020_frame31.jpg,karkkila,karkkila_dji_0020,31,test,1
/workspace/Boreal-Forest-Fire/Boreal-Forest-Fire-Subset-A/Karkkila-Images/karkkila_DJI_0020_frame32.jpg,karkkila,karkkila_dji_0020,32,test,1
/workspace/Boreal-Forest-Fire/Boreal-Forest-Fire-Subset-A/Karkkila-Images/karkkila_DJI_0020_frame33.jpg,karkkila,karkkila_dji_0020,33,test,1
/workspace/Boreal-Forest-Fire/Boreal-Forest-Fire-Subset-A/Karkkila-Images/karkkila_DJI_0020_frame34.jpg,karkkila,karkkila_dji_0020,34,test,1
/workspace/Boreal-Forest-Fire/Boreal-Forest-Fire-Subset-A/Karkkila-Images/karkkila_DJI_0020_frame35.jpg,karkkila,karkkila_dji_0020,35,test,1
/workspace/Boreal-Forest-Fire/Boreal-Forest-Fire-Subset-A/Karkkila-Images/karkkila_DJI_0020_frame36.jpg,karkkila,karkkila_dji_0020,36,test,1
/workspace/Boreal-Forest-Fire/Boreal-Forest-Fire-Subset-A/Karkkila-Images/karkkila_DJI_0020_frame37.jpg,karkkila,karkkila_dji_0020,37,test,1
/workspace/Boreal-Forest-Fire/Boreal-Forest-Fire-Subset-A/Karkkila-Images/karkkila_DJI_0020_frame38.jpg,karkkila,karkkila_dji_0020,38,test,1
/workspace/Boreal-Forest-Fire/Boreal-Forest-Fire-Subset-A/Karkkila-Images/karkkila_DJI_0020_frame39.jpg,karkkila,karkkila_dji_0020,39,test,1
/workspace/Boreal-Forest-Fire/Boreal-Forest-Fire-Subset-A/Karkkila-Images/karkkila_DJI_0020_frame40.jpg,karkkila,karkkila_dji_0020,40,test,1
/workspace/Boreal-Forest-Fire/Boreal-Forest-Fire-Subset-A/Karkkila-Images/karkkila_DJI_0020_frame41.jpg,karkkila,karkkila_dji_0020,41,test,1
/workspace/Boreal-Forest-Fire/Boreal-Forest-Fire-Subset-A/Karkkila-Images/karkkila_DJI_0020_frame42.jpg,karkkila,karkkila_dji_0020,42,test,1
/workspace/Boreal-Forest-Fire/Boreal-Forest-Fire-Subset-A/Karkkila-Images/karkkila_DJI_0020_frame43.jpg,karkkila,karkkila_dji_0020,43,test,1
/workspace/Boreal-Forest-Fire/Boreal-Forest-Fire-Subset-A/Karkkila-Images/karkkila_DJI_0020_frame44.jpg,karkkila,karkkila_dji_0020,44,test,1
/workspace/Boreal-Forest-Fire/Boreal-Forest-Fire-Subset-A/Karkkila-Images/karkkila_DJI_0020_frame45.jpg,karkkila,karkkila_dji_0020,45,test,1
/workspace/Boreal-Forest-Fire/Boreal-Forest-Fire-Subset-A/Karkkila-Images/karkkila_DJI_0020_frame46.jpg,karkkila,karkkila_dji_0020,46,test,1
/workspace/Boreal-Forest-Fire/Boreal-Forest-Fire-Subset-A/Karkkila-Images/karkkila_DJI_0020_frame47.jpg,karkkila,karkkila_dji_0020,47,test,1
/workspace/Boreal-Forest-Fire/Boreal-Forest-Fire-Subset-A/Karkkila-Images/karkkila_DJI_0020_frame48.jpg,karkkila,karkkila_dji_0020,48,test,1
/workspace/Boreal-Forest-Fire/Boreal-Forest-Fire-Subset-A/Karkkila-Images/karkkila_DJI_0020_frame49.jpg,karkkila,karkkila_dji_0020,49,test,1
/workspace/Boreal-Forest-Fire/Boreal-Forest-Fire-Subset-A/Karkkila-Images/karkkila_DJI_0020_frame50.jpg,karkkila,karkkila_dji_0020,50,test,1
/workspace/Boreal-Forest-Fire/Boreal-Forest-Fire-Subset-A/Karkkila-Images/karkkila_DJI_0020_frame51.jpg,karkkila,karkkila_dji_0020,51,test,1
/workspace/Boreal-Forest-Fire/Boreal-Forest-Fire-Subset-A/Karkkila-Images/karkkila_DJI_0020_frame52.jpg,karkkila,karkkila_dji_0020,52,test,1
/workspace/Boreal-Forest-Fire/Boreal-Forest-Fire-Subset-A/Karkkila-Images/karkkila_DJI_0020_frame53.jpg,karkkila,karkkila_dji_0020,53,test,1
/workspace/Boreal-Forest-Fire/Boreal-Forest-Fire-Subset-A/Karkkila-Images/karkkila_DJI_0020_frame54.jpg,karkkila,karkkila_dji_0020,54,test,1
/workspace/Boreal-Forest-Fire/Boreal-Forest-Fire-Subset-A/Karkkila-Images/karkkila_DJI_0020_frame55.jpg,karkkila,karkkila_dji_0020,55,test,1
/workspace/Boreal-Forest-Fire/Boreal-Forest-Fire-Subset-A/Karkkila-Images/karkkila_DJI_0020_frame56.jpg,karkkila,karkkila_dji_0020,56,test,1
/workspace/Boreal-Forest-Fire/Boreal-Forest-Fire-Subset-A/Karkkila-Images/karkkila_DJI_0020_frame57.jpg,karkkila,karkkila_dji_0020,57,test,1
/workspace/Boreal-Forest-Fire/Boreal-Forest-Fire-Subset-A/Karkkila-Images/karkkila_DJI_0020_frame58.jpg,karkkila,karkkila_dji_0020,58,test,1
/workspace/Boreal-Forest-Fire/Boreal-Forest-Fire-Subset-A/Karkkila-Images/karkkila_DJI_0020_frame59.jpg,karkkila,karkkila_dji_0020,59,test,1
/workspace/Boreal-Forest-Fire/Boreal-Forest-Fire-Subset-A/Karkkila-Images/karkkila_DJI_0020_frame60.jpg,karkkila,karkkila_dji_0020,60,test,1
/workspace/Boreal-Forest-Fire/Boreal-Forest-Fire-Subset-A/Karkkila-Images/karkkila_DJI_0020_frame61.jpg,karkkila,karkkila_dji_0020,61,test,1
/workspace/Boreal-Forest-Fire/Boreal-Forest-Fire-Subset-A/Karkkila-Images/karkkila_DJI_0020_frame62.jpg,karkkila,karkkila_dji_0020,62,test,1
/workspace/Boreal-Forest-Fire/Boreal-Forest-Fire-Subset-A/Karkkila-Images/karkkila_DJI_0020_frame63.jpg,karkkila,karkkila_dji_0020,63,test,1
/workspace/Boreal-Forest-Fire/Boreal-Forest-Fire-Subset-A/Karkkila-Images/karkkila_DJI_0020_frame64.jpg,karkkila,karkkila_dji_0020,64,test,1
/workspace/Boreal-Forest-Fire/Boreal-Forest-Fire-Subset-A/Karkkila-Images/karkkila_DJI_0020_frame65.jpg,karkkila,karkkila_dji_0020,65,test,1
/workspace/Boreal-Forest-Fire/Boreal-Forest-Fire-Subset-A/Karkkila-Images/karkkila_DJI_0020_frame66.jpg,karkkila,karkkila_dji_0020,66,test,1
/workspace/Boreal-Forest-Fire/Boreal-Forest-Fire-Subset-A/Karkkila-Images/karkkila_DJI_0020_frame67.jpg,karkkila,karkkila_dji_0020,67,test,1
/workspace/Boreal-Forest-Fire/Boreal-Forest-Fire-Subset-A/Karkkila-Images/karkkila_DJI_0020_frame68.jpg,karkkila,karkkila_dji_0020,68,test,1
/workspace/Boreal-Forest-Fire/Boreal-Forest-Fire-Subset-A/Karkkila-Images/karkkila_DJI_0020_frame69.jpg,karkkila,karkkila_dji_0020,69,test,1
/workspace/Boreal-Forest-Fire/Boreal-Forest-Fire-Subset-A/Karkkila-Images/karkkila_DJI_0020_frame70.jpg,karkkila,karkkila_dji_0020,70,test,1
/workspace/Boreal-Forest-Fire/Boreal-Forest-Fire-Subset-A/Karkkila-Images/karkkila_DJI_0020_frame71.jpg,karkkila,karkkila_dji_0020,71,test,1
/workspace/Boreal-Forest-Fire/Boreal-Forest-Fire-Subset-A/Karkkila-Images/karkkila_DJI_0020_frame72.jpg,karkkila,karkkila_dji_0020,72,test,1
/workspace/Boreal-Forest-Fire/Boreal-Forest-Fire-Subset-A/Karkkila-Images/karkkila_DJI_0020_frame73.jpg,karkkila,karkkila_dji_0020,73,test,1
/workspace/Boreal-Forest-Fire/Boreal-Forest-Fire-Subset-A/Karkkila-Images/karkkila_DJI_0020_frame74.jpg,karkkila,karkkila_dji_0020,74,test,1
/workspace/Boreal-Forest-Fire/Boreal-Forest-Fire-Subset-A/Karkkila-Images/karkkila_DJI_0020_frame75.jpg,karkkila,karkkila_dji_0020,75,test,1
/workspace/Boreal-Forest-Fire/Boreal-Forest-Fire-Subset-A/Karkkila-Images/karkkila_DJI_0020_frame76.jpg,karkkila,karkkila_dji_0020,76,test,1
/workspace/Boreal-Forest-Fire/Boreal-Forest-Fire-Subset-A/Karkkila-Images/karkkila_DJI_0020_frame77.jpg,karkkila,karkkila_dji_0020,77,test,1
/workspace/Boreal-Forest-Fire/Boreal-Forest-Fire-Subset-A/Karkkila-Images/karkkila_DJI_0020_frame78.jpg,karkkila,karkkila_dji_0020,78,test,1
/workspace/Boreal-Forest-Fire/Boreal-Forest-Fire-Subset-A/Karkkila-Images/karkkila_DJI_0020_frame79.jpg,karkkila,karkkila_dji_0020,79,test,1
/workspace/Boreal-Forest-Fire/Boreal-Forest-Fire-Subset-A/Karkkila-Images/karkkila_DJI_0020_frame80.jpg,karkkila,karkkila_dji_0020,80,test,1
/workspace/Boreal-Forest-Fire/Boreal-Forest-Fire-Subset-A/Karkkila-Images/karkkila_DJI_0020_frame81.jpg,karkkila,karkkila_dji_0020,81,test,1
/workspace/Boreal-Forest-Fire/Boreal-Forest-Fire-Subset-A/Karkkila-Images/karkkila_DJI_0020_frame82.jpg,karkkila,karkkila_dji_0020,82,test,1
/workspace/Boreal-Forest-Fire/Boreal-Forest-Fire-Subset-A/Karkkila-Images/karkkila_DJI_0020_frame83.jpg,karkkila,karkkila_dji_0020,83,test,1
/workspace/Boreal-Forest-Fire/Boreal-Forest-Fire-Subset-A/Karkkila-Images/karkkila_DJI_0020_frame84.jpg,karkkila,karkkila_dji_0020,84,test,1
/workspace/Boreal-Forest-Fire/Boreal-Forest-Fire-Subset-A/Karkkila-Images/karkkila_DJI_0020_frame85.jpg,karkkila,karkkila_dji_0020,85,test,1
/workspace/Boreal-Forest-Fire/Boreal-Forest-Fire-Subset-A/Karkkila-Images/karkkila_DJI_0020_frame86.jpg,karkkila,karkkila_dji_0020,86,test,1
/workspace/Boreal-Forest-Fire/Boreal-Forest-Fire-Subset-A/Karkkila-Images/karkkila_DJI_0020_frame87.jpg,karkkila,karkkila_dji_0020,87,test,1
/workspace/Boreal-Forest-Fire/Boreal-Forest-Fire-Subset-A/Karkkila-Images/karkkila_DJI_0020_frame88.jpg,karkkila,karkkila_dji_0020,88,test,1
/workspace/Boreal-Forest-Fire/Boreal-Forest-Fire-Subset-A/Karkkila-Images/karkkila_DJI_0020_frame89.jpg,karkkila,karkkila_dji_0020,89,test,1
/workspace/Boreal-Forest-Fire/Boreal-Forest-Fire-Subset-A/Karkkila-Images/karkkila_DJI_0020_frame90.jpg,karkkila,karkkila_dji_0020,90,test,1
/workspace/Boreal-Forest-Fire/Boreal-Forest-Fire-Subset-A/Karkkila-Images/karkkila_DJI_0020_frame91.jpg,karkkila,karkkila_dji_0020,91,test,1
/workspace/Boreal-Forest-Fire/Boreal-Forest-Fire-Subset-A/Karkkila-Images/karkkila_DJI_0020_frame92.jpg,karkkila,karkkila_dji_0020,92,test,1
/workspace/Boreal-Forest-Fire/Boreal-Forest-Fire-Subset-A/Karkkila-Images/karkkila_DJI_0020_frame93.jpg,karkkila,karkkila_dji_0020,93,test,1
/workspace/Boreal-Forest-Fire/Boreal-Forest-Fire-Subset-A/Karkkila-Images/karkkila_DJI_0020_frame94.jpg,karkkila,karkkila_dji_0020,94,test,1
/workspace/Boreal-Forest-Fire/Boreal-Forest-Fire-Subset-A/Karkkila-Images/karkkila_DJI_0020_frame95.jpg,karkkila,karkkila_dji_0020,95,test,1
/workspace/Boreal-Forest-Fire/Boreal-Forest-Fire-Subset-A/Karkkila-Images/karkkila_DJI_0020_frame96.jpg,karkkila,karkkila_dji_0020,96,test,1
/workspace/Boreal-Forest-Fire/Boreal-Forest-Fire-Subset-A/Karkkila-Images/karkkila_DJI_0020_frame97.jpg,karkkila,karkkila_dji_0020,97,test,1
/workspace/Boreal-Forest-Fire/Boreal-Forest-Fire-Subset-A/Karkkila-Images/karkkila_DJI_0020_frame98.jpg,karkkila,karkkila_dji_0020,98,test,1
/workspace/Boreal-Forest-Fire/Boreal-Forest-Fire-Subset-A/Karkkila-Images/karkkila_DJI_0020_frame99.jpg,karkkila,karkkila_dji_0020,99,test,1
/workspace/Boreal-Forest-Fire/Boreal-Forest-Fire-Subset-A/Ruokolahti-Images/ruokolahti_DJI_0080_frame0.jpg,ruokolahti,ruokolahti_dji_0080,0,train,1
/workspace/Boreal-Forest-Fire/Boreal-Forest-Fire-Subset-A/Ruokolahti-Images/ruokolahti_DJI_0080_frame1.jpg,ruokolahti,ruokolahti_dji_0080,1,train,1
/workspace/Boreal-Forest-Fire/Boreal-Forest-Fire-Subset-A/Ruokolahti-Images/ruokolahti_DJI_0080_frame10.jpg,ruokolahti,ruokolahti_dji_0080,10,train,1
/workspace/Boreal-Forest-Fire/Boreal-Forest-Fire-Subset-A/Ruokolahti-Images/ruokolahti_DJI_0080_frame100.jpg,ruokolahti,ruokolahti_dji_0080,100,train,1
/workspace/Boreal-Forest-Fire/Boreal-Forest-Fire-Subset-A/Ruokolahti-Images/ruokolahti_DJI_0080_frame101.jpg,ruokolahti,ruokolahti_dji_0080,101,train,1
/workspace/Boreal-Forest-Fire/Boreal-Forest-Fire-Subset-A/Ruokolahti-Images/ruokolahti_DJI_0080_frame102.jpg,ruokolahti,ruokolahti_dji_0080,102,train,1
/workspace/Boreal-Forest-Fire/Boreal-Forest-Fire-Subset-A/Ruokolahti-Images/ruokolahti_DJI_0080_frame103.jpg,ruokolahti,ruokolahti_dji_0080,103,train,1
/workspace/Boreal-Forest-Fire/Boreal-Forest-Fire-Subset-A/Ruokolahti-Images/ruokolahti_DJI_0080_frame104.jpg,ruokolahti,ruokolahti_dji_0080,104,train,1
/workspace/Boreal-Forest-Fire/Boreal-Forest-Fire-Subset-A/Ruokolahti-Images/ruokolahti_DJI_0080_frame105.jpg,ruokolahti,ruokolahti_dji_0080,105,train,1
/workspace/Boreal-Forest-Fire/Boreal-Forest-Fire-Subset-A/Ruokolahti-Images/ruokolahti_DJI_0080_frame106.jpg,ruokolahti,ruokolahti_dji_0080,106,train,1
/workspace/Boreal-Forest-Fire/Boreal-Forest-Fire-Subset-A/Ruokolahti-Images/ruokolahti_DJI_0080_frame107.jpg,ruokolahti,ruokolahti_dji_0080,107,train,1
/workspace/Boreal-Forest-Fire/Boreal-Forest-Fire-Subset-A/Ruokolahti-Images/ruokolahti_DJI_0080_frame108.jpg,ruokolahti,ruokolahti_dji_0080,108,train,1
/workspace/Boreal-Forest-Fire/Boreal-Forest-Fire-Subset-A/Ruokolahti-Images/ruokolahti_DJI_0080_frame109.jpg,ruokolahti,ruokolahti_dji_0080,109,train,1
/workspace/Boreal-Forest-Fire/Boreal-Forest-Fire-Subset-A/Ruokolahti-Images/ruokolahti_DJI_0080_frame11.jpg,ruokolahti,ruokolahti_dji_0080,11,train,1
/workspace/Boreal-Forest-Fire/Boreal-Forest-Fire-Subset-A/Ruokolahti-Images/ruokolahti_DJI_0080_frame110.jpg,ruokolahti,ruokolahti_dji_0080,110,train,1
/workspace/Boreal-Forest-Fire/Boreal-Forest-Fire-Subset-A/Ruokolahti-Images/ruokolahti_DJI_0080_frame111.jpg,ruokolahti,ruokolahti_dji_0080,111,train,1
/workspace/Boreal-Forest-Fire/Boreal-Forest-Fire-Subset-A/Ruokolahti-Images/ruokolahti_DJI_0080_frame112.jpg,ruokolahti,ruokolahti_dji_0080,112,train,1
/workspace/Boreal-Forest-Fire/Boreal-Forest-Fire-Subset-A/Ruokolahti-Images/ruokolahti_DJI_0080_frame113.jpg,ruokolahti,ruokolahti_dji_0080,113,train,1
/workspace/Boreal-Forest-Fire/Boreal-Forest-Fire-Subset-A/Ruokolahti-Images/ruokolahti_DJI_0080_frame114.jpg,ruokolahti,ruokolahti_dji_0080,114,train,1
/workspace/Boreal-Forest-Fire/Boreal-Forest-Fire-Subset-A/Ruokolahti-Images/ruokolahti_DJI_0080_frame115.jpg,ruokolahti,ruokolahti_dji_0080,115,train,1
/workspace/Boreal-Forest-Fire/Boreal-Forest-Fire-Subset-A/Ruokolahti-Images/ruokolahti_DJI_0080_frame116.jpg,ruokolahti,ruokolahti_dji_0080,116,train,1
/workspace/Boreal-Forest-Fire/Boreal-Forest-Fire-Subset-A/Ruokolahti-Images/ruokolahti_DJI_0080_frame117.jpg,ruokolahti,ruokolahti_dji_0080,117,train,1
/workspace/Boreal-Forest-Fire/Boreal-Forest-Fire-Subset-A/Ruokolahti-Images/ruokolahti_DJI_0080_frame118.jpg,ruokolahti,ruokolahti_dji_0080,118,train,1
/workspace/Boreal-Forest-Fire/Boreal-Forest-Fire-Subset-A/Ruokolahti-Images/ruokolahti_DJI_0080_frame119.jpg,ruokolahti,ruokolahti_dji_0080,119,train,1
/workspace/Boreal-Forest-Fire/Boreal-Forest-Fire-Subset-A/Ruokolahti-Images/ruokolahti_DJI_0080_frame12.jpg,ruokolahti,ruokolahti_dji_0080,12,train,1
/workspace/Boreal-Forest-Fire/Boreal-Forest-Fire-Subset-A/Ruokolahti-Images/ruokolahti_DJI_0080_frame120.jpg,ruokolahti,ruokolahti_dji_0080,120,train,1
/workspace/Boreal-Forest-Fire/Boreal-Forest-Fire-Subset-A/Ruokolahti-Images/ruokolahti_DJI_0080_frame121.jpg,ruokolahti,ruokolahti_dji_0080,121,train,1
/workspace/Boreal-Forest-Fire/Boreal-Forest-Fire-Subset-A/Ruokolahti-Images/ruokolahti_DJI_0080_frame122.jpg,ruokolahti,ruokolahti_dji_0080,122,train,1
/workspace/Boreal-Forest-Fire/Boreal-Forest-Fire-Subset-A/Ruokolahti-Images/ruokolahti_DJI_0080_frame123.jpg,ruokolahti,ruokolahti_dji_0080,123,train,1
/workspace/Boreal-Forest-Fire/Boreal-Forest-Fire-Subset-A/Ruokolahti-Images/ruokolahti_DJI_0080_frame124.jpg,ruokolahti,ruokolahti_dji_0080,124,train,1
/workspace/Boreal-Forest-Fire/Boreal-Forest-Fire-Subset-A/Ruokolahti-Images/ruokolahti_DJI_0080_frame125.jpg,ruokolahti,ruokolahti_dji_0080,125,train,1
/workspace/Boreal-Forest-Fire/Boreal-Forest-Fire-Subset-A/Ruokolahti-Images/ruokolahti_DJI_0080_frame126.jpg,ruokolahti,ruokolahti_dji_0080,126,train,1
/workspace/Boreal-Forest-Fire/Boreal-Forest-Fire-Subset-A/Ruokolahti-Images/ruokolahti_DJI_0080_frame127.jpg,ruokolahti,ruokolahti_dji_0080,127,train,1
/workspace/Boreal-Forest-Fire/Boreal-Forest-Fire-Subset-A/Ruokolahti-Images/ruokolahti_DJI_0080_frame128.jpg,ruokolahti,ruokolahti_dji_0080,128,train,1
/workspace/Boreal-Forest-Fire/Boreal-Forest-Fire-Subset-A/Ruokolahti-Images/ruokolahti_DJI_0080_frame129.jpg,ruokolahti,ruokolahti_dji_0080,129,train,1
/workspace/Boreal-Forest-Fire/Boreal-Forest-Fire-Subset-A/Ruokolahti-Images/ruokolahti_DJI_0080_frame13.jpg,ruokolahti,ruokolahti_dji_0080,13,train,1
/workspace/Boreal-Forest-Fire/Boreal-Forest-Fire-Subset-A/Ruokolahti-Images/ruokolahti_DJI_0080_frame130.jpg,ruokolahti,ruokolahti_dji_0080,130,train,1
/workspace/Boreal-Forest-Fire/Boreal-Forest-Fire-Subset-A/Ruokolahti-Images/ruokolahti_DJI_0080_frame131.jpg,ruokolahti,ruokolahti_dji_0080,131,train,1
/workspace/Boreal-Forest-Fire/Boreal-Forest-Fire-Subset-A/Ruokolahti-Images/ruokolahti_DJI_0080_frame132.jpg,ruokolahti,ruokolahti_dji_0080,132,train,1
/workspace/Boreal-Forest-Fire/Boreal-Forest-Fire-Subset-A/Ruokolahti-Images/ruokolahti_DJI_0080_frame133.jpg,ruokolahti,ruokolahti_dji_0080,133,train,1
/workspace/Boreal-Forest-Fire/Boreal-Forest-Fire-Subset-A/Ruokolahti-Images/ruokolahti_DJI_0080_frame134.jpg,ruokolahti,ruokolahti_dji_0080,134,train,1
/workspace/Boreal-Forest-Fire/Boreal-Forest-Fire-Subset-A/Ruokolahti-Images/ruokolahti_DJI_0080_frame135.jpg,ruokolahti,ruokolahti_dji_0080,135,train,1
/workspace/Boreal-Forest-Fire/Boreal-Forest-Fire-Subset-A/Ruokolahti-Images/ruokolahti_DJI_0080_frame136.jpg,ruokolahti,ruokolahti_dji_0080,136,train,1
/workspace/Boreal-Forest-Fire/Boreal-Forest-Fire-Subset-A/Ruokolahti-Images/ruokolahti_DJI_0080_frame137.jpg,ruokolahti,ruokolahti_dji_0080,137,train,1
/workspace/Boreal-Forest-Fire/Boreal-Forest-Fire-Subset-A/Ruokolahti-Images/ruokolahti_DJI_0080_frame138.jpg,ruokolahti,ruokolahti_dji_0080,138,train,1
/workspace/Boreal-Forest-Fire/Boreal-Forest-Fire-Subset-A/Ruokolahti-Images/ruokolahti_DJI_0080_frame139.jpg,ruokolahti,ruokolahti_dji_0080,139,train,1
/workspace/Boreal-Forest-Fire/Boreal-Forest-Fire-Subset-A/Ruokolahti-Images/ruokolahti_DJI_0080_frame14.jpg,ruokolahti,ruokolahti_dji_0080,14,train,1
/workspace/Boreal-Forest-Fire/Boreal-Forest-Fire-Subset-A/Ruokolahti-Images/ruokolahti_DJI_0080_frame140.jpg,ruokolahti,ruokolahti_dji_0080,140,train,1
/workspace/Boreal-Forest-Fire/Boreal-Forest-Fire-Subset-A/Ruokolahti-Images/ruokolahti_DJI_0080_frame141.jpg,ruokolahti,ruokolahti_dji_0080,141,train,1
/workspace/Boreal-Forest-Fire/Boreal-Forest-Fire-Subset-A/Ruokolahti-Images/ruokolahti_DJI_0080_frame142.jpg,ruokolahti,ruokolahti_dji_0080,142,train,1
/workspace/Boreal-Forest-Fire/Boreal-Forest-Fire-Subset-A/Ruokolahti-Images/ruokolahti_DJI_0080_frame143.jpg,ruokolahti,ruokolahti_dji_0080,143,train,1
/workspace/Boreal-Forest-Fire/Boreal-Forest-Fire-Subset-A/Ruokolahti-Images/ruokolahti_DJI_0080_frame144.jpg,ruokolahti,ruokolahti_dji_0080,144,train,1
/workspace/Boreal-Forest-Fire/Boreal-Forest-Fire-Subset-A/Ruokolahti-Images/ruokolahti_DJI_0080_frame145.jpg,ruokolahti,ruokolahti_dji_0080,145,train,1
/workspace/Boreal-Forest-Fire/Boreal-Forest-Fire-Subset-A/Ruokolahti-Images/ruokolahti_DJI_0080_frame146.jpg,ruokolahti,ruokolahti_dji_0080,146,train,1
/workspace/Boreal-Forest-Fire/Boreal-Forest-Fire-Subset-A/Ruokolahti-Images/ruokolahti_DJI_0080_frame147.jpg,ruokolahti,ruokolahti_dji_0080,147,train,1
/workspace/Boreal-Forest-Fire/Boreal-Forest-Fire-Subset-A/Ruokolahti-Images/ruokolahti_DJI_0080_frame148.jpg,ruokolahti,ruokolahti_dji_0080,148,train,1
/workspace/Boreal-Forest-Fire/Boreal-Forest-Fire-Subset-A/Ruokolahti-Images/ruokolahti_DJI_0080_frame149.jpg,ruokolahti,ruokolahti_dji_0080,149,train,1
/workspace/Boreal-Forest-Fire/Boreal-Forest-Fire-Subset-A/Ruokolahti-Images/ruokolahti_DJI_0080_frame15.jpg,ruokolahti,ruokolahti_dji_0080,15,train,1
/workspace/Boreal-Forest-Fire/Boreal-Forest-Fire-Subset-A/Ruokolahti-Images/ruokolahti_DJI_0080_frame150.jpg,ruokolahti,ruokolahti_dji_0080,150,train,1
/workspace/Boreal-Forest-Fire/Boreal-Forest-Fire-Subset-A/Ruokolahti-Images/ruokolahti_DJI_0080_frame151.jpg,ruokolahti,ruokolahti_dji_0080,151,train,1
/workspace/Boreal-Forest-Fire/Boreal-Forest-Fire-Subset-A/Ruokolahti-Images/ruokolahti_DJI_0080_frame152.jpg,ruokolahti,ruokolahti_dji_0080,152,train,1
/workspace/Boreal-Forest-Fire/Boreal-Forest-Fire-Subset-A/Ruokolahti-Images/ruokolahti_DJI_0080_frame153.jpg,ruokolahti,ruokolahti_dji_0080,153,train,1
/workspace/Boreal-Forest-Fire/Boreal-Forest-Fire-Subset-A/Ruokolahti-Images/ruokolahti_DJI_0080_frame154.jpg,ruokolahti,ruokolahti_dji_0080,154,train,1
/workspace/Boreal-Forest-Fire/Boreal-Forest-Fire-Subset-A/Ruokolahti-Images/ruokolahti_DJI_0080_frame155.jpg,ruokolahti,ruokolahti_dji_0080,155,train,1
/workspace/Boreal-Forest-Fire/Boreal-Forest-Fire-Subset-A/Ruokolahti-Images/ruokolahti_DJI_0080_frame156.jpg,ruokolahti,ruokolahti_dji_0080,156,train,1
/workspace/Boreal-Forest-Fire/Boreal-Forest-Fire-Subset-A/Ruokolahti-Images/ruokolahti_DJI_0080_frame157.jpg,ruokolahti,ruokolahti_dji_0080,157,train,1
/workspace/Boreal-Forest-Fire/Boreal-Forest-Fire-Subset-A/Ruokolahti-Images/ruokolahti_DJI_0080_frame158.jpg,ruokolahti,ruokolahti_dji_0080,158,train,1
/workspace/Boreal-Forest-Fire/Boreal-Forest-Fire-Subset-A/Ruokolahti-Images/ruokolahti_DJI_0080_frame159.jpg,ruokolahti,ruokolahti_dji_0080,159,train,1
/workspace/Boreal-Forest-Fire/Boreal-Forest-Fire-Subset-A/Ruokolahti-Images/ruokolahti_DJI_0080_frame16.jpg,ruokolahti,ruokolahti_dji_0080,16,train,1
/workspace/Boreal-Forest-Fire/Boreal-Forest-Fire-Subset-A/Ruokolahti-Images/ruokolahti_DJI_0080_frame160.jpg,ruokolahti,ruokolahti_dji_0080,160,train,1
/workspace/Boreal-Forest-Fire/Boreal-Forest-Fire-Subset-A/Ruokolahti-Images/ruokolahti_DJI_0080_frame161.jpg,ruokolahti,ruokolahti_dji_0080,161,train,1
/workspace/Boreal-Forest-Fire/Boreal-Forest-Fire-Subset-A/Ruokolahti-Images/ruokolahti_DJI_0080_frame162.jpg,ruokolahti,ruokolahti_dji_0080,162,train,1
/workspace/Boreal-Forest-Fire/Boreal-Forest-Fire-Subset-A/Ruokolahti-Images/ruokolahti_DJI_0080_frame163.jpg,ruokolahti,ruokolahti_dji_0080,163,train,1
/workspace/Boreal-Forest-Fire/Boreal-Forest-Fire-Subset-A/Ruokolahti-Images/ruokolahti_DJI_0080_frame164.jpg,ruokolahti,ruokolahti_dji_0080,164,train,1
/workspace/Boreal-Forest-Fire/Boreal-Forest-Fire-Subset-A/Ruokolahti-Images/ruokolahti_DJI_0080_frame165.jpg,ruokolahti,ruokolahti_dji_0080,165,train,1
/workspace/Boreal-Forest-Fire/Boreal-Forest-Fire-Subset-A/Ruokolahti-Images/ruokolahti_DJI_0080_frame166.jpg,ruokolahti,ruokolahti_dji_0080,166,train,1
/workspace/Boreal-Forest-Fire/Boreal-Forest-Fire-Subset-A/Ruokolahti-Images/ruokolahti_DJI_0080_frame167.jpg,ruokolahti,ruokolahti_dji_0080,167,train,1
/workspace/Boreal-Forest-Fire/Boreal-Forest-Fire-Subset-A/Ruokolahti-Images/ruokolahti_DJI_0080_frame168.jpg,ruokolahti,ruokolahti_dji_0080,168,train,1
/workspace/Boreal-Forest-Fire/Boreal-Forest-Fire-Subset-A/Ruokolahti-Images/ruokolahti_DJI_0080_frame169.jpg,ruokolahti,ruokolahti_dji_0080,169,train,1
/workspace/Boreal-Forest-Fire/Boreal-Forest-Fire-Subset-A/Ruokolahti-Images/ruokolahti_DJI_0080_frame17.jpg,ruokolahti,ruokolahti_dji_0080,17,train,1
/workspace/Boreal-Forest-Fire/Boreal-Forest-Fire-Subset-A/Ruokolahti-Images/ruokolahti_DJI_0080_frame170.jpg,ruokolahti,ruokolahti_dji_0080,170,train,1
/workspace/Boreal-Forest-Fire/Boreal-Forest-Fire-Subset-A/Ruokolahti-Images/ruokolahti_DJI_0080_frame171.jpg,ruokolahti,ruokolahti_dji_0080,171,train,1
/workspace/Boreal-Forest-Fire/Boreal-Forest-Fire-Subset-A/Ruokolahti-Images/ruokolahti_DJI_0080_frame172.jpg,ruokolahti,ruokolahti_dji_0080,172,train,1
/workspace/Boreal-Forest-Fire/Boreal-Forest-Fire-Subset-A/Ruokolahti-Images/ruokolahti_DJI_0080_frame173.jpg,ruokolahti,ruokolahti_dji_0080,173,train,1
/workspace/Boreal-Forest-Fire/Boreal-Forest-Fire-Subset-A/Ruokolahti-Images/ruokolahti_DJI_0080_frame174.jpg,ruokolahti,ruokolahti_dji_0080,174,train,1
/workspace/Boreal-Forest-Fire/Boreal-Forest-Fire-Subset-A/Ruokolahti-Images/ruokolahti_DJI_0080_frame175.jpg,ruokolahti,ruokolahti_dji_0080,175,train,1
/workspace/Boreal-Forest-Fire/Boreal-Forest-Fire-Subset-A/Ruokolahti-Images/ruokolahti_DJI_0080_frame176.jpg,ruokolahti,ruokolahti_dji_0080,176,train,1
/workspace/Boreal-Forest-Fire/Boreal-Forest-Fire-Subset-A/Ruokolahti-Images/ruokolahti_DJI_0080_frame177.jpg,ruokolahti,ruokolahti_dji_0080,177,train,1
/workspace/Boreal-Forest-Fire/Boreal-Forest-Fire-Subset-A/Ruokolahti-Images/ruokolahti_DJI_0080_frame178.jpg,ruokolahti,ruokolahti_dji_0080,178,train,1
/workspace/Boreal-Forest-Fire/Boreal-Forest-Fire-Subset-A/Ruokolahti-Images/ruokolahti_DJI_0080_frame179.jpg,ruokolahti,ruokolahti_dji_0080,179,train,1
/workspace/Boreal-Forest-Fire/Boreal-Forest-Fire-Subset-A/Ruokolahti-Images/ruokolahti_DJI_0080_frame18.jpg,ruokolahti,ruokolahti_dji_0080,18,train,1
/workspace/Boreal-Forest-Fire/Boreal-Forest-Fire-Subset-A/Ruokolahti-Images/ruokolahti_DJI_0080_frame180.jpg,ruokolahti,ruokolahti_dji_0080,180,train,1
/workspace/Boreal-Forest-Fire/Boreal-Forest-Fire-Subset-A/Ruokolahti-Images/ruokolahti_DJI_0080_frame181.jpg,ruokolahti,ruokolahti_dji_0080,181,train,1
/workspace/Boreal-Forest-Fire/Boreal-Forest-Fire-Subset-A/Ruokolahti-Images/ruokolahti_DJI_0080_frame182.jpg,ruokolahti,ruokolahti_dji_0080,182,train,1
/workspace/Boreal-Forest-Fire/Boreal-Forest-Fire-Subset-A/Ruokolahti-Images/ruokolahti_DJI_0080_frame183.jpg,ruokolahti,ruokolahti_dji_0080,183,train,1
/workspace/Boreal-Forest-Fire/Boreal-Forest-Fire-Subset-A/Ruokolahti-Images/ruokolahti_DJI_0080_frame184.jpg,ruokolahti,ruokolahti_dji_0080,184,train,1
/workspace/Boreal-Forest-Fire/Boreal-Forest-Fire-Subset-A/Ruokolahti-Images/ruokolahti_DJI_0080_frame185.jpg,ruokolahti,ruokolahti_dji_0080,185,train,1
/workspace/Boreal-Forest-Fire/Boreal-Forest-Fire-Subset-A/Ruokolahti-Images/ruokolahti_DJI_0080_frame186.jpg,ruokolahti,ruokolahti_dji_0080,186,train,1
/workspace/Boreal-Forest-Fire/Boreal-Forest-Fire-Subset-A/Ruokolahti-Images/ruokolahti_DJI_0080_frame187.jpg,ruokolahti,ruokolahti_dji_0080,187,train,1
/workspace/Boreal-Forest-Fire/Boreal-Forest-Fire-Subset-A/Ruokolahti-Images/ruokolahti_DJI_0080_frame188.jpg,ruokolahti,ruokolahti_dji_0080,188,train,1
/workspace/Boreal-Forest-Fire/Boreal-Forest-Fire-Subset-A/Ruokolahti-Images/ruokolahti_DJI_0080_frame189.jpg,ruokolahti,ruokolahti_dji_0080,189,train,1
/workspace/Boreal-Forest-Fire/Boreal-Forest-Fire-Subset-A/Ruokolahti-Images/ruokolahti_DJI_0080_frame19.jpg,ruokolahti,ruokolahti_dji_0080,19,train,1
/workspace/Boreal-Forest-Fire/Boreal-Forest-Fire-Subset-A/Ruokolahti-Images/ruokolahti_DJI_0080_frame190.jpg,ruokolahti,ruokolahti_dji_0080,190,train,1
/workspace/Boreal-Forest-Fire/Boreal-Forest-Fire-Subset-A/Ruokolahti-Images/ruokolahti_DJI_0080_frame191.jpg,ruokolahti,ruokolahti_dji_0080,191,train,1
/workspace/Boreal-Forest-Fire/Boreal-Forest-Fire-Subset-A/Ruokolahti-Images/ruokolahti_DJI_0080_frame192.jpg,ruokolahti,ruokolahti_dji_0080,192,train,1
/workspace/Boreal-Forest-Fire/Boreal-Forest-Fire-Subset-A/Ruokolahti-Images/ruokolahti_DJI_0080_frame193.jpg,ruokolahti,ruokolahti_dji_0080,193,train,1
/workspace/Boreal-Forest-Fire/Boreal-Forest-Fire-Subset-A/Ruokolahti-Images/ruokolahti_DJI_0080_frame194.jpg,ruokolahti,ruokolahti_dji_0080,194,train,1
/workspace/Boreal-Forest-Fire/Boreal-Forest-Fire-Subset-A/Ruokolahti-Images/ruokolahti_DJI_0080_frame195.jpg,ruokolahti,ruokolahti_dji_0080,195,train,1
/workspace/Boreal-Forest-Fire/Boreal-Forest-Fire-Subset-A/Ruokolahti-Images/ruokolahti_DJI_0080_frame196.jpg,ruokolahti,ruokolahti_dji_0080,196,train,1
/workspace/Boreal-Forest-Fire/Boreal-Forest-Fire-Subset-A/Ruokolahti-Images/ruokolahti_DJI_0080_frame197.jpg,ruokolahti,ruokolahti_dji_0080,197,train,1
/workspace/Boreal-Forest-Fire/Boreal-Forest-Fire-Subset-A/Ruokolahti-Images/ruokolahti_DJI_0080_frame198.jpg,ruokolahti,ruokolahti_dji_0080,198,train,1
/workspace/Boreal-Forest-Fire/Boreal-Forest-Fire-Subset-A/Ruokolahti-Images/ruokolahti_DJI_0080_frame199.jpg,ruokolahti,ruokolahti_dji_0080,199,train,1
/workspace/Boreal-Forest-Fire/Boreal-Forest-Fire-Subset-A/Ruokolahti-Images/ruokolahti_DJI_0080_frame2.jpg,ruokolahti,ruokolahti_dji_0080,2,train,1
/workspace/Boreal-Forest-Fire/Boreal-Forest-Fire-Subset-A/Ruokolahti-Images/ruokolahti_DJI_0080_frame20.jpg,ruokolahti,ruokolahti_dji_0080,20,train,1
/workspace/Boreal-Forest-Fire/Boreal-Forest-Fire-Subset-A/Ruokolahti-Images/ruokolahti_DJI_0080_frame200.jpg,ruokolahti,ruokolahti_dji_0080,200,train,1
/workspace/Boreal-Forest-Fire/Boreal-Forest-Fire-Subset-A/Ruokolahti-Images/ruokolahti_DJI_0080_frame201.jpg,ruokolahti,ruokolahti_dji_0080,201,train,1
/workspace/Boreal-Forest-Fire/Boreal-Forest-Fire-Subset-A/Ruokolahti-Images/ruokolahti_DJI_0080_frame202.jpg,ruokolahti,ruokolahti_dji_0080,202,train,1
/workspace/Boreal-Forest-Fire/Boreal-Forest-Fire-Subset-A/Ruokolahti-Images/ruokolahti_DJI_0080_frame203.jpg,ruokolahti,ruokolahti_dji_0080,203,train,1
/workspace/Boreal-Forest-Fire/Boreal-Forest-Fire-Subset-A/Ruokolahti-Images/ruokolahti_DJI_0080_frame204.jpg,ruokolahti,ruokolahti_dji_0080,204,train,1
/workspace/Boreal-Forest-Fire/Boreal-Forest-Fire-Subset-A/Ruokolahti-Images/ruokolahti_DJI_0080_frame205.jpg,ruokolahti,ruokolahti_dji_0080,205,train,1
/workspace/Boreal-Forest-Fire/Boreal-Forest-Fire-Subset-A/Ruokolahti-Images/ruokolahti_DJI_0080_frame206.jpg,ruokolahti,ruokolahti_dji_0080,206,train,1
/workspace/Boreal-Forest-Fire/Boreal-Forest-Fire-Subset-A/Ruokolahti-Images/ruokolahti_DJI_0080_frame207.jpg,ruokolahti,ruokolahti_dji_0080,207,train,1
/workspace/Boreal-Forest-Fire/Boreal-Forest-Fire-Subset-A/Ruokolahti-Images/ruokolahti_DJI_0080_frame208.jpg,ruokolahti,ruokolahti_dji_0080,208,train,1
/workspace/Boreal-Forest-Fire/Boreal-Forest-Fire-Subset-A/Ruokolahti-Images/ruokolahti_DJI_0080_frame209.jpg,ruokolahti,ruokolahti_dji_0080,209,train,1
/workspace/Boreal-Forest-Fire/Boreal-Forest-Fire-Subset-A/Ruokolahti-Images/ruokolahti_DJI_0080_frame21.jpg,ruokolahti,ruokolahti_dji_0080,21,train,1
/workspace/Boreal-Forest-Fire/Boreal-Forest-Fire-Subset-A/Ruokolahti-Images/ruokolahti_DJI_0080_frame210.jpg,ruokolahti,ruokolahti_dji_0080,210,train,1
/workspace/Boreal-Forest-Fire/Boreal-Forest-Fire-Subset-A/Ruokolahti-Images/ruokolahti_DJI_0080_frame211.jpg,ruokolahti,ruokolahti_dji_0080,211,train,1
/workspace/Boreal-Forest-Fire/Boreal-Forest-Fire-Subset-A/Ruokolahti-Images/ruokolahti_DJI_0080_frame212.jpg,ruokolahti,ruokolahti_dji_0080,212,train,1
/workspace/Boreal-Forest-Fire/Boreal-Forest-Fire-Subset-A/Ruokolahti-Images/ruokolahti_DJI_0080_frame213.jpg,ruokolahti,ruokolahti_dji_0080,213,train,1
/workspace/Boreal-Forest-Fire/Boreal-Forest-Fire-Subset-A/Ruokolahti-Images/ruokolahti_DJI_0080_frame214.jpg,ruokolahti,ruokolahti_dji_0080,214,train,1
/workspace/Boreal-Forest-Fire/Boreal-Forest-Fire-Subset-A/Ruokolahti-Images/ruokolahti_DJI_0080_frame215.jpg,ruokolahti,ruokolahti_dji_0080,215,train,1
/workspace/Boreal-Forest-Fire/Boreal-Forest-Fire-Subset-A/Ruokolahti-Images/ruokolahti_DJI_0080_frame216.jpg,ruokolahti,ruokolahti_dji_0080,216,train,1
/workspace/Boreal-Forest-Fire/Boreal-Forest-Fire-Subset-A/Ruokolahti-Images/ruokolahti_DJI_0080_frame217.jpg,ruokolahti,ruokolahti_dji_0080,217,train,1
/workspace/Boreal-Forest-Fire/Boreal-Forest-Fire-Subset-A/Ruokolahti-Images/ruokolahti_DJI_0080_frame218.jpg,ruokolahti,ruokolahti_dji_0080,218,train,1
/workspace/Boreal-Forest-Fire/Boreal-Forest-Fire-Subset-A/Ruokolahti-Images/ruokolahti_DJI_0080_frame219.jpg,ruokolahti,ruokolahti_dji_0080,219,train,1
/workspace/Boreal-Forest-Fire/Boreal-Forest-Fire-Subset-A/Ruokolahti-Images/ruokolahti_DJI_0080_frame22.jpg,ruokolahti,ruokolahti_dji_0080,22,train,1
/workspace/Boreal-Forest-Fire/Boreal-Forest-Fire-Subset-A/Ruokolahti-Images/ruokolahti_DJI_0080_frame220.jpg,ruokolahti,ruokolahti_dji_0080,220,train,1
/workspace/Boreal-Forest-Fire/Boreal-Forest-Fire-Subset-A/Ruokolahti-Images/ruokolahti_DJI_0080_frame221.jpg,ruokolahti,ruokolahti_dji_0080,221,train,1
/workspace/Boreal-Forest-Fire/Boreal-Forest-Fire-Subset-A/Ruokolahti-Images/ruokolahti_DJI_0080_frame222.jpg,ruokolahti,ruokolahti_dji_0080,222,train,1
/workspace/Boreal-Forest-Fire/Boreal-Forest-Fire-Subset-A/Ruokolahti-Images/ruokolahti_DJI_0080_frame223.jpg,ruokolahti,ruokolahti_dji_0080,223,train,1
/workspace/Boreal-Forest-Fire/Boreal-Forest-Fire-Subset-A/Ruokolahti-Images/ruokolahti_DJI_0080_frame224.jpg,ruokolahti,ruokolahti_dji_0080,224,train,1
/workspace/Boreal-Forest-Fire/Boreal-Forest-Fire-Subset-A/Ruokolahti-Images/ruokolahti_DJI_0080_frame225.jpg,ruokolahti,ruokolahti_dji_0080,225,train,1
/workspace/Boreal-Forest-Fire/Boreal-Forest-Fire-Subset-A/Ruokolahti-Images/ruokolahti_DJI_0080_frame226.jpg,ruokolahti,ruokolahti_dji_0080,226,train,1
/workspace/Boreal-Forest-Fire/Boreal-Forest-Fire-Subset-A/Ruokolahti-Images/ruokolahti_DJI_0080_frame227.jpg,ruokolahti,ruokolahti_dji_0080,227,train,1
/workspace/Boreal-Forest-Fire/Boreal-Forest-Fire-Subset-A/Ruokolahti-Images/ruokolahti_DJI_0080_frame228.jpg,ruokolahti,ruokolahti_dji_0080,228,train,1
/workspace/Boreal-Forest-Fire/Boreal-Forest-Fire-Subset-A/Ruokolahti-Images/ruokolahti_DJI_0080_frame229.jpg,ruokolahti,ruokolahti_dji_0080,229,train,1
/workspace/Boreal-Forest-Fire/Boreal-Forest-Fire-Subset-A/Ruokolahti-Images/ruokolahti_DJI_0080_frame23.jpg,ruokolahti,ruokolahti_dji_0080,23,train,1
/workspace/Boreal-Forest-Fire/Boreal-Forest-Fire-Subset-A/Ruokolahti-Images/ruokolahti_DJI_0080_frame230.jpg,ruokolahti,ruokolahti_dji_0080,230,train,1
/workspace/Boreal-Forest-Fire/Boreal-Forest-Fire-Subset-A/Ruokolahti-Images/ruokolahti_DJI_0080_frame231.jpg,ruokolahti,ruokolahti_dji_0080,231,train,1
/workspace/Boreal-Forest-Fire/Boreal-Forest-Fire-Subset-A/Ruokolahti-Images/ruokolahti_DJI_0080_frame232.jpg,ruokolahti,ruokolahti_dji_0080,232,train,1
/workspace/Boreal-Forest-Fire/Boreal-Forest-Fire-Subset-A/Ruokolahti-Images/ruokolahti_DJI_0080_frame233.jpg,ruokolahti,ruokolahti_dji_0080,233,train,1
/workspace/Boreal-Forest-Fire/Boreal-Forest-Fire-Subset-A/Ruokolahti-Images/ruokolahti_DJI_0080_frame234.jpg,ruokolahti,ruokolahti_dji_0080,234,train,1
/workspace/Boreal-Forest-Fire/Boreal-Forest-Fire-Subset-A/Ruokolahti-Images/ruokolahti_DJI_0080_frame235.jpg,ruokolahti,ruokolahti_dji_0080,235,train,1
/workspace/Boreal-Forest-Fire/Boreal-Forest-Fire-Subset-A/Ruokolahti-Images/ruokolahti_DJI_0080_frame236.jpg,ruokolahti,ruokolahti_dji_0080,236,train,1
/workspace/Boreal-Forest-Fire/Boreal-Forest-Fire-Subset-A/Ruokolahti-Images/ruokolahti_DJI_0080_frame237.jpg,ruokolahti,ruokolahti_dji_0080,237,train,1
/workspace/Boreal-Forest-Fire/Boreal-Forest-Fire-Subset-A/Ruokolahti-Images/ruokolahti_DJI_0080_frame238.jpg,ruokolahti,ruokolahti_dji_0080,238,train,1
/workspace/Boreal-Forest-Fire/Boreal-Forest-Fire-Subset-A/Ruokolahti-Images/ruokolahti_DJI_0080_frame239.jpg,ruokolahti,ruokolahti_dji_0080,239,train,1
/workspace/Boreal-Forest-Fire/Boreal-Forest-Fire-Subset-A/Ruokolahti-Images/ruokolahti_DJI_0080_frame24.jpg,ruokolahti,ruokolahti_dji_0080,24,train,1
/workspace/Boreal-Forest-Fire/Boreal-Forest-Fire-Subset-A/Ruokolahti-Images/ruokolahti_DJI_0080_frame240.jpg,ruokolahti,ruokolahti_dji_0080,240,train,1
/workspace/Boreal-Forest-Fire/Boreal-Forest-Fire-Subset-A/Ruokolahti-Images/ruokolahti_DJI_0080_frame241.jpg,ruokolahti,ruokolahti_dji_0080,241,train,1
/workspace/Boreal-Forest-Fire/Boreal-Forest-Fire-Subset-A/Ruokolahti-Images/ruokolahti_DJI_0080_frame242.jpg,ruokolahti,ruokolahti_dji_0080,242,train,1
/workspace/Boreal-Forest-Fire/Boreal-Forest-Fire-Subset-A/Ruokolahti-Images/ruokolahti_DJI_0080_frame243.jpg,ruokolahti,ruokolahti_dji_0080,243,train,1
/workspace/Boreal-Forest-Fire/Boreal-Forest-Fire-Subset-A/Ruokolahti-Images/ruokolahti_DJI_0080_frame244.jpg,ruokolahti,ruokolahti_dji_0080,244,train,1
/workspace/Boreal-Forest-Fire/Boreal-Forest-Fire-Subset-A/Ruokolahti-Images/ruokolahti_DJI_0080_frame245.jpg,ruokolahti,ruokolahti_dji_0080,245,train,1
/workspace/Boreal-Forest-Fire/Boreal-Forest-Fire-Subset-A/Ruokolahti-Images/ruokolahti_DJI_0080_frame246.jpg,ruokolahti,ruokolahti_dji_0080,246,train,1
/workspace/Boreal-Forest-Fire/Boreal-Forest-Fire-Subset-A/Ruokolahti-Images/ruokolahti_DJI_0080_frame247.jpg,ruokolahti,ruokolahti_dji_0080,247,train,1
/workspace/Boreal-Forest-Fire/Boreal-Forest-Fire-Subset-A/Ruokolahti-Images/ruokolahti_DJI_0080_frame248.jpg,ruokolahti,ruokolahti_dji_0080,248,train,1
/workspace/Boreal-Forest-Fire/Boreal-Forest-Fire-Subset-A/Ruokolahti-Images/ruokolahti_DJI_0080_frame249.jpg,ruokolahti,ruokolahti_dji_0080,249,train,1
/workspace/Boreal-Forest-Fire/Boreal-Forest-Fire-Subset-A/Ruokolahti-Images/ruokolahti_DJI_0080_frame25.jpg,ruokolahti,ruokolahti_dji_0080,25,train,1
/workspace/Boreal-Forest-Fire/Boreal-Forest-Fire-Subset-A/Ruokolahti-Images/ruokolahti_DJI_0080_frame250.jpg,ruokolahti,ruokolahti_dji_0080,250,train,1
/workspace/Boreal-Forest-Fire/Boreal-Forest-Fire-Subset-A/Ruokolahti-Images/ruokolahti_DJI_0080_frame251.jpg,ruokolahti,ruokolahti_dji_0080,251,train,1
/workspace/Boreal-Forest-Fire/Boreal-Forest-Fire-Subset-A/Ruokolahti-Images/ruokolahti_DJI_0080_frame252.jpg,ruokolahti,ruokolahti_dji_0080,252,train,11
/workspace/Boreal-Forest-Fire/Boreal-Forest-Fire-Subset-A/Ruokolahti-Images/ruokolahti_DJI_0080_frame253.jpg,ruokolahti,ruokolahti_dji_0080,253,train,1
/workspace/Boreal-Forest-Fire/Boreal-Forest-Fire-Subset-A/Ruokolahti-Images/ruokolahti_DJI_0080_frame254.jpg,ruokolahti,ruokolahti_dji_0080,254,train,1
/workspace/Boreal-Forest-Fire/Boreal-Forest-Fire-Subset-A/Ruokolahti-Images/ruokolahti_DJI_0080_frame255.jpg,ruokolahti,ruokolahti_dji_0080,255,train,1
/workspace/Boreal-Forest-Fire/Boreal-Forest-Fire-Subset-A/Ruokolahti-Images/ruokolahti_DJI_0080_frame256.jpg,ruokolahti,ruokolahti_dji_0080,256,train,1
/workspace/Boreal-Forest-Fire/Boreal-Forest-Fire-Subset-A/Ruokolahti-Images/ruokolahti_DJI_0080_frame257.jpg,ruokolahti,ruokolahti_dji_0080,257,train,1
/workspace/Boreal-Forest-Fire/Boreal-Forest-Fire-Subset-A/Ruokolahti-Images/ruokolahti_DJI_0080_frame258.jpg,ruokolahti,ruokolahti_dji_0080,258,train,1
/workspace/Boreal-Forest-Fire/Boreal-Forest-Fire-Subset-A/Ruokolahti-Images/ruokolahti_DJI_0080_frame259.jpg,ruokolahti,ruokolahti_dji_0080,259,train,1
/workspace/Boreal-Forest-Fire/Boreal-Forest-Fire-Subset-A/Ruokolahti-Images/ruokolahti_DJI_0080_frame26.jpg,ruokolahti,ruokolahti_dji_0080,26,train,1
/workspace/Boreal-Forest-Fire/Boreal-Forest-Fire-Subset-A/Ruokolahti-Images/ruokolahti_DJI_0080_frame260.jpg,ruokolahti,ruokolahti_dji_0080,260,train,7
/workspace/Boreal-Forest-Fire/Boreal-Forest-Fire-Subset-A/Ruokolahti-Images/ruokolahti_DJI_0080_frame261.jpg,ruokolahti,ruokolahti_dji_0080,261,train,1
/workspace/Boreal-Forest-Fire/Boreal-Forest-Fire-Subset-A/Ruokolahti-Images/ruokolahti_DJI_0080_frame262.jpg,ruokolahti,ruokolahti_dji_0080,262,train,1
/workspace/Boreal-Forest-Fire/Boreal-Forest-Fire-Subset-A/Ruokolahti-Images/ruokolahti_DJI_0080_frame263.jpg,ruokolahti,ruokolahti_dji_0080,263,train,1
/workspace/Boreal-Forest-Fire/Boreal-Forest-Fire-Subset-A/Ruokolahti-Images/ruokolahti_DJI_0080_frame264.jpg,ruokolahti,ruokolahti_dji_0080,264,train,1
/workspace/Boreal-Forest-Fire/Boreal-Forest-Fire-Subset-A/Ruokolahti-Images/ruokolahti_DJI_0080_frame265.jpg,ruokolahti,ruokolahti_dji_0080,265,train,1
/workspace/Boreal-Forest-Fire/Boreal-Forest-Fire-Subset-A/Ruokolahti-Images/ruokolahti_DJI_0080_frame266.jpg,ruokolahti,ruokolahti_dji_0080,266,train,1
/workspace/Boreal-Forest-Fire/Boreal-Forest-Fire-Subset-A/Ruokolahti-Images/ruokolahti_DJI_0080_frame267.jpg,ruokolahti,ruokolahti_dji_0080,267,train,1
/workspace/Boreal-Forest-Fire/Boreal-Forest-Fire-Subset-A/Ruokolahti-Images/ruokolahti_DJI_0080_frame268.jpg,ruokolahti,ruokolahti_dji_0080,268,train,1
/workspace/Boreal-Forest-Fire/Boreal-Forest-Fire-Subset-A/Ruokolahti-Images/ruokolahti_DJI_0080_frame269.jpg,ruokolahti,ruokolahti_dji_0080,269,train,1
/workspace/Boreal-Forest-Fire/Boreal-Forest-Fire-Subset-A/Ruokolahti-Images/ruokolahti_DJI_0080_frame27.jpg,ruokolahti,ruokolahti_dji_0080,27,train,1
/workspace/Boreal-Forest-Fire/Boreal-Forest-Fire-Subset-A/Ruokolahti-Images/ruokolahti_DJI_0080_frame270.jpg,ruokolahti,ruokolahti_dji_0080,270,train,1
/workspace/Boreal-Forest-Fire/Boreal-Forest-Fire-Subset-A/Ruokolahti-Images/ruokolahti_DJI_0080_frame271.jpg,ruokolahti,ruokolahti_dji_0080,271,train,1
/workspace/Boreal-Forest-Fire/Boreal-Forest-Fire-Subset-A/Ruokolahti-Images/ruokolahti_DJI_0080_frame272.jpg,ruokolahti,ruokolahti_dji_0080,272,train,1
/workspace/Boreal-Forest-Fire/Boreal-Forest-Fire-Subset-A/Ruokolahti-Images/ruokolahti_DJI_0080_frame273.jpg,ruokolahti,ruokolahti_dji_0080,273,train,1
/workspace/Boreal-Forest-Fire/Boreal-Forest-Fire-Subset-A/Ruokolahti-Images/ruokolahti_DJI_0080_frame274.jpg,ruokolahti,ruokolahti_dji_0080,274,train,1
/workspace/Boreal-Forest-Fire/Boreal-Forest-Fire-Subset-A/Ruokolahti-Images/ruokolahti_DJI_0080_frame275.jpg,ruokolahti,ruokolahti_dji_0080,275,train,1
/workspace/Boreal-Forest-Fire/Boreal-Forest-Fire-Subset-A/Ruokolahti-Images/ruokolahti_DJI_0080_frame276.jpg,ruokolahti,ruokolahti_dji_0080,276,train,1
/workspace/Boreal-Forest-Fire/Boreal-Forest-Fire-Subset-A/Ruokolahti-Images/ruokolahti_DJI_0080_frame277.jpg,ruokolahti,ruokolahti_dji_0080,277,train,1
/workspace/Boreal-Forest-Fire/Boreal-Forest-Fire-Subset-A/Ruokolahti-Images/ruokolahti_DJI_0080_frame278.jpg,ruokolahti,ruokolahti_dji_0080,278,train,1
/workspace/Boreal-Forest-Fire/Boreal-Forest-Fire-Subset-A/Ruokolahti-Images/ruokolahti_DJI_0080_frame279.jpg,ruokolahti,ruokolahti_dji_0080,279,train,1
/workspace/Boreal-Forest-Fire/Boreal-Forest-Fire-Subset-A/Ruokolahti-Images/ruokolahti_DJI_0080_frame28.jpg,ruokolahti,ruokolahti_dji_0080,28,train,1
/workspace/Boreal-Forest-Fire/Boreal-Forest-Fire-Subset-A/Ruokolahti-Images/ruokolahti_DJI_0080_frame280.jpg,ruokolahti,ruokolahti_dji_0080,280,train,1
/workspace/Boreal-Forest-Fire/Boreal-Forest-Fire-Subset-A/Ruokolahti-Images/ruokolahti_DJI_0080_frame281.jpg,ruokolahti,ruokolahti_dji_0080,281,train,1
/workspace/Boreal-Forest-Fire/Boreal-Forest-Fire-Subset-A/Ruokolahti-Images/ruokolahti_DJI_0080_frame282.jpg,ruokolahti,ruokolahti_dji_0080,282,train,1
/workspace/Boreal-Forest-Fire/Boreal-Forest-Fire-Subset-A/Ruokolahti-Images/ruokolahti_DJI_0080_frame283.jpg,ruokolahti,ruokolahti_dji_0080,283,train,1
/workspace/Boreal-Forest-Fire/Boreal-Forest-Fire-Subset-A/Ruokolahti-Images/ruokolahti_DJI_0080_frame284.jpg,ruokolahti,ruokolahti_dji_0080,284,train,1
/workspace/Boreal-Forest-Fire/Boreal-Forest-Fire-Subset-A/Ruokolahti-Images/ruokolahti_DJI_0080_frame285.jpg,ruokolahti,ruokolahti_dji_0080,285,train,1
/workspace/Boreal-Forest-Fire/Boreal-Forest-Fire-Subset-A/Ruokolahti-Images/ruokolahti_DJI_0080_frame286.jpg,ruokolahti,ruokolahti_dji_0080,286,train,1
/workspace/Boreal-Forest-Fire/Boreal-Forest-Fire-Subset-A/Ruokolahti-Images/ruokolahti_DJI_0080_frame287.jpg,ruokolahti,ruokolahti_dji_0080,287,train,1
/workspace/Boreal-Forest-Fire/Boreal-Forest-Fire-Subset-A/Ruokolahti-Images/ruokolahti_DJI_0080_frame288.jpg,ruokolahti,ruokolahti_dji_0080,288,train,1
/workspace/Boreal-Forest-Fire/Boreal-Forest-Fire-Subset-A/Ruokolahti-Images/ruokolahti_DJI_0080_frame289.jpg,ruokolahti,ruokolahti_dji_0080,289,train,1
/workspace/Boreal-Forest-Fire/Boreal-Forest-Fire-Subset-A/Ruokolahti-Images/ruokolahti_DJI_0080_frame29.jpg,ruokolahti,ruokolahti_dji_0080,29,train,1
/workspace/Boreal-Forest-Fire/Boreal-Forest-Fire-Subset-A/Ruokolahti-Images/ruokolahti_DJI_0080_frame290.jpg,ruokolahti,ruokolahti_dji_0080,290,train,1
/workspace/Boreal-Forest-Fire/Boreal-Forest-Fire-Subset-A/Ruokolahti-Images/ruokolahti_DJI_0080_frame291.jpg,ruokolahti,ruokolahti_dji_0080,291,train,1
/workspace/Boreal-Forest-Fire/Boreal-Forest-Fire-Subset-A/Ruokolahti-Images/ruokolahti_DJI_0080_frame292.jpg,ruokolahti,ruokolahti_dji_0080,292,train,1
/workspace/Boreal-Forest-Fire/Boreal-Forest-Fire-Subset-A/Ruokolahti-Images/ruokolahti_DJI_0080_frame293.jpg,ruokolahti,ruokolahti_dji_0080,293,train,1
/workspace/Boreal-Forest-Fire/Boreal-Forest-Fire-Subset-A/Ruokolahti-Images/ruokolahti_DJI_0080_frame294.jpg,ruokolahti,ruokolahti_dji_0080,294,train,11
/workspace/Boreal-Forest-Fire/Boreal-Forest-Fire-Subset-A/Ruokolahti-Images/ruokolahti_DJI_0080_frame295.jpg,ruokolahti,ruokolahti_dji_0080,295,train,1
/workspace/Boreal-Forest-Fire/Boreal-Forest-Fire-Subset-A/Ruokolahti-Images/ruokolahti_DJI_0080_frame296.jpg,ruokolahti,ruokolahti_dji_0080,296,train,1
/workspace/Boreal-Forest-Fire/Boreal-Forest-Fire-Subset-A/Ruokolahti-Images/ruokolahti_DJI_0080_frame297.jpg,ruokolahti,ruokolahti_dji_0080,297,train,1
/workspace/Boreal-Forest-Fire/Boreal-Forest-Fire-Subset-A/Ruokolahti-Images/ruokolahti_DJI_0080_frame298.jpg,ruokolahti,ruokolahti_dji_0080,298,train,1
/workspace/Boreal-Forest-Fire/Boreal-Forest-Fire-Subset-A/Ruokolahti-Images/ruokolahti_DJI_0080_frame299.jpg,ruokolahti,ruokolahti_dji_0080,299,train,1
/workspace/Boreal-Forest-Fire/Boreal-Forest-Fire-Subset-A/Ruokolahti-Images/ruokolahti_DJI_0080_frame3.jpg,ruokolahti,ruokolahti_dji_0080,3,train,1
/workspace/Boreal-Forest-Fire/Boreal-Forest-Fire-Subset-A/Ruokolahti-Images/ruokolahti_DJI_0080_frame30.jpg,ruokolahti,ruokolahti_dji_0080,30,train,1
/workspace/Boreal-Forest-Fire/Boreal-Forest-Fire-Subset-A/Ruokolahti-Images/ruokolahti_DJI_0080_frame300.jpg,ruokolahti,ruokolahti_dji_0080,300,train,9
/workspace/Boreal-Forest-Fire/Boreal-Forest-Fire-Subset-A/Ruokolahti-Images/ruokolahti_DJI_0080_frame301.jpg,ruokolahti,ruokolahti_dji_0080,301,train,1
/workspace/Boreal-Forest-Fire/Boreal-Forest-Fire-Subset-A/Ruokolahti-Images/ruokolahti_DJI_0080_frame302.jpg,ruokolahti,ruokolahti_dji_0080,302,train,8
/workspace/Boreal-Forest-Fire/Boreal-Forest-Fire-Subset-A/Ruokolahti-Images/ruokolahti_DJI_0080_frame303.jpg,ruokolahti,ruokolahti_dji_0080,303,train,1
/workspace/Boreal-Forest-Fire/Boreal-Forest-Fire-Subset-A/Ruokolahti-Images/ruokolahti_DJI_0080_frame304.jpg,ruokolahti,ruokolahti_dji_0080,304,train,1
/workspace/Boreal-Forest-Fire/Boreal-Forest-Fire-Subset-A/Ruokolahti-Images/ruokolahti_DJI_0080_frame305.jpg,ruokolahti,ruokolahti_dji_0080,305,train,1
/workspace/Boreal-Forest-Fire/Boreal-Forest-Fire-Subset-A/Ruokolahti-Images/ruokolahti_DJI_0080_frame306.jpg,ruokolahti,ruokolahti_dji_0080,306,train,1
/workspace/Boreal-Forest-Fire/Boreal-Forest-Fire-Subset-A/Ruokolahti-Images/ruokolahti_DJI_0080_frame307.jpg,ruokolahti,ruokolahti_dji_0080,307,train,1
/workspace/Boreal-Forest-Fire/Boreal-Forest-Fire-Subset-A/Ruokolahti-Images/ruokolahti_DJI_0080_frame308.jpg,ruokolahti,ruokolahti_dji_0080,308,train,1
/workspace/Boreal-Forest-Fire/Boreal-Forest-Fire-Subset-A/Ruokolahti-Images/ruokolahti_DJI_0080_frame309.jpg,ruokolahti,ruokolahti_dji_0080,309,train,1
/workspace/Boreal-Forest-Fire/Boreal-Forest-Fire-Subset-A/Ruokolahti-Images/ruokolahti_DJI_0080_frame31.jpg,ruokolahti,ruokolahti_dji_0080,31,train,1
/workspace/Boreal-Forest-Fire/Boreal-Forest-Fire-Subset-A/Ruokolahti-Images/ruokolahti_DJI_0080_frame310.jpg,ruokolahti,ruokolahti_dji_0080,310,train,1
/workspace/Boreal-Forest-Fire/Boreal-Forest-Fire-Subset-A/Ruokolahti-Images/ruokolahti_DJI_0080_frame311.jpg,ruokolahti,ruokolahti_dji_0080,311,train,1
/workspace/Boreal-Forest-Fire/Boreal-Forest-Fire-Subset-A/Ruokolahti-Images/ruokolahti_DJI_0080_frame312.jpg,ruokolahti,ruokolahti_dji_0080,312,train,1
/workspace/Boreal-Forest-Fire/Boreal-Forest-Fire-Subset-A/Ruokolahti-Images/ruokolahti_DJI_0080_frame313.jpg,ruokolahti,ruokolahti_dji_0080,313,train,1
/workspace/Boreal-Forest-Fire/Boreal-Forest-Fire-Subset-A/Ruokolahti-Images/ruokolahti_DJI_0080_frame314.jpg,ruokolahti,ruokolahti_dji_0080,314,train,1
/workspace/Boreal-Forest-Fire/Boreal-Forest-Fire-Subset-A/Ruokolahti-Images/ruokolahti_DJI_0080_frame315.jpg,ruokolahti,ruokolahti_dji_0080,315,train,1
/workspace/Boreal-Forest-Fire/Boreal-Forest-Fire-Subset-A/Ruokolahti-Images/ruokolahti_DJI_0080_frame316.jpg,ruokolahti,ruokolahti_dji_0080,316,train,1
/workspace/Boreal-Forest-Fire/Boreal-Forest-Fire-Subset-A/Ruokolahti-Images/ruokolahti_DJI_0080_frame317.jpg,ruokolahti,ruokolahti_dji_0080,317,train,1
/workspace/Boreal-Forest-Fire/Boreal-Forest-Fire-Subset-A/Ruokolahti-Images/ruokolahti_DJI_0080_frame318.jpg,ruokolahti,ruokolahti_dji_0080,318,train,1
/workspace/Boreal-Forest-Fire/Boreal-Forest-Fire-Subset-A/Ruokolahti-Images/ruokolahti_DJI_0080_frame319.jpg,ruokolahti,ruokolahti_dji_0080,319,train,1
/workspace/Boreal-Forest-Fire/Boreal-Forest-Fire-Subset-A/Ruokolahti-Images/ruokolahti_DJI_0080_frame32.jpg,ruokolahti,ruokolahti_dji_0080,32,train,1
/workspace/Boreal-Forest-Fire/Boreal-Forest-Fire-Subset-A/Ruokolahti-Images/ruokolahti_DJI_0080_frame320.jpg,ruokolahti,ruokolahti_dji_0080,320,train,1
/workspace/Boreal-Forest-Fire/Boreal-Forest-Fire-Subset-A/Ruokolahti-Images/ruokolahti_DJI_0080_frame321.jpg,ruokolahti,ruokolahti_dji_0080,321,train,1
/workspace/Boreal-Forest-Fire/Boreal-Forest-Fire-Subset-A/Ruokolahti-Images/ruokolahti_DJI_0080_frame322.jpg,ruokolahti,ruokolahti_dji_0080,322,train,1
/workspace/Boreal-Forest-Fire/Boreal-Forest-Fire-Subset-A/Ruokolahti-Images/ruokolahti_DJI_0080_frame323.jpg,ruokolahti,ruokolahti_dji_0080,323,train,1
/workspace/Boreal-Forest-Fire/Boreal-Forest-Fire-Subset-A/Ruokolahti-Images/ruokolahti_DJI_0080_frame324.jpg,ruokolahti,ruokolahti_dji_0080,324,train,1
/workspace/Boreal-Forest-Fire/Boreal-Forest-Fire-Subset-A/Ruokolahti-Images/ruokolahti_DJI_0080_frame325.jpg,ruokolahti,ruokolahti_dji_0080,325,train,1
/workspace/Boreal-Forest-Fire/Boreal-Forest-Fire-Subset-A/Ruokolahti-Images/ruokolahti_DJI_0080_frame326.jpg,ruokolahti,ruokolahti_dji_0080,326,train,1
/workspace/Boreal-Forest-Fire/Boreal-Forest-Fire-Subset-A/Ruokolahti-Images/ruokolahti_DJI_0080_frame327.jpg,ruokolahti,ruokolahti_dji_0080,327,train,1
/workspace/Boreal-Forest-Fire/Boreal-Forest-Fire-Subset-A/Ruokolahti-Images/ruokolahti_DJI_0080_frame328.jpg,ruokolahti,ruokolahti_dji_0080,328,train,1
/workspace/Boreal-Forest-Fire/Boreal-Forest-Fire-Subset-A/Ruokolahti-Images/ruokolahti_DJI_0080_frame329.jpg,ruokolahti,ruokolahti_dji_0080,329,train,1
/workspace/Boreal-Forest-Fire/Boreal-Forest-Fire-Subset-A/Ruokolahti-Images/ruokolahti_DJI_0080_frame33.jpg,ruokolahti,ruokolahti_dji_0080,33,train,1
/workspace/Boreal-Forest-Fire/Boreal-Forest-Fire-Subset-A/Ruokolahti-Images/ruokolahti_DJI_0080_frame330.jpg,ruokolahti,ruokolahti_dji_0080,330,train,1
/workspace/Boreal-Forest-Fire/Boreal-Forest-Fire-Subset-A/Ruokolahti-Images/ruokolahti_DJI_0080_frame331.jpg,ruokolahti,ruokolahti_dji_0080,331,train,1
/workspace/Boreal-Forest-Fire/Boreal-Forest-Fire-Subset-A/Ruokolahti-Images/ruokolahti_DJI_0080_frame332.jpg,ruokolahti,ruokolahti_dji_0080,332,train,1
/workspace/Boreal-Forest-Fire/Boreal-Forest-Fire-Subset-A/Ruokolahti-Images/ruokolahti_DJI_0080_frame333.jpg,ruokolahti,ruokolahti_dji_0080,333,train,1
/workspace/Boreal-Forest-Fire/Boreal-Forest-Fire-Subset-A/Ruokolahti-Images/ruokolahti_DJI_0080_frame334.jpg,ruokolahti,ruokolahti_dji_0080,334,train,1
/workspace/Boreal-Forest-Fire/Boreal-Forest-Fire-Subset-A/Ruokolahti-Images/ruokolahti_DJI_0080_frame335.jpg,ruokolahti,ruokolahti_dji_0080,335,train,1
/workspace/Boreal-Forest-Fire/Boreal-Forest-Fire-Subset-A/Ruokolahti-Images/ruokolahti_DJI_0080_frame336.jpg,ruokolahti,ruokolahti_dji_0080,336,train,1
/workspace/Boreal-Forest-Fire/Boreal-Forest-Fire-Subset-A/Ruokolahti-Images/ruokolahti_DJI_0080_frame337.jpg,ruokolahti,ruokolahti_dji_0080,337,train,1
/workspace/Boreal-Forest-Fire/Boreal-Forest-Fire-Subset-A/Ruokolahti-Images/ruokolahti_DJI_0080_frame338.jpg,ruokolahti,ruokolahti_dji_0080,338,train,1
/workspace/Boreal-Forest-Fire/Boreal-Forest-Fire-Subset-A/Ruokolahti-Images/ruokolahti_DJI_0080_frame339.jpg,ruokolahti,ruokolahti_dji_0080,339,train,1
/workspace/Boreal-Forest-Fire/Boreal-Forest-Fire-Subset-A/Ruokolahti-Images/ruokolahti_DJI_0080_frame34.jpg,ruokolahti,ruokolahti_dji_0080,34,train,1
/workspace/Boreal-Forest-Fire/Boreal-Forest-Fire-Subset-A/Ruokolahti-Images/ruokolahti_DJI_0080_frame340.jpg,ruokolahti,ruokolahti_dji_0080,340,train,1
/workspace/Boreal-Forest-Fire/Boreal-Forest-Fire-Subset-A/Ruokolahti-Images/ruokolahti_DJI_0080_frame35.jpg,ruokolahti,ruokolahti_dji_0080,35,train,1
/workspace/Boreal-Forest-Fire/Boreal-Forest-Fire-Subset-A/Ruokolahti-Images/ruokolahti_DJI_0080_frame36.jpg,ruokolahti,ruokolahti_dji_0080,36,train,1
/workspace/Boreal-Forest-Fire/Boreal-Forest-Fire-Subset-A/Ruokolahti-Images/ruokolahti_DJI_0080_frame37.jpg,ruokolahti,ruokolahti_dji_0080,37,train,1
/workspace/Boreal-Forest-Fire/Boreal-Forest-Fire-Subset-A/Ruokolahti-Images/ruokolahti_DJI_0080_frame38.jpg,ruokolahti,ruokolahti_dji_0080,38,train,1
/workspace/Boreal-Forest-Fire/Boreal-Forest-Fire-Subset-A/Ruokolahti-Images/ruokolahti_DJI_0080_frame39.jpg,ruokolahti,ruokolahti_dji_0080,39,train,1
/workspace/Boreal-Forest-Fire/Boreal-Forest-Fire-Subset-A/Ruokolahti-Images/ruokolahti_DJI_0080_frame4.jpg,ruokolahti,ruokolahti_dji_0080,4,train,1
/workspace/Boreal-Forest-Fire/Boreal-Forest-Fire-Subset-A/Ruokolahti-Images/ruokolahti_DJI_0080_frame40.jpg,ruokolahti,ruokolahti_dji_0080,40,train,1
/workspace/Boreal-Forest-Fire/Boreal-Forest-Fire-Subset-A/Ruokolahti-Images/ruokolahti_DJI_0080_frame41.jpg,ruokolahti,ruokolahti_dji_0080,41,train,1
/workspace/Boreal-Forest-Fire/Boreal-Forest-Fire-Subset-A/Ruokolahti-Images/ruokolahti_DJI_0080_frame42.jpg,ruokolahti,ruokolahti_dji_0080,42,train,1
/workspace/Boreal-Forest-Fire/Boreal-Forest-Fire-Subset-A/Ruokolahti-Images/ruokolahti_DJI_0080_frame43.jpg,ruokolahti,ruokolahti_dji_0080,43,train,1
/workspace/Boreal-Forest-Fire/Boreal-Forest-Fire-Subset-A/Ruokolahti-Images/ruokolahti_DJI_0080_frame44.jpg,ruokolahti,ruokolahti_dji_0080,44,train,1
/workspace/Boreal-Forest-Fire/Boreal-Forest-Fire-Subset-A/Ruokolahti-Images/ruokolahti_DJI_0080_frame45.jpg,ruokolahti,ruokolahti_dji_0080,45,train,1
/workspace/Boreal-Forest-Fire/Boreal-Forest-Fire-Subset-A/Ruokolahti-Images/ruokolahti_DJI_0080_frame46.jpg,ruokolahti,ruokolahti_dji_0080,46,train,1
/workspace/Boreal-Forest-Fire/Boreal-Forest-Fire-Subset-A/Ruokolahti-Images/ruokolahti_DJI_0080_frame47.jpg,ruokolahti,ruokolahti_dji_0080,47,train,1
/workspace/Boreal-Forest-Fire/Boreal-Forest-Fire-Subset-A/Ruokolahti-Images/ruokolahti_DJI_0080_frame48.jpg,ruokolahti,ruokolahti_dji_0080,48,train,1
/workspace/Boreal-Forest-Fire/Boreal-Forest-Fire-Subset-A/Ruokolahti-Images/ruokolahti_DJI_0080_frame49.jpg,ruokolahti,ruokolahti_dji_0080,49,train,1
/workspace/Boreal-Forest-Fire/Boreal-Forest-Fire-Subset-A/Ruokolahti-Images/ruokolahti_DJI_0080_frame5.jpg,ruokolahti,ruokolahti_dji_0080,5,train,1
/workspace/Boreal-Forest-Fire/Boreal-Forest-Fire-Subset-A/Ruokolahti-Images/ruokolahti_DJI_0080_frame50.jpg,ruokolahti,ruokolahti_dji_0080,50,train,1
/workspace/Boreal-Forest-Fire/Boreal-Forest-Fire-Subset-A/Ruokolahti-Images/ruokolahti_DJI_0080_frame51.jpg,ruokolahti,ruokolahti_dji_0080,51,train,1
/workspace/Boreal-Forest-Fire/Boreal-Forest-Fire-Subset-A/Ruokolahti-Images/ruokolahti_DJI_0080_frame52.jpg,ruokolahti,ruokolahti_dji_0080,52,train,1
/workspace/Boreal-Forest-Fire/Boreal-Forest-Fire-Subset-A/Ruokolahti-Images/ruokolahti_DJI_0080_frame53.jpg,ruokolahti,ruokolahti_dji_0080,53,train,1
/workspace/Boreal-Forest-Fire/Boreal-Forest-Fire-Subset-A/Ruokolahti-Images/ruokolahti_DJI_0080_frame54.jpg,ruokolahti,ruokolahti_dji_0080,54,train,1
/workspace/Boreal-Forest-Fire/Boreal-Forest-Fire-Subset-A/Ruokolahti-Images/ruokolahti_DJI_0080_frame55.jpg,ruokolahti,ruokolahti_dji_0080,55,train,1
/workspace/Boreal-Forest-Fire/Boreal-Forest-Fire-Subset-A/Ruokolahti-Images/ruokolahti_DJI_0080_frame56.jpg,ruokolahti,ruokolahti_dji_0080,56,train,1
/workspace/Boreal-Forest-Fire/Boreal-Forest-Fire-Subset-A/Ruokolahti-Images/ruokolahti_DJI_0080_frame57.jpg,ruokolahti,ruokolahti_dji_0080,57,train,1
/workspace/Boreal-Forest-Fire/Boreal-Forest-Fire-Subset-A/Ruokolahti-Images/ruokolahti_DJI_0080_frame58.jpg,ruokolahti,ruokolahti_dji_0080,58,train,1
/workspace/Boreal-Forest-Fire/Boreal-Forest-Fire-Subset-A/Ruokolahti-Images/ruokolahti_DJI_0080_frame59.jpg,ruokolahti,ruokolahti_dji_0080,59,train,1
/workspace/Boreal-Forest-Fire/Boreal-Forest-Fire-Subset-A/Ruokolahti-Images/ruokolahti_DJI_0080_frame6.jpg,ruokolahti,ruokolahti_dji_0080,6,train,4
/workspace/Boreal-Forest-Fire/Boreal-Forest-Fire-Subset-A/Ruokolahti-Images/ruokolahti_DJI_0080_frame60.jpg,ruokolahti,ruokolahti_dji_0080,60,train,1
/workspace/Boreal-Forest-Fire/Boreal-Forest-Fire-Subset-A/Ruokolahti-Images/ruokolahti_DJI_0080_frame61.jpg,ruokolahti,ruokolahti_dji_0080,61,train,1
/workspace/Boreal-Forest-Fire/Boreal-Forest-Fire-Subset-A/Ruokolahti-Images/ruokolahti_DJI_0080_frame62.jpg,ruokolahti,ruokolahti_dji_0080,62,train,1
/workspace/Boreal-Forest-Fire/Boreal-Forest-Fire-Subset-A/Ruokolahti-Images/ruokolahti_DJI_0080_frame63.jpg,ruokolahti,ruokolahti_dji_0080,63,train,1
/workspace/Boreal-Forest-Fire/Boreal-Forest-Fire-Subset-A/Ruokolahti-Images/ruokolahti_DJI_0080_frame64.jpg,ruokolahti,ruokolahti_dji_0080,64,train,1
/workspace/Boreal-Forest-Fire/Boreal-Forest-Fire-Subset-A/Ruokolahti-Images/ruokolahti_DJI_0080_frame65.jpg,ruokolahti,ruokolahti_dji_0080,65,train,1
/workspace/Boreal-Forest-Fire/Boreal-Forest-Fire-Subset-A/Ruokolahti-Images/ruokolahti_DJI_0080_frame66.jpg,ruokolahti,ruokolahti_dji_0080,66,train,1
/workspace/Boreal-Forest-Fire/Boreal-Forest-Fire-Subset-A/Ruokolahti-Images/ruokolahti_DJI_0080_frame67.jpg,ruokolahti,ruokolahti_dji_0080,67,train,1
/workspace/Boreal-Forest-Fire/Boreal-Forest-Fire-Subset-A/Ruokolahti-Images/ruokolahti_DJI_0080_frame68.jpg,ruokolahti,ruokolahti_dji_0080,68,train,1
/workspace/Boreal-Forest-Fire/Boreal-Forest-Fire-Subset-A/Ruokolahti-Images/ruokolahti_DJI_0080_frame69.jpg,ruokolahti,ruokolahti_dji_0080,69,train,1
/workspace/Boreal-Forest-Fire/Boreal-Forest-Fire-Subset-A/Ruokolahti-Images/ruokolahti_DJI_0080_frame7.jpg,ruokolahti,ruokolahti_dji_0080,7,train,1
/workspace/Boreal-Forest-Fire/Boreal-Forest-Fire-Subset-A/Ruokolahti-Images/ruokolahti_DJI_0080_frame70.jpg,ruokolahti,ruokolahti_dji_0080,70,train,1
/workspace/Boreal-Forest-Fire/Boreal-Forest-Fire-Subset-A/Ruokolahti-Images/ruokolahti_DJI_0080_frame71.jpg,ruokolahti,ruokolahti_dji_0080,71,train,1
/workspace/Boreal-Forest-Fire/Boreal-Forest-Fire-Subset-A/Ruokolahti-Images/ruokolahti_DJI_0080_frame72.jpg,ruokolahti,ruokolahti_dji_0080,72,train,1
/workspace/Boreal-Forest-Fire/Boreal-Forest-Fire-Subset-A/Ruokolahti-Images/ruokolahti_DJI_0080_frame73.jpg,ruokolahti,ruokolahti_dji_0080,73,train,1
/workspace/Boreal-Forest-Fire/Boreal-Forest-Fire-Subset-A/Ruokolahti-Images/ruokolahti_DJI_0080_frame74.jpg,ruokolahti,ruokolahti_dji_0080,74,train,1
/workspace/Boreal-Forest-Fire/Boreal-Forest-Fire-Subset-A/Ruokolahti-Images/ruokolahti_DJI_0080_frame75.jpg,ruokolahti,ruokolahti_dji_0080,75,train,1
/workspace/Boreal-Forest-Fire/Boreal-Forest-Fire-Subset-A/Ruokolahti-Images/ruokolahti_DJI_0080_frame76.jpg,ruokolahti,ruokolahti_dji_0080,76,train,1
/workspace/Boreal-Forest-Fire/Boreal-Forest-Fire-Subset-A/Ruokolahti-Images/ruokolahti_DJI_0080_frame77.jpg,ruokolahti,ruokolahti_dji_0080,77,train,1
/workspace/Boreal-Forest-Fire/Boreal-Forest-Fire-Subset-A/Ruokolahti-Images/ruokolahti_DJI_0080_frame78.jpg,ruokolahti,ruokolahti_dji_0080,78,train,1
/workspace/Boreal-Forest-Fire/Boreal-Forest-Fire-Subset-A/Ruokolahti-Images/ruokolahti_DJI_0080_frame79.jpg,ruokolahti,ruokolahti_dji_0080,79,train,1
/workspace/Boreal-Forest-Fire/Boreal-Forest-Fire-Subset-A/Ruokolahti-Images/ruokolahti_DJI_0080_frame8.jpg,ruokolahti,ruokolahti_dji_0080,8,train,1
/workspace/Boreal-Forest-Fire/Boreal-Forest-Fire-Subset-A/Ruokolahti-Images/ruokolahti_DJI_0080_frame80.jpg,ruokolahti,ruokolahti_dji_0080,80,train,1
/workspace/Boreal-Forest-Fire/Boreal-Forest-Fire-Subset-A/Ruokolahti-Images/ruokolahti_DJI_0080_frame81.jpg,ruokolahti,ruokolahti_dji_0080,81,train,1
/workspace/Boreal-Forest-Fire/Boreal-Forest-Fire-Subset-A/Ruokolahti-Images/ruokolahti_DJI_0080_frame82.jpg,ruokolahti,ruokolahti_dji_0080,82,train,1
/workspace/Boreal-Forest-Fire/Boreal-Forest-Fire-Subset-A/Ruokolahti-Images/ruokolahti_DJI_0080_frame83.jpg,ruokolahti,ruokolahti_dji_0080,83,train,1
/workspace/Boreal-Forest-Fire/Boreal-Forest-Fire-Subset-A/Ruokolahti-Images/ruokolahti_DJI_0080_frame84.jpg,ruokolahti,ruokolahti_dji_0080,84,train,1
/workspace/Boreal-Forest-Fire/Boreal-Forest-Fire-Subset-A/Ruokolahti-Images/ruokolahti_DJI_0080_frame85.jpg,ruokolahti,ruokolahti_dji_0080,85,train,1
/workspace/Boreal-Forest-Fire/Boreal-Forest-Fire-Subset-A/Ruokolahti-Images/ruokolahti_DJI_0080_frame86.jpg,ruokolahti,ruokolahti_dji_0080,86,train,1
/workspace/Boreal-Forest-Fire/Boreal-Forest-Fire-Subset-A/Ruokolahti-Images/ruokolahti_DJI_0080_frame87.jpg,ruokolahti,ruokolahti_dji_0080,87,train,1
/workspace/Boreal-Forest-Fire/Boreal-Forest-Fire-Subset-A/Ruokolahti-Images/ruokolahti_DJI_0080_frame88.jpg,ruokolahti,ruokolahti_dji_0080,88,train,1
/workspace/Boreal-Forest-Fire/Boreal-Forest-Fire-Subset-A/Ruokolahti-Images/ruokolahti_DJI_0080_frame89.jpg,ruokolahti,ruokolahti_dji_0080,89,train,1
/workspace/Boreal-Forest-Fire/Boreal-Forest-Fire-Subset-A/Ruokolahti-Images/ruokolahti_DJI_0080_frame9.jpg,ruokolahti,ruokolahti_dji_0080,9,train,1
/workspace/Boreal-Forest-Fire/Boreal-Forest-Fire-Subset-A/Ruokolahti-Images/ruokolahti_DJI_0080_frame90.jpg,ruokolahti,ruokolahti_dji_0080,90,train,1
/workspace/Boreal-Forest-Fire/Boreal-Forest-Fire-Subset-A/Ruokolahti-Images/ruokolahti_DJI_0080_frame91.jpg,ruokolahti,ruokolahti_dji_0080,91,train,1
/workspace/Boreal-Forest-Fire/Boreal-Forest-Fire-Subset-A/Ruokolahti-Images/ruokolahti_DJI_0080_frame92.jpg,ruokolahti,ruokolahti_dji_0080,92,train,9
/workspace/Boreal-Forest-Fire/Boreal-Forest-Fire-Subset-A/Ruokolahti-Images/ruokolahti_DJI_0080_frame93.jpg,ruokolahti,ruokolahti_dji_0080,93,train,1
/workspace/Boreal-Forest-Fire/Boreal-Forest-Fire-Subset-A/Ruokolahti-Images/ruokolahti_DJI_0080_frame94.jpg,ruokolahti,ruokolahti_dji_0080,94,train,1
/workspace/Boreal-Forest-Fire/Boreal-Forest-Fire-Subset-A/Ruokolahti-Images/ruokolahti_DJI_0080_frame95.jpg,ruokolahti,ruokolahti_dji_0080,95,train,1
/workspace/Boreal-Forest-Fire/Boreal-Forest-Fire-Subset-A/Ruokolahti-Images/ruokolahti_DJI_0080_frame96.jpg,ruokolahti,ruokolahti_dji_0080,96,train,1
/workspace/Boreal-Forest-Fire/Boreal-Forest-Fire-Subset-A/Ruokolahti-Images/ruokolahti_DJI_0080_frame97.jpg,ruokolahti,ruokolahti_dji_0080,97,train,1
/workspace/Boreal-Forest-Fire/Boreal-Forest-Fire-Subset-A/Ruokolahti-Images/ruokolahti_DJI_0080_frame98.jpg,ruokolahti,ruokolahti_dji_0080,98,train,1
/workspace/Boreal-Forest-Fire/Boreal-Forest-Fire-Subset-A/Ruokolahti-Images/ruokolahti_DJI_0080_frame99.jpg,ruokolahti,ruokolahti_dji_0080,99,train,1
/workspace/Boreal-Forest-Fire/Boreal-Forest-Fire-Subset-A/Ruokolahti-Images/ruokolahti_DJI_0081_frame0.jpg,ruokolahti,ruokolahti_dji_0081,0,train,1
/workspace/Boreal-Forest-Fire/Boreal-Forest-Fire-Subset-A/Ruokolahti-Images/ruokolahti_DJI_0081_frame1.jpg,ruokolahti,ruokolahti_dji_0081,1,train,1
/workspace/Boreal-Forest-Fire/Boreal-Forest-Fire-Subset-A/Ruokolahti-Images/ruokolahti_DJI_0081_frame10.jpg,ruokolahti,ruokolahti_dji_0081,10,train,1
/workspace/Boreal-Forest-Fire/Boreal-Forest-Fire-Subset-A/Ruokolahti-Images/ruokolahti_DJI_0081_frame100.jpg,ruokolahti,ruokolahti_dji_0081,100,train,1
/workspace/Boreal-Forest-Fire/Boreal-Forest-Fire-Subset-A/Ruokolahti-Images/ruokolahti_DJI_0081_frame101.jpg,ruokolahti,ruokolahti_dji_0081,101,train,1
/workspace/Boreal-Forest-Fire/Boreal-Forest-Fire-Subset-A/Ruokolahti-Images/ruokolahti_DJI_0081_frame102.jpg,ruokolahti,ruokolahti_dji_0081,102,train,1
/workspace/Boreal-Forest-Fire/Boreal-Forest-Fire-Subset-A/Ruokolahti-Images/ruokolahti_DJI_0081_frame103.jpg,ruokolahti,ruokolahti_dji_0081,103,train,1
/workspace/Boreal-Forest-Fire/Boreal-Forest-Fire-Subset-A/Ruokolahti-Images/ruokolahti_DJI_0081_frame104.jpg,ruokolahti,ruokolahti_dji_0081,104,train,1
/workspace/Boreal-Forest-Fire/Boreal-Forest-Fire-Subset-A/Ruokolahti-Images/ruokolahti_DJI_0081_frame105.jpg,ruokolahti,ruokolahti_dji_0081,105,train,1
/workspace/Boreal-Forest-Fire/Boreal-Forest-Fire-Subset-A/Ruokolahti-Images/ruokolahti_DJI_0081_frame106.jpg,ruokolahti,ruokolahti_dji_0081,106,train,1
/workspace/Boreal-Forest-Fire/Boreal-Forest-Fire-Subset-A/Ruokolahti-Images/ruokolahti_DJI_0081_frame107.jpg,ruokolahti,ruokolahti_dji_0081,107,train,1
/workspace/Boreal-Forest-Fire/Boreal-Forest-Fire-Subset-A/Ruokolahti-Images/ruokolahti_DJI_0081_frame108.jpg,ruokolahti,ruokolahti_dji_0081,108,train,1
/workspace/Boreal-Forest-Fire/Boreal-Forest-Fire-Subset-A/Ruokolahti-Images/ruokolahti_DJI_0081_frame109.jpg,ruokolahti,ruokolahti_dji_0081,109,train,1
/workspace/Boreal-Forest-Fire/Boreal-Forest-Fire-Subset-A/Ruokolahti-Images/ruokolahti_DJI_0081_frame11.jpg,ruokolahti,ruokolahti_dji_0081,11,train,1
/workspace/Boreal-Forest-Fire/Boreal-Forest-Fire-Subset-A/Ruokolahti-Images/ruokolahti_DJI_0081_frame110.jpg,ruokolahti,ruokolahti_dji_0081,110,train,1
/workspace/Boreal-Forest-Fire/Boreal-Forest-Fire-Subset-A/Ruokolahti-Images/ruokolahti_DJI_0081_frame111.jpg,ruokolahti,ruokolahti_dji_0081,111,train,1
/workspace/Boreal-Forest-Fire/Boreal-Forest-Fire-Subset-A/Ruokolahti-Images/ruokolahti_DJI_0081_frame112.jpg,ruokolahti,ruokolahti_dji_0081,112,train,1
/workspace/Boreal-Forest-Fire/Boreal-Forest-Fire-Subset-A/Ruokolahti-Images/ruokolahti_DJI_0081_frame113.jpg,ruokolahti,ruokolahti_dji_0081,113,train,1
/workspace/Boreal-Forest-Fire/Boreal-Forest-Fire-Subset-A/Ruokolahti-Images/ruokolahti_DJI_0081_frame114.jpg,ruokolahti,ruokolahti_dji_0081,114,train,1
/workspace/Boreal-Forest-Fire/Boreal-Forest-Fire-Subset-A/Ruokolahti-Images/ruokolahti_DJI_0081_frame115.jpg,ruokolahti,ruokolahti_dji_0081,115,train,1
/workspace/Boreal-Forest-Fire/Boreal-Forest-Fire-Subset-A/Ruokolahti-Images/ruokolahti_DJI_0081_frame116.jpg,ruokolahti,ruokolahti_dji_0081,116,train,1
/workspace/Boreal-Forest-Fire/Boreal-Forest-Fire-Subset-A/Ruokolahti-Images/ruokolahti_DJI_0081_frame117.jpg,ruokolahti,ruokolahti_dji_0081,117,train,1
/workspace/Boreal-Forest-Fire/Boreal-Forest-Fire-Subset-A/Ruokolahti-Images/ruokolahti_DJI_0081_frame118.jpg,ruokolahti,ruokolahti_dji_0081,118,train,1
/workspace/Boreal-Forest-Fire/Boreal-Forest-Fire-Subset-A/Ruokolahti-Images/ruokolahti_DJI_0081_frame119.jpg,ruokolahti,ruokolahti_dji_0081,119,train,8
/workspace/Boreal-Forest-Fire/Boreal-Forest-Fire-Subset-A/Ruokolahti-Images/ruokolahti_DJI_0081_frame12.jpg,ruokolahti,ruokolahti_dji_0081,12,train,1
/workspace/Boreal-Forest-Fire/Boreal-Forest-Fire-Subset-A/Ruokolahti-Images/ruokolahti_DJI_0081_frame120.jpg,ruokolahti,ruokolahti_dji_0081,120,train,1
/workspace/Boreal-Forest-Fire/Boreal-Forest-Fire-Subset-A/Ruokolahti-Images/ruokolahti_DJI_0081_frame121.jpg,ruokolahti,ruokolahti_dji_0081,121,train,1
/workspace/Boreal-Forest-Fire/Boreal-Forest-Fire-Subset-A/Ruokolahti-Images/ruokolahti_DJI_0081_frame122.jpg,ruokolahti,ruokolahti_dji_0081,122,train,1
/workspace/Boreal-Forest-Fire/Boreal-Forest-Fire-Subset-A/Ruokolahti-Images/ruokolahti_DJI_0081_frame123.jpg,ruokolahti,ruokolahti_dji_0081,123,train,1
/workspace/Boreal-Forest-Fire/Boreal-Forest-Fire-Subset-A/Ruokolahti-Images/ruokolahti_DJI_0081_frame124.jpg,ruokolahti,ruokolahti_dji_0081,124,train,1
/workspace/Boreal-Forest-Fire/Boreal-Forest-Fire-Subset-A/Ruokolahti-Images/ruokolahti_DJI_0081_frame125.jpg,ruokolahti,ruokolahti_dji_0081,125,train,1
/workspace/Boreal-Forest-Fire/Boreal-Forest-Fire-Subset-A/Ruokolahti-Images/ruokolahti_DJI_0081_frame126.jpg,ruokolahti,ruokolahti_dji_0081,126,train,1
/workspace/Boreal-Forest-Fire/Boreal-Forest-Fire-Subset-A/Ruokolahti-Images/ruokolahti_DJI_0081_frame127.jpg,ruokolahti,ruokolahti_dji_0081,127,train,1
/workspace/Boreal-Forest-Fire/Boreal-Forest-Fire-Subset-A/Ruokolahti-Images/ruokolahti_DJI_0081_frame13.jpg,ruokolahti,ruokolahti_dji_0081,13,train,1
/workspace/Boreal-Forest-Fire/Boreal-Forest-Fire-Subset-A/Ruokolahti-Images/ruokolahti_DJI_0081_frame14.jpg,ruokolahti,ruokolahti_dji_0081,14,train,1
/workspace/Boreal-Forest-Fire/Boreal-Forest-Fire-Subset-A/Ruokolahti-Images/ruokolahti_DJI_0081_frame15.jpg,ruokolahti,ruokolahti_dji_0081,15,train,1
/workspace/Boreal-Forest-Fire/Boreal-Forest-Fire-Subset-A/Ruokolahti-Images/ruokolahti_DJI_0081_frame16.jpg,ruokolahti,ruokolahti_dji_0081,16,train,1
/workspace/Boreal-Forest-Fire/Boreal-Forest-Fire-Subset-A/Ruokolahti-Images/ruokolahti_DJI_0081_frame17.jpg,ruokolahti,ruokolahti_dji_0081,17,train,1
/workspace/Boreal-Forest-Fire/Boreal-Forest-Fire-Subset-A/Ruokolahti-Images/ruokolahti_DJI_0081_frame18.jpg,ruokolahti,ruokolahti_dji_0081,18,train,1
/workspace/Boreal-Forest-Fire/Boreal-Forest-Fire-Subset-A/Ruokolahti-Images/ruokolahti_DJI_0081_frame19.jpg,ruokolahti,ruokolahti_dji_0081,19,train,1
/workspace/Boreal-Forest-Fire/Boreal-Forest-Fire-Subset-A/Ruokolahti-Images/ruokolahti_DJI_0081_frame2.jpg,ruokolahti,ruokolahti_dji_0081,2,train,1
/workspace/Boreal-Forest-Fire/Boreal-Forest-Fire-Subset-A/Ruokolahti-Images/ruokolahti_DJI_0081_frame20.jpg,ruokolahti,ruokolahti_dji_0081,20,train,1
/workspace/Boreal-Forest-Fire/Boreal-Forest-Fire-Subset-A/Ruokolahti-Images/ruokolahti_DJI_0081_frame21.jpg,ruokolahti,ruokolahti_dji_0081,21,train,1
/workspace/Boreal-Forest-Fire/Boreal-Forest-Fire-Subset-A/Ruokolahti-Images/ruokolahti_DJI_0081_frame22.jpg,ruokolahti,ruokolahti_dji_0081,22,train,1
/workspace/Boreal-Forest-Fire/Boreal-Forest-Fire-Subset-A/Ruokolahti-Images/ruokolahti_DJI_0081_frame23.jpg,ruokolahti,ruokolahti_dji_0081,23,train,1
/workspace/Boreal-Forest-Fire/Boreal-Forest-Fire-Subset-A/Ruokolahti-Images/ruokolahti_DJI_0081_frame24.jpg,ruokolahti,ruokolahti_dji_0081,24,train,1
/workspace/Boreal-Forest-Fire/Boreal-Forest-Fire-Subset-A/Ruokolahti-Images/ruokolahti_DJI_0081_frame25.jpg,ruokolahti,ruokolahti_dji_0081,25,train,1
/workspace/Boreal-Forest-Fire/Boreal-Forest-Fire-Subset-A/Ruokolahti-Images/ruokolahti_DJI_0081_frame26.jpg,ruokolahti,ruokolahti_dji_0081,26,train,1
/workspace/Boreal-Forest-Fire/Boreal-Forest-Fire-Subset-A/Ruokolahti-Images/ruokolahti_DJI_0081_frame27.jpg,ruokolahti,ruokolahti_dji_0081,27,train,1
/workspace/Boreal-Forest-Fire/Boreal-Forest-Fire-Subset-A/Ruokolahti-Images/ruokolahti_DJI_0081_frame28.jpg,ruokolahti,ruokolahti_dji_0081,28,train,1
/workspace/Boreal-Forest-Fire/Boreal-Forest-Fire-Subset-A/Ruokolahti-Images/ruokolahti_DJI_0081_frame29.jpg,ruokolahti,ruokolahti_dji_0081,29,train,1
/workspace/Boreal-Forest-Fire/Boreal-Forest-Fire-Subset-A/Ruokolahti-Images/ruokolahti_DJI_0081_frame3.jpg,ruokolahti,ruokolahti_dji_0081,3,train,1
/workspace/Boreal-Forest-Fire/Boreal-Forest-Fire-Subset-A/Ruokolahti-Images/ruokolahti_DJI_0081_frame30.jpg,ruokolahti,ruokolahti_dji_0081,30,train,1
/workspace/Boreal-Forest-Fire/Boreal-Forest-Fire-Subset-A/Ruokolahti-Images/ruokolahti_DJI_0081_frame31.jpg,ruokolahti,ruokolahti_dji_0081,31,train,1
/workspace/Boreal-Forest-Fire/Boreal-Forest-Fire-Subset-A/Ruokolahti-Images/ruokolahti_DJI_0081_frame32.jpg,ruokolahti,ruokolahti_dji_0081,32,train,1
/workspace/Boreal-Forest-Fire/Boreal-Forest-Fire-Subset-A/Ruokolahti-Images/ruokolahti_DJI_0081_frame33.jpg,ruokolahti,ruokolahti_dji_0081,33,train,1
/workspace/Boreal-Forest-Fire/Boreal-Forest-Fire-Subset-A/Ruokolahti-Images/ruokolahti_DJI_0081_frame34.jpg,ruokolahti,ruokolahti_dji_0081,34,train,1
/workspace/Boreal-Forest-Fire/Boreal-Forest-Fire-Subset-A/Ruokolahti-Images/ruokolahti_DJI_0081_frame35.jpg,ruokolahti,ruokolahti_dji_0081,35,train,1
/workspace/Boreal-Forest-Fire/Boreal-Forest-Fire-Subset-A/Ruokolahti-Images/ruokolahti_DJI_0081_frame36.jpg,ruokolahti,ruokolahti_dji_0081,36,train,1
/workspace/Boreal-Forest-Fire/Boreal-Forest-Fire-Subset-A/Ruokolahti-Images/ruokolahti_DJI_0081_frame37.jpg,ruokolahti,ruokolahti_dji_0081,37,train,1
/workspace/Boreal-Forest-Fire/Boreal-Forest-Fire-Subset-A/Ruokolahti-Images/ruokolahti_DJI_0081_frame38.jpg,ruokolahti,ruokolahti_dji_0081,38,train,1
/workspace/Boreal-Forest-Fire/Boreal-Forest-Fire-Subset-A/Ruokolahti-Images/ruokolahti_DJI_0081_frame39.jpg,ruokolahti,ruokolahti_dji_0081,39,train,1
/workspace/Boreal-Forest-Fire/Boreal-Forest-Fire-Subset-A/Ruokolahti-Images/ruokolahti_DJI_0081_frame4.jpg,ruokolahti,ruokolahti_dji_0081,4,train,1
/workspace/Boreal-Forest-Fire/Boreal-Forest-Fire-Subset-A/Ruokolahti-Images/ruokolahti_DJI_0081_frame40.jpg,ruokolahti,ruokolahti_dji_0081,40,train,1
/workspace/Boreal-Forest-Fire/Boreal-Forest-Fire-Subset-A/Ruokolahti-Images/ruokolahti_DJI_0081_frame41.jpg,ruokolahti,ruokolahti_dji_0081,41,train,1
/workspace/Boreal-Forest-Fire/Boreal-Forest-Fire-Subset-A/Ruokolahti-Images/ruokolahti_DJI_0081_frame42.jpg,ruokolahti,ruokolahti_dji_0081,42,train,1
/workspace/Boreal-Forest-Fire/Boreal-Forest-Fire-Subset-A/Ruokolahti-Images/ruokolahti_DJI_0081_frame43.jpg,ruokolahti,ruokolahti_dji_0081,43,train,1
/workspace/Boreal-Forest-Fire/Boreal-Forest-Fire-Subset-A/Ruokolahti-Images/ruokolahti_DJI_0081_frame44.jpg,ruokolahti,ruokolahti_dji_0081,44,train,1
/workspace/Boreal-Forest-Fire/Boreal-Forest-Fire-Subset-A/Ruokolahti-Images/ruokolahti_DJI_0081_frame45.jpg,ruokolahti,ruokolahti_dji_0081,45,train,1
/workspace/Boreal-Forest-Fire/Boreal-Forest-Fire-Subset-A/Ruokolahti-Images/ruokolahti_DJI_0081_frame46.jpg,ruokolahti,ruokolahti_dji_0081,46,train,1
/workspace/Boreal-Forest-Fire/Boreal-Forest-Fire-Subset-A/Ruokolahti-Images/ruokolahti_DJI_0081_frame47.jpg,ruokolahti,ruokolahti_dji_0081,47,train,1
/workspace/Boreal-Forest-Fire/Boreal-Forest-Fire-Subset-A/Ruokolahti-Images/ruokolahti_DJI_0081_frame48.jpg,ruokolahti,ruokolahti_dji_0081,48,train,1
/workspace/Boreal-Forest-Fire/Boreal-Forest-Fire-Subset-A/Ruokolahti-Images/ruokolahti_DJI_0081_frame49.jpg,ruokolahti,ruokolahti_dji_0081,49,train,1
/workspace/Boreal-Forest-Fire/Boreal-Forest-Fire-Subset-A/Ruokolahti-Images/ruokolahti_DJI_0081_frame5.jpg,ruokolahti,ruokolahti_dji_0081,5,train,1
/workspace/Boreal-Forest-Fire/Boreal-Forest-Fire-Subset-A/Ruokolahti-Images/ruokolahti_DJI_0081_frame50.jpg,ruokolahti,ruokolahti_dji_0081,50,train,1
/workspace/Boreal-Forest-Fire/Boreal-Forest-Fire-Subset-A/Ruokolahti-Images/ruokolahti_DJI_0081_frame51.jpg,ruokolahti,ruokolahti_dji_0081,51,train,1
/workspace/Boreal-Forest-Fire/Boreal-Forest-Fire-Subset-A/Ruokolahti-Images/ruokolahti_DJI_0081_frame52.jpg,ruokolahti,ruokolahti_dji_0081,52,train,1
/workspace/Boreal-Forest-Fire/Boreal-Forest-Fire-Subset-A/Ruokolahti-Images/ruokolahti_DJI_0081_frame53.jpg,ruokolahti,ruokolahti_dji_0081,53,train,1
/workspace/Boreal-Forest-Fire/Boreal-Forest-Fire-Subset-A/Ruokolahti-Images/ruokolahti_DJI_0081_frame54.jpg,ruokolahti,ruokolahti_dji_0081,54,train,1
/workspace/Boreal-Forest-Fire/Boreal-Forest-Fire-Subset-A/Ruokolahti-Images/ruokolahti_DJI_0081_frame55.jpg,ruokolahti,ruokolahti_dji_0081,55,train,1
/workspace/Boreal-Forest-Fire/Boreal-Forest-Fire-Subset-A/Ruokolahti-Images/ruokolahti_DJI_0081_frame56.jpg,ruokolahti,ruokolahti_dji_0081,56,train,1
/workspace/Boreal-Forest-Fire/Boreal-Forest-Fire-Subset-A/Ruokolahti-Images/ruokolahti_DJI_0081_frame57.jpg,ruokolahti,ruokolahti_dji_0081,57,train,1
/workspace/Boreal-Forest-Fire/Boreal-Forest-Fire-Subset-A/Ruokolahti-Images/ruokolahti_DJI_0081_frame58.jpg,ruokolahti,ruokolahti_dji_0081,58,train,1
/workspace/Boreal-Forest-Fire/Boreal-Forest-Fire-Subset-A/Ruokolahti-Images/ruokolahti_DJI_0081_frame59.jpg,ruokolahti,ruokolahti_dji_0081,59,train,1
/workspace/Boreal-Forest-Fire/Boreal-Forest-Fire-Subset-A/Ruokolahti-Images/ruokolahti_DJI_0081_frame6.jpg,ruokolahti,ruokolahti_dji_0081,6,train,1
/workspace/Boreal-Forest-Fire/Boreal-Forest-Fire-Subset-A/Ruokolahti-Images/ruokolahti_DJI_0081_frame60.jpg,ruokolahti,ruokolahti_dji_0081,60,train,1
/workspace/Boreal-Forest-Fire/Boreal-Forest-Fire-Subset-A/Ruokolahti-Images/ruokolahti_DJI_0081_frame61.jpg,ruokolahti,ruokolahti_dji_0081,61,train,1
/workspace/Boreal-Forest-Fire/Boreal-Forest-Fire-Subset-A/Ruokolahti-Images/ruokolahti_DJI_0081_frame62.jpg,ruokolahti,ruokolahti_dji_0081,62,train,1
/workspace/Boreal-Forest-Fire/Boreal-Forest-Fire-Subset-A/Ruokolahti-Images/ruokolahti_DJI_0081_frame63.jpg,ruokolahti,ruokolahti_dji_0081,63,train,1
/workspace/Boreal-Forest-Fire/Boreal-Forest-Fire-Subset-A/Ruokolahti-Images/ruokolahti_DJI_0081_frame64.jpg,ruokolahti,ruokolahti_dji_0081,64,train,1
/workspace/Boreal-Forest-Fire/Boreal-Forest-Fire-Subset-A/Ruokolahti-Images/ruokolahti_DJI_0081_frame65.jpg,ruokolahti,ruokolahti_dji_0081,65,train,1
/workspace/Boreal-Forest-Fire/Boreal-Forest-Fire-Subset-A/Ruokolahti-Images/ruokolahti_DJI_0081_frame66.jpg,ruokolahti,ruokolahti_dji_0081,66,train,1
/workspace/Boreal-Forest-Fire/Boreal-Forest-Fire-Subset-A/Ruokolahti-Images/ruokolahti_DJI_0081_frame67.jpg,ruokolahti,ruokolahti_dji_0081,67,train,1
/workspace/Boreal-Forest-Fire/Boreal-Forest-Fire-Subset-A/Ruokolahti-Images/ruokolahti_DJI_0081_frame68.jpg,ruokolahti,ruokolahti_dji_0081,68,train,1
/workspace/Boreal-Forest-Fire/Boreal-Forest-Fire-Subset-A/Ruokolahti-Images/ruokolahti_DJI_0081_frame69.jpg,ruokolahti,ruokolahti_dji_0081,69,train,1
/workspace/Boreal-Forest-Fire/Boreal-Forest-Fire-Subset-A/Ruokolahti-Images/ruokolahti_DJI_0081_frame7.jpg,ruokolahti,ruokolahti_dji_0081,7,train,1
/workspace/Boreal-Forest-Fire/Boreal-Forest-Fire-Subset-A/Ruokolahti-Images/ruokolahti_DJI_0081_frame70.jpg,ruokolahti,ruokolahti_dji_0081,70,train,1
/workspace/Boreal-Forest-Fire/Boreal-Forest-Fire-Subset-A/Ruokolahti-Images/ruokolahti_DJI_0081_frame71.jpg,ruokolahti,ruokolahti_dji_0081,71,train,1
/workspace/Boreal-Forest-Fire/Boreal-Forest-Fire-Subset-A/Ruokolahti-Images/ruokolahti_DJI_0081_frame72.jpg,ruokolahti,ruokolahti_dji_0081,72,train,1
/workspace/Boreal-Forest-Fire/Boreal-Forest-Fire-Subset-A/Ruokolahti-Images/ruokolahti_DJI_0081_frame73.jpg,ruokolahti,ruokolahti_dji_0081,73,train,1
/workspace/Boreal-Forest-Fire/Boreal-Forest-Fire-Subset-A/Ruokolahti-Images/ruokolahti_DJI_0081_frame74.jpg,ruokolahti,ruokolahti_dji_0081,74,train,1
/workspace/Boreal-Forest-Fire/Boreal-Forest-Fire-Subset-A/Ruokolahti-Images/ruokolahti_DJI_0081_frame75.jpg,ruokolahti,ruokolahti_dji_0081,75,train,1
/workspace/Boreal-Forest-Fire/Boreal-Forest-Fire-Subset-A/Ruokolahti-Images/ruokolahti_DJI_0081_frame76.jpg,ruokolahti,ruokolahti_dji_0081,76,train,1
/workspace/Boreal-Forest-Fire/Boreal-Forest-Fire-Subset-A/Ruokolahti-Images/ruokolahti_DJI_0081_frame77.jpg,ruokolahti,ruokolahti_dji_0081,77,train,1
/workspace/Boreal-Forest-Fire/Boreal-Forest-Fire-Subset-A/Ruokolahti-Images/ruokolahti_DJI_0081_frame78.jpg,ruokolahti,ruokolahti_dji_0081,78,train,1
/workspace/Boreal-Forest-Fire/Boreal-Forest-Fire-Subset-A/Ruokolahti-Images/ruokolahti_DJI_0081_frame79.jpg,ruokolahti,ruokolahti_dji_0081,79,train,1
/workspace/Boreal-Forest-Fire/Boreal-Forest-Fire-Subset-A/Ruokolahti-Images/ruokolahti_DJI_0081_frame8.jpg,ruokolahti,ruokolahti_dji_0081,8,train,1
/workspace/Boreal-Forest-Fire/Boreal-Forest-Fire-Subset-A/Ruokolahti-Images/ruokolahti_DJI_0081_frame80.jpg,ruokolahti,ruokolahti_dji_0081,80,train,1
/workspace/Boreal-Forest-Fire/Boreal-Forest-Fire-Subset-A/Ruokolahti-Images/ruokolahti_DJI_0081_frame81.jpg,ruokolahti,ruokolahti_dji_0081,81,train,1
/workspace/Boreal-Forest-Fire/Boreal-Forest-Fire-Subset-A/Ruokolahti-Images/ruokolahti_DJI_0081_frame82.jpg,ruokolahti,ruokolahti_dji_0081,82,train,1
/workspace/Boreal-Forest-Fire/Boreal-Forest-Fire-Subset-A/Ruokolahti-Images/ruokolahti_DJI_0081_frame83.jpg,ruokolahti,ruokolahti_dji_0081,83,train,1
/workspace/Boreal-Forest-Fire/Boreal-Forest-Fire-Subset-A/Ruokolahti-Images/ruokolahti_DJI_0081_frame84.jpg,ruokolahti,ruokolahti_dji_0081,84,train,1
/workspace/Boreal-Forest-Fire/Boreal-Forest-Fire-Subset-A/Ruokolahti-Images/ruokolahti_DJI_0081_frame85.jpg,ruokolahti,ruokolahti_dji_0081,85,train,1
/workspace/Boreal-Forest-Fire/Boreal-Forest-Fire-Subset-A/Ruokolahti-Images/ruokolahti_DJI_0081_frame86.jpg,ruokolahti,ruokolahti_dji_0081,86,train,1
/workspace/Boreal-Forest-Fire/Boreal-Forest-Fire-Subset-A/Ruokolahti-Images/ruokolahti_DJI_0081_frame87.jpg,ruokolahti,ruokolahti_dji_0081,87,train,1
/workspace/Boreal-Forest-Fire/Boreal-Forest-Fire-Subset-A/Ruokolahti-Images/ruokolahti_DJI_0081_frame88.jpg,ruokolahti,ruokolahti_dji_0081,88,train,1
/workspace/Boreal-Forest-Fire/Boreal-Forest-Fire-Subset-A/Ruokolahti-Images/ruokolahti_DJI_0081_frame89.jpg,ruokolahti,ruokolahti_dji_0081,89,train,1
/workspace/Boreal-Forest-Fire/Boreal-Forest-Fire-Subset-A/Ruokolahti-Images/ruokolahti_DJI_0081_frame9.jpg,ruokolahti,ruokolahti_dji_0081,9,train,1
/workspace/Boreal-Forest-Fire/Boreal-Forest-Fire-Subset-A/Ruokolahti-Images/ruokolahti_DJI_0081_frame90.jpg,ruokolahti,ruokolahti_dji_0081,90,train,1
/workspace/Boreal-Forest-Fire/Boreal-Forest-Fire-Subset-A/Ruokolahti-Images/ruokolahti_DJI_0081_frame91.jpg,ruokolahti,ruokolahti_dji_0081,91,train,1
/workspace/Boreal-Forest-Fire/Boreal-Forest-Fire-Subset-A/Ruokolahti-Images/ruokolahti_DJI_0081_frame92.jpg,ruokolahti,ruokolahti_dji_0081,92,train,1
/workspace/Boreal-Forest-Fire/Boreal-Forest-Fire-Subset-A/Ruokolahti-Images/ruokolahti_DJI_0081_frame93.jpg,ruokolahti,ruokolahti_dji_0081,93,train,1
/workspace/Boreal-Forest-Fire/Boreal-Forest-Fire-Subset-A/Ruokolahti-Images/ruokolahti_DJI_0081_frame94.jpg,ruokolahti,ruokolahti_dji_0081,94,train,1
/workspace/Boreal-Forest-Fire/Boreal-Forest-Fire-Subset-A/Ruokolahti-Images/ruokolahti_DJI_0081_frame95.jpg,ruokolahti,ruokolahti_dji_0081,95,train,1
/workspace/Boreal-Forest-Fire/Boreal-Forest-Fire-Subset-A/Ruokolahti-Images/ruokolahti_DJI_0081_frame96.jpg,ruokolahti,ruokolahti_dji_0081,96,train,1
/workspace/Boreal-Forest-Fire/Boreal-Forest-Fire-Subset-A/Ruokolahti-Images/ruokolahti_DJI_0081_frame97.jpg,ruokolahti,ruokolahti_dji_0081,97,train,1
/workspace/Boreal-Forest-Fire/Boreal-Forest-Fire-Subset-A/Ruokolahti-Images/ruokolahti_DJI_0081_frame98.jpg,ruokolahti,ruokolahti_dji_0081,98,train,1
/workspace/Boreal-Forest-Fire/Boreal-Forest-Fire-Subset-A/Ruokolahti-Images/ruokolahti_DJI_0081_frame99.jpg,ruokolahti,ruokolahti_dji_0081,99,train,1
/workspace/Boreal-Forest-Fire/Boreal-Forest-Fire-Subset-A/Ruokolahti-Images/ruokolahti_DJI_0082_frame0.jpg,ruokolahti,ruokolahti_dji_0082,0,train,1
/workspace/Boreal-Forest-Fire/Boreal-Forest-Fire-Subset-A/Ruokolahti-Images/ruokolahti_DJI_0082_frame1.jpg,ruokolahti,ruokolahti_dji_0082,1,train,1
/workspace/Boreal-Forest-Fire/Boreal-Forest-Fire-Subset-A/Ruokolahti-Images/ruokolahti_DJI_0082_frame10.jpg,ruokolahti,ruokolahti_dji_0082,10,train,1
/workspace/Boreal-Forest-Fire/Boreal-Forest-Fire-Subset-A/Ruokolahti-Images/ruokolahti_DJI_0082_frame11.jpg,ruokolahti,ruokolahti_dji_0082,11,train,1
/workspace/Boreal-Forest-Fire/Boreal-Forest-Fire-Subset-A/Ruokolahti-Images/ruokolahti_DJI_0082_frame12.jpg,ruokolahti,ruokolahti_dji_0082,12,train,1
/workspace/Boreal-Forest-Fire/Boreal-Forest-Fire-Subset-A/Ruokolahti-Images/ruokolahti_DJI_0082_frame13.jpg,ruokolahti,ruokolahti_dji_0082,13,train,1
/workspace/Boreal-Forest-Fire/Boreal-Forest-Fire-Subset-A/Ruokolahti-Images/ruokolahti_DJI_0082_frame14.jpg,ruokolahti,ruokolahti_dji_0082,14,train,1
/workspace/Boreal-Forest-Fire/Boreal-Forest-Fire-Subset-A/Ruokolahti-Images/ruokolahti_DJI_0082_frame15.jpg,ruokolahti,ruokolahti_dji_0082,15,train,1
/workspace/Boreal-Forest-Fire/Boreal-Forest-Fire-Subset-A/Ruokolahti-Images/ruokolahti_DJI_0082_frame16.jpg,ruokolahti,ruokolahti_dji_0082,16,train,1
/workspace/Boreal-Forest-Fire/Boreal-Forest-Fire-Subset-A/Ruokolahti-Images/ruokolahti_DJI_0082_frame17.jpg,ruokolahti,ruokolahti_dji_0082,17,train,1
/workspace/Boreal-Forest-Fire/Boreal-Forest-Fire-Subset-A/Ruokolahti-Images/ruokolahti_DJI_0082_frame18.jpg,ruokolahti,ruokolahti_dji_0082,18,train,1
/workspace/Boreal-Forest-Fire/Boreal-Forest-Fire-Subset-A/Ruokolahti-Images/ruokolahti_DJI_0082_frame19.jpg,ruokolahti,ruokolahti_dji_0082,19,train,1
/workspace/Boreal-Forest-Fire/Boreal-Forest-Fire-Subset-A/Ruokolahti-Images/ruokolahti_DJI_0082_frame2.jpg,ruokolahti,ruokolahti_dji_0082,2,train,1
/workspace/Boreal-Forest-Fire/Boreal-Forest-Fire-Subset-A/Ruokolahti-Images/ruokolahti_DJI_0082_frame20.jpg,ruokolahti,ruokolahti_dji_0082,20,train,1
/workspace/Boreal-Forest-Fire/Boreal-Forest-Fire-Subset-A/Ruokolahti-Images/ruokolahti_DJI_0082_frame21.jpg,ruokolahti,ruokolahti_dji_0082,21,train,1
/workspace/Boreal-Forest-Fire/Boreal-Forest-Fire-Subset-A/Ruokolahti-Images/ruokolahti_DJI_0082_frame22.jpg,ruokolahti,ruokolahti_dji_0082,22,train,1
/workspace/Boreal-Forest-Fire/Boreal-Forest-Fire-Subset-A/Ruokolahti-Images/ruokolahti_DJI_0082_frame23.jpg,ruokolahti,ruokolahti_dji_0082,23,train,1
/workspace/Boreal-Forest-Fire/Boreal-Forest-Fire-Subset-A/Ruokolahti-Images/ruokolahti_DJI_0082_frame24.jpg,ruokolahti,ruokolahti_dji_0082,24,train,1
/workspace/Boreal-Forest-Fire/Boreal-Forest-Fire-Subset-A/Ruokolahti-Images/ruokolahti_DJI_0082_frame25.jpg,ruokolahti,ruokolahti_dji_0082,25,train,1
/workspace/Boreal-Forest-Fire/Boreal-Forest-Fire-Subset-A/Ruokolahti-Images/ruokolahti_DJI_0082_frame26.jpg,ruokolahti,ruokolahti_dji_0082,26,train,1
/workspace/Boreal-Forest-Fire/Boreal-Forest-Fire-Subset-A/Ruokolahti-Images/ruokolahti_DJI_0082_frame27.jpg,ruokolahti,ruokolahti_dji_0082,27,train,1
/workspace/Boreal-Forest-Fire/Boreal-Forest-Fire-Subset-A/Ruokolahti-Images/ruokolahti_DJI_0082_frame28.jpg,ruokolahti,ruokolahti_dji_0082,28,train,1
/workspace/Boreal-Forest-Fire/Boreal-Forest-Fire-Subset-A/Ruokolahti-Images/ruokolahti_DJI_0082_frame29.jpg,ruokolahti,ruokolahti_dji_0082,29,train,1
/workspace/Boreal-Forest-Fire/Boreal-Forest-Fire-Subset-A/Ruokolahti-Images/ruokolahti_DJI_0082_frame3.jpg,ruokolahti,ruokolahti_dji_0082,3,train,1
/workspace/Boreal-Forest-Fire/Boreal-Forest-Fire-Subset-A/Ruokolahti-Images/ruokolahti_DJI_0082_frame30.jpg,ruokolahti,ruokolahti_dji_0082,30,train,1
/workspace/Boreal-Forest-Fire/Boreal-Forest-Fire-Subset-A/Ruokolahti-Images/ruokolahti_DJI_0082_frame31.jpg,ruokolahti,ruokolahti_dji_0082,31,train,1
/workspace/Boreal-Forest-Fire/Boreal-Forest-Fire-Subset-A/Ruokolahti-Images/ruokolahti_DJI_0082_frame32.jpg,ruokolahti,ruokolahti_dji_0082,32,train,1
/workspace/Boreal-Forest-Fire/Boreal-Forest-Fire-Subset-A/Ruokolahti-Images/ruokolahti_DJI_0082_frame33.jpg,ruokolahti,ruokolahti_dji_0082,33,train,1
/workspace/Boreal-Forest-Fire/Boreal-Forest-Fire-Subset-A/Ruokolahti-Images/ruokolahti_DJI_0082_frame34.jpg,ruokolahti,ruokolahti_dji_0082,34,train,1
/workspace/Boreal-Forest-Fire/Boreal-Forest-Fire-Subset-A/Ruokolahti-Images/ruokolahti_DJI_0082_frame35.jpg,ruokolahti,ruokolahti_dji_0082,35,train,1
/workspace/Boreal-Forest-Fire/Boreal-Forest-Fire-Subset-A/Ruokolahti-Images/ruokolahti_DJI_0082_frame36.jpg,ruokolahti,ruokolahti_dji_0082,36,train,1
/workspace/Boreal-Forest-Fire/Boreal-Forest-Fire-Subset-A/Ruokolahti-Images/ruokolahti_DJI_0082_frame37.jpg,ruokolahti,ruokolahti_dji_0082,37,train,1
/workspace/Boreal-Forest-Fire/Boreal-Forest-Fire-Subset-A/Ruokolahti-Images/ruokolahti_DJI_0082_frame38.jpg,ruokolahti,ruokolahti_dji_0082,38,train,1
/workspace/Boreal-Forest-Fire/Boreal-Forest-Fire-Subset-A/Ruokolahti-Images/ruokolahti_DJI_0082_frame39.jpg,ruokolahti,ruokolahti_dji_0082,39,train,1
/workspace/Boreal-Forest-Fire/Boreal-Forest-Fire-Subset-A/Ruokolahti-Images/ruokolahti_DJI_0082_frame4.jpg,ruokolahti,ruokolahti_dji_0082,4,train,1
/workspace/Boreal-Forest-Fire/Boreal-Forest-Fire-Subset-A/Ruokolahti-Images/ruokolahti_DJI_0082_frame40.jpg,ruokolahti,ruokolahti_dji_0082,40,train,1
/workspace/Boreal-Forest-Fire/Boreal-Forest-Fire-Subset-A/Ruokolahti-Images/ruokolahti_DJI_0082_frame41.jpg,ruokolahti,ruokolahti_dji_0082,41,train,1
/workspace/Boreal-Forest-Fire/Boreal-Forest-Fire-Subset-A/Ruokolahti-Images/ruokolahti_DJI_0082_frame42.jpg,ruokolahti,ruokolahti_dji_0082,42,train,1
/workspace/Boreal-Forest-Fire/Boreal-Forest-Fire-Subset-A/Ruokolahti-Images/ruokolahti_DJI_0082_frame43.jpg,ruokolahti,ruokolahti_dji_0082,43,train,1
/workspace/Boreal-Forest-Fire/Boreal-Forest-Fire-Subset-A/Ruokolahti-Images/ruokolahti_DJI_0082_frame44.jpg,ruokolahti,ruokolahti_dji_0082,44,train,1
/workspace/Boreal-Forest-Fire/Boreal-Forest-Fire-Subset-A/Ruokolahti-Images/ruokolahti_DJI_0082_frame45.jpg,ruokolahti,ruokolahti_dji_0082,45,train,1
/workspace/Boreal-Forest-Fire/Boreal-Forest-Fire-Subset-A/Ruokolahti-Images/ruokolahti_DJI_0082_frame46.jpg,ruokolahti,ruokolahti_dji_0082,46,train,1
/workspace/Boreal-Forest-Fire/Boreal-Forest-Fire-Subset-A/Ruokolahti-Images/ruokolahti_DJI_0082_frame47.jpg,ruokolahti,ruokolahti_dji_0082,47,train,1
/workspace/Boreal-Forest-Fire/Boreal-Forest-Fire-Subset-A/Ruokolahti-Images/ruokolahti_DJI_0082_frame48.jpg,ruokolahti,ruokolahti_dji_0082,48,train,1
/workspace/Boreal-Forest-Fire/Boreal-Forest-Fire-Subset-A/Ruokolahti-Images/ruokolahti_DJI_0082_frame49.jpg,ruokolahti,ruokolahti_dji_0082,49,train,1
/workspace/Boreal-Forest-Fire/Boreal-Forest-Fire-Subset-A/Ruokolahti-Images/ruokolahti_DJI_0082_frame5.jpg,ruokolahti,ruokolahti_dji_0082,5,train,1
/workspace/Boreal-Forest-Fire/Boreal-Forest-Fire-Subset-A/Ruokolahti-Images/ruokolahti_DJI_0082_frame50.jpg,ruokolahti,ruokolahti_dji_0082,50,train,1
/workspace/Boreal-Forest-Fire/Boreal-Forest-Fire-Subset-A/Ruokolahti-Images/ruokolahti_DJI_0082_frame51.jpg,ruokolahti,ruokolahti_dji_0082,51,train,1
/workspace/Boreal-Forest-Fire/Boreal-Forest-Fire-Subset-A/Ruokolahti-Images/ruokolahti_DJI_0082_frame52.jpg,ruokolahti,ruokolahti_dji_0082,52,train,1
/workspace/Boreal-Forest-Fire/Boreal-Forest-Fire-Subset-A/Ruokolahti-Images/ruokolahti_DJI_0082_frame53.jpg,ruokolahti,ruokolahti_dji_0082,53,train,1
/workspace/Boreal-Forest-Fire/Boreal-Forest-Fire-Subset-A/Ruokolahti-Images/ruokolahti_DJI_0082_frame54.jpg,ruokolahti,ruokolahti_dji_0082,54,train,1
/workspace/Boreal-Forest-Fire/Boreal-Forest-Fire-Subset-A/Ruokolahti-Images/ruokolahti_DJI_0082_frame55.jpg,ruokolahti,ruokolahti_dji_0082,55,train,1
/workspace/Boreal-Forest-Fire/Boreal-Forest-Fire-Subset-A/Ruokolahti-Images/ruokolahti_DJI_0082_frame56.jpg,ruokolahti,ruokolahti_dji_0082,56,train,1
/workspace/Boreal-Forest-Fire/Boreal-Forest-Fire-Subset-A/Ruokolahti-Images/ruokolahti_DJI_0082_frame57.jpg,ruokolahti,ruokolahti_dji_0082,57,train,1
/workspace/Boreal-Forest-Fire/Boreal-Forest-Fire-Subset-A/Ruokolahti-Images/ruokolahti_DJI_0082_frame58.jpg,ruokolahti,ruokolahti_dji_0082,58,train,1
/workspace/Boreal-Forest-Fire/Boreal-Forest-Fire-Subset-A/Ruokolahti-Images/ruokolahti_DJI_0082_frame59.jpg,ruokolahti,ruokolahti_dji_0082,59,train,1
/workspace/Boreal-Forest-Fire/Boreal-Forest-Fire-Subset-A/Ruokolahti-Images/ruokolahti_DJI_0082_frame6.jpg,ruokolahti,ruokolahti_dji_0082,6,train,1
/workspace/Boreal-Forest-Fire/Boreal-Forest-Fire-Subset-A/Ruokolahti-Images/ruokolahti_DJI_0082_frame60.jpg,ruokolahti,ruokolahti_dji_0082,60,train,1
/workspace/Boreal-Forest-Fire/Boreal-Forest-Fire-Subset-A/Ruokolahti-Images/ruokolahti_DJI_0082_frame61.jpg,ruokolahti,ruokolahti_dji_0082,61,train,1
/workspace/Boreal-Forest-Fire/Boreal-Forest-Fire-Subset-A/Ruokolahti-Images/ruokolahti_DJI_0082_frame62.jpg,ruokolahti,ruokolahti_dji_0082,62,train,1
/workspace/Boreal-Forest-Fire/Boreal-Forest-Fire-Subset-A/Ruokolahti-Images/ruokolahti_DJI_0082_frame63.jpg,ruokolahti,ruokolahti_dji_0082,63,train,1
/workspace/Boreal-Forest-Fire/Boreal-Forest-Fire-Subset-A/Ruokolahti-Images/ruokolahti_DJI_0082_frame64.jpg,ruokolahti,ruokolahti_dji_0082,64,train,1
/workspace/Boreal-Forest-Fire/Boreal-Forest-Fire-Subset-A/Ruokolahti-Images/ruokolahti_DJI_0082_frame65.jpg,ruokolahti,ruokolahti_dji_0082,65,train,1
/workspace/Boreal-Forest-Fire/Boreal-Forest-Fire-Subset-A/Ruokolahti-Images/ruokolahti_DJI_0082_frame66.jpg,ruokolahti,ruokolahti_dji_0082,66,train,1
/workspace/Boreal-Forest-Fire/Boreal-Forest-Fire-Subset-A/Ruokolahti-Images/ruokolahti_DJI_0082_frame67.jpg,ruokolahti,ruokolahti_dji_0082,67,train,1
/workspace/Boreal-Forest-Fire/Boreal-Forest-Fire-Subset-A/Ruokolahti-Images/ruokolahti_DJI_0082_frame68.jpg,ruokolahti,ruokolahti_dji_0082,68,train,1
/workspace/Boreal-Forest-Fire/Boreal-Forest-Fire-Subset-A/Ruokolahti-Images/ruokolahti_DJI_0082_frame69.jpg,ruokolahti,ruokolahti_dji_0082,69,train,1
/workspace/Boreal-Forest-Fire/Boreal-Forest-Fire-Subset-A/Ruokolahti-Images/ruokolahti_DJI_0082_frame7.jpg,ruokolahti,ruokolahti_dji_0082,7,train,1
/workspace/Boreal-Forest-Fire/Boreal-Forest-Fire-Subset-A/Ruokolahti-Images/ruokolahti_DJI_0082_frame8.jpg,ruokolahti,ruokolahti_dji_0082,8,train,1
/workspace/Boreal-Forest-Fire/Boreal-Forest-Fire-Subset-A/Ruokolahti-Images/ruokolahti_DJI_0082_frame9.jpg,ruokolahti,ruokolahti_dji_0082,9,train,1
/workspace/Boreal-Forest-Fire/Boreal-Forest-Fire-Subset-A/Ruokolahti-Images/ruokolahti_DJI_0084_frame0.jpg,ruokolahti,ruokolahti_dji_0084,0,train,1
/workspace/Boreal-Forest-Fire/Boreal-Forest-Fire-Subset-A/Ruokolahti-Images/ruokolahti_DJI_0084_frame1.jpg,ruokolahti,ruokolahti_dji_0084,1,train,1
/workspace/Boreal-Forest-Fire/Boreal-Forest-Fire-Subset-A/Ruokolahti-Images/ruokolahti_DJI_0084_frame10.jpg,ruokolahti,ruokolahti_dji_0084,10,train,1
/workspace/Boreal-Forest-Fire/Boreal-Forest-Fire-Subset-A/Ruokolahti-Images/ruokolahti_DJI_0084_frame11.jpg,ruokolahti,ruokolahti_dji_0084,11,train,1
/workspace/Boreal-Forest-Fire/Boreal-Forest-Fire-Subset-A/Ruokolahti-Images/ruokolahti_DJI_0084_frame12.jpg,ruokolahti,ruokolahti_dji_0084,12,train,1
/workspace/Boreal-Forest-Fire/Boreal-Forest-Fire-Subset-A/Ruokolahti-Images/ruokolahti_DJI_0084_frame13.jpg,ruokolahti,ruokolahti_dji_0084,13,train,1
/workspace/Boreal-Forest-Fire/Boreal-Forest-Fire-Subset-A/Ruokolahti-Images/ruokolahti_DJI_0084_frame14.jpg,ruokolahti,ruokolahti_dji_0084,14,train,1
/workspace/Boreal-Forest-Fire/Boreal-Forest-Fire-Subset-A/Ruokolahti-Images/ruokolahti_DJI_0084_frame15.jpg,ruokolahti,ruokolahti_dji_0084,15,train,1
/workspace/Boreal-Forest-Fire/Boreal-Forest-Fire-Subset-A/Ruokolahti-Images/ruokolahti_DJI_0084_frame16.jpg,ruokolahti,ruokolahti_dji_0084,16,train,1
/workspace/Boreal-Forest-Fire/Boreal-Forest-Fire-Subset-A/Ruokolahti-Images/ruokolahti_DJI_0084_frame17.jpg,ruokolahti,ruokolahti_dji_0084,17,train,1
/workspace/Boreal-Forest-Fire/Boreal-Forest-Fire-Subset-A/Ruokolahti-Images/ruokolahti_DJI_0084_frame18.jpg,ruokolahti,ruokolahti_dji_0084,18,train,1
/workspace/Boreal-Forest-Fire/Boreal-Forest-Fire-Subset-A/Ruokolahti-Images/ruokolahti_DJI_0084_frame19.jpg,ruokolahti,ruokolahti_dji_0084,19,train,1
/workspace/Boreal-Forest-Fire/Boreal-Forest-Fire-Subset-A/Ruokolahti-Images/ruokolahti_DJI_0084_frame2.jpg,ruokolahti,ruokolahti_dji_0084,2,train,1
/workspace/Boreal-Forest-Fire/Boreal-Forest-Fire-Subset-A/Ruokolahti-Images/ruokolahti_DJI_0084_frame20.jpg,ruokolahti,ruokolahti_dji_0084,20,train,1
/workspace/Boreal-Forest-Fire/Boreal-Forest-Fire-Subset-A/Ruokolahti-Images/ruokolahti_DJI_0084_frame21.jpg,ruokolahti,ruokolahti_dji_0084,21,train,1
/workspace/Boreal-Forest-Fire/Boreal-Forest-Fire-Subset-A/Ruokolahti-Images/ruokolahti_DJI_0084_frame22.jpg,ruokolahti,ruokolahti_dji_0084,22,train,1
/workspace/Boreal-Forest-Fire/Boreal-Forest-Fire-Subset-A/Ruokolahti-Images/ruokolahti_DJI_0084_frame3.jpg,ruokolahti,ruokolahti_dji_0084,3,train,1
/workspace/Boreal-Forest-Fire/Boreal-Forest-Fire-Subset-A/Ruokolahti-Images/ruokolahti_DJI_0084_frame4.jpg,ruokolahti,ruokolahti_dji_0084,4,train,1
/workspace/Boreal-Forest-Fire/Boreal-Forest-Fire-Subset-A/Ruokolahti-Images/ruokolahti_DJI_0084_frame5.jpg,ruokolahti,ruokolahti_dji_0084,5,train,1
/workspace/Boreal-Forest-Fire/Boreal-Forest-Fire-Subset-A/Ruokolahti-Images/ruokolahti_DJI_0084_frame6.jpg,ruokolahti,ruokolahti_dji_0084,6,train,1
/workspace/Boreal-Forest-Fire/Boreal-Forest-Fire-Subset-A/Ruokolahti-Images/ruokolahti_DJI_0084_frame7.jpg,ruokolahti,ruokolahti_dji_0084,7,train,1
/workspace/Boreal-Forest-Fire/Boreal-Forest-Fire-Subset-A/Ruokolahti-Images/ruokolahti_DJI_0084_frame8.jpg,ruokolahti,ruokolahti_dji_0084,8,train,1
/workspace/Boreal-Forest-Fire/Boreal-Forest-Fire-Subset-A/Ruokolahti-Images/ruokolahti_DJI_0084_frame9.jpg,ruokolahti,ruokolahti_dji_0084,9,train,1
/workspace/Boreal-Forest-Fire/Boreal-Forest-Fire-Subset-A/Ruokolahti-Images/ruokolahti_DJI_0085_frame0.jpg,ruokolahti,ruokolahti_dji_0085,0,train,1
/workspace/Boreal-Forest-Fire/Boreal-Forest-Fire-Subset-A/Ruokolahti-Images/ruokolahti_DJI_0085_frame1.jpg,ruokolahti,ruokolahti_dji_0085,1,train,1
/workspace/Boreal-Forest-Fire/Boreal-Forest-Fire-Subset-A/Ruokolahti-Images/ruokolahti_DJI_0085_frame10.jpg,ruokolahti,ruokolahti_dji_0085,10,train,1
/workspace/Boreal-Forest-Fire/Boreal-Forest-Fire-Subset-A/Ruokolahti-Images/ruokolahti_DJI_0085_frame100.jpg,ruokolahti,ruokolahti_dji_0085,100,train,1
/workspace/Boreal-Forest-Fire/Boreal-Forest-Fire-Subset-A/Ruokolahti-Images/ruokolahti_DJI_0085_frame101.jpg,ruokolahti,ruokolahti_dji_0085,101,train,1
/workspace/Boreal-Forest-Fire/Boreal-Forest-Fire-Subset-A/Ruokolahti-Images/ruokolahti_DJI_0085_frame102.jpg,ruokolahti,ruokolahti_dji_0085,102,train,1
/workspace/Boreal-Forest-Fire/Boreal-Forest-Fire-Subset-A/Ruokolahti-Images/ruokolahti_DJI_0085_frame103.jpg,ruokolahti,ruokolahti_dji_0085,103,train,1
/workspace/Boreal-Forest-Fire/Boreal-Forest-Fire-Subset-A/Ruokolahti-Images/ruokolahti_DJI_0085_frame104.jpg,ruokolahti,ruokolahti_dji_0085,104,train,1
/workspace/Boreal-Forest-Fire/Boreal-Forest-Fire-Subset-A/Ruokolahti-Images/ruokolahti_DJI_0085_frame105.jpg,ruokolahti,ruokolahti_dji_0085,105,train,1
/workspace/Boreal-Forest-Fire/Boreal-Forest-Fire-Subset-A/Ruokolahti-Images/ruokolahti_DJI_0085_frame106.jpg,ruokolahti,ruokolahti_dji_0085,106,train,1
/workspace/Boreal-Forest-Fire/Boreal-Forest-Fire-Subset-A/Ruokolahti-Images/ruokolahti_DJI_0085_frame107.jpg,ruokolahti,ruokolahti_dji_0085,107,train,1
/workspace/Boreal-Forest-Fire/Boreal-Forest-Fire-Subset-A/Ruokolahti-Images/ruokolahti_DJI_0085_frame108.jpg,ruokolahti,ruokolahti_dji_0085,108,train,1
/workspace/Boreal-Forest-Fire/Boreal-Forest-Fire-Subset-A/Ruokolahti-Images/ruokolahti_DJI_0085_frame109.jpg,ruokolahti,ruokolahti_dji_0085,109,train,1
/workspace/Boreal-Forest-Fire/Boreal-Forest-Fire-Subset-A/Ruokolahti-Images/ruokolahti_DJI_0085_frame11.jpg,ruokolahti,ruokolahti_dji_0085,11,train,1
/workspace/Boreal-Forest-Fire/Boreal-Forest-Fire-Subset-A/Ruokolahti-Images/ruokolahti_DJI_0085_frame110.jpg,ruokolahti,ruokolahti_dji_0085,110,train,1
/workspace/Boreal-Forest-Fire/Boreal-Forest-Fire-Subset-A/Ruokolahti-Images/ruokolahti_DJI_0085_frame111.jpg,ruokolahti,ruokolahti_dji_0085,111,train,1
/workspace/Boreal-Forest-Fire/Boreal-Forest-Fire-Subset-A/Ruokolahti-Images/ruokolahti_DJI_0085_frame112.jpg,ruokolahti,ruokolahti_dji_0085,112,train,1
/workspace/Boreal-Forest-Fire/Boreal-Forest-Fire-Subset-A/Ruokolahti-Images/ruokolahti_DJI_0085_frame113.jpg,ruokolahti,ruokolahti_dji_0085,113,train,1
/workspace/Boreal-Forest-Fire/Boreal-Forest-Fire-Subset-A/Ruokolahti-Images/ruokolahti_DJI_0085_frame114.jpg,ruokolahti,ruokolahti_dji_0085,114,train,1
/workspace/Boreal-Forest-Fire/Boreal-Forest-Fire-Subset-A/Ruokolahti-Images/ruokolahti_DJI_0085_frame115.jpg,ruokolahti,ruokolahti_dji_0085,115,train,1
/workspace/Boreal-Forest-Fire/Boreal-Forest-Fire-Subset-A/Ruokolahti-Images/ruokolahti_DJI_0085_frame116.jpg,ruokolahti,ruokolahti_dji_0085,116,train,1
/workspace/Boreal-Forest-Fire/Boreal-Forest-Fire-Subset-A/Ruokolahti-Images/ruokolahti_DJI_0085_frame117.jpg,ruokolahti,ruokolahti_dji_0085,117,train,1
/workspace/Boreal-Forest-Fire/Boreal-Forest-Fire-Subset-A/Ruokolahti-Images/ruokolahti_DJI_0085_frame118.jpg,ruokolahti,ruokolahti_dji_0085,118,train,1
/workspace/Boreal-Forest-Fire/Boreal-Forest-Fire-Subset-A/Ruokolahti-Images/ruokolahti_DJI_0085_frame119.jpg,ruokolahti,ruokolahti_dji_0085,119,train,1
/workspace/Boreal-Forest-Fire/Boreal-Forest-Fire-Subset-A/Ruokolahti-Images/ruokolahti_DJI_0085_frame12.jpg,ruokolahti,ruokolahti_dji_0085,12,train,1
/workspace/Boreal-Forest-Fire/Boreal-Forest-Fire-Subset-A/Ruokolahti-Images/ruokolahti_DJI_0085_frame120.jpg,ruokolahti,ruokolahti_dji_0085,120,train,1
/workspace/Boreal-Forest-Fire/Boreal-Forest-Fire-Subset-A/Ruokolahti-Images/ruokolahti_DJI_0085_frame121.jpg,ruokolahti,ruokolahti_dji_0085,121,train,1
/workspace/Boreal-Forest-Fire/Boreal-Forest-Fire-Subset-A/Ruokolahti-Images/ruokolahti_DJI_0085_frame122.jpg,ruokolahti,ruokolahti_dji_0085,122,train,1
/workspace/Boreal-Forest-Fire/Boreal-Forest-Fire-Subset-A/Ruokolahti-Images/ruokolahti_DJI_0085_frame123.jpg,ruokolahti,ruokolahti_dji_0085,123,train,1
/workspace/Boreal-Forest-Fire/Boreal-Forest-Fire-Subset-A/Ruokolahti-Images/ruokolahti_DJI_0085_frame124.jpg,ruokolahti,ruokolahti_dji_0085,124,train,1
/workspace/Boreal-Forest-Fire/Boreal-Forest-Fire-Subset-A/Ruokolahti-Images/ruokolahti_DJI_0085_frame125.jpg,ruokolahti,ruokolahti_dji_0085,125,train,1
/workspace/Boreal-Forest-Fire/Boreal-Forest-Fire-Subset-A/Ruokolahti-Images/ruokolahti_DJI_0085_frame126.jpg,ruokolahti,ruokolahti_dji_0085,126,train,1
/workspace/Boreal-Forest-Fire/Boreal-Forest-Fire-Subset-A/Ruokolahti-Images/ruokolahti_DJI_0085_frame127.jpg,ruokolahti,ruokolahti_dji_0085,127,train,1
/workspace/Boreal-Forest-Fire/Boreal-Forest-Fire-Subset-A/Ruokolahti-Images/ruokolahti_DJI_0085_frame128.jpg,ruokolahti,ruokolahti_dji_0085,128,train,1
/workspace/Boreal-Forest-Fire/Boreal-Forest-Fire-Subset-A/Ruokolahti-Images/ruokolahti_DJI_0085_frame129.jpg,ruokolahti,ruokolahti_dji_0085,129,train,1
/workspace/Boreal-Forest-Fire/Boreal-Forest-Fire-Subset-A/Ruokolahti-Images/ruokolahti_DJI_0085_frame13.jpg,ruokolahti,ruokolahti_dji_0085,13,train,1
/workspace/Boreal-Forest-Fire/Boreal-Forest-Fire-Subset-A/Ruokolahti-Images/ruokolahti_DJI_0085_frame130.jpg,ruokolahti,ruokolahti_dji_0085,130,train,1
/workspace/Boreal-Forest-Fire/Boreal-Forest-Fire-Subset-A/Ruokolahti-Images/ruokolahti_DJI_0085_frame131.jpg,ruokolahti,ruokolahti_dji_0085,131,train,1
/workspace/Boreal-Forest-Fire/Boreal-Forest-Fire-Subset-A/Ruokolahti-Images/ruokolahti_DJI_0085_frame132.jpg,ruokolahti,ruokolahti_dji_0085,132,train,1
/workspace/Boreal-Forest-Fire/Boreal-Forest-Fire-Subset-A/Ruokolahti-Images/ruokolahti_DJI_0085_frame133.jpg,ruokolahti,ruokolahti_dji_0085,133,train,1
/workspace/Boreal-Forest-Fire/Boreal-Forest-Fire-Subset-A/Ruokolahti-Images/ruokolahti_DJI_0085_frame134.jpg,ruokolahti,ruokolahti_dji_0085,134,train,1
/workspace/Boreal-Forest-Fire/Boreal-Forest-Fire-Subset-A/Ruokolahti-Images/ruokolahti_DJI_0085_frame135.jpg,ruokolahti,ruokolahti_dji_0085,135,train,1
/workspace/Boreal-Forest-Fire/Boreal-Forest-Fire-Subset-A/Ruokolahti-Images/ruokolahti_DJI_0085_frame136.jpg,ruokolahti,ruokolahti_dji_0085,136,train,1
/workspace/Boreal-Forest-Fire/Boreal-Forest-Fire-Subset-A/Ruokolahti-Images/ruokolahti_DJI_0085_frame137.jpg,ruokolahti,ruokolahti_dji_0085,137,train,1
/workspace/Boreal-Forest-Fire/Boreal-Forest-Fire-Subset-A/Ruokolahti-Images/ruokolahti_DJI_0085_frame138.jpg,ruokolahti,ruokolahti_dji_0085,138,train,1
/workspace/Boreal-Forest-Fire/Boreal-Forest-Fire-Subset-A/Ruokolahti-Images/ruokolahti_DJI_0085_frame139.jpg,ruokolahti,ruokolahti_dji_0085,139,train,1
/workspace/Boreal-Forest-Fire/Boreal-Forest-Fire-Subset-A/Ruokolahti-Images/ruokolahti_DJI_0085_frame14.jpg,ruokolahti,ruokolahti_dji_0085,14,train,1
/workspace/Boreal-Forest-Fire/Boreal-Forest-Fire-Subset-A/Ruokolahti-Images/ruokolahti_DJI_0085_frame140.jpg,ruokolahti,ruokolahti_dji_0085,140,train,1
/workspace/Boreal-Forest-Fire/Boreal-Forest-Fire-Subset-A/Ruokolahti-Images/ruokolahti_DJI_0085_frame141.jpg,ruokolahti,ruokolahti_dji_0085,141,train,1
/workspace/Boreal-Forest-Fire/Boreal-Forest-Fire-Subset-A/Ruokolahti-Images/ruokolahti_DJI_0085_frame142.jpg,ruokolahti,ruokolahti_dji_0085,142,train,1
/workspace/Boreal-Forest-Fire/Boreal-Forest-Fire-Subset-A/Ruokolahti-Images/ruokolahti_DJI_0085_frame143.jpg,ruokolahti,ruokolahti_dji_0085,143,train,1
/workspace/Boreal-Forest-Fire/Boreal-Forest-Fire-Subset-A/Ruokolahti-Images/ruokolahti_DJI_0085_frame144.jpg,ruokolahti,ruokolahti_dji_0085,144,train,1
/workspace/Boreal-Forest-Fire/Boreal-Forest-Fire-Subset-A/Ruokolahti-Images/ruokolahti_DJI_0085_frame145.jpg,ruokolahti,ruokolahti_dji_0085,145,train,1
/workspace/Boreal-Forest-Fire/Boreal-Forest-Fire-Subset-A/Ruokolahti-Images/ruokolahti_DJI_0085_frame146.jpg,ruokolahti,ruokolahti_dji_0085,146,train,1
/workspace/Boreal-Forest-Fire/Boreal-Forest-Fire-Subset-A/Ruokolahti-Images/ruokolahti_DJI_0085_frame147.jpg,ruokolahti,ruokolahti_dji_0085,147,train,1
/workspace/Boreal-Forest-Fire/Boreal-Forest-Fire-Subset-A/Ruokolahti-Images/ruokolahti_DJI_0085_frame148.jpg,ruokolahti,ruokolahti_dji_0085,148,train,1
/workspace/Boreal-Forest-Fire/Boreal-Forest-Fire-Subset-A/Ruokolahti-Images/ruokolahti_DJI_0085_frame149.jpg,ruokolahti,ruokolahti_dji_0085,149,train,1
/workspace/Boreal-Forest-Fire/Boreal-Forest-Fire-Subset-A/Ruokolahti-Images/ruokolahti_DJI_0085_frame15.jpg,ruokolahti,ruokolahti_dji_0085,15,train,1
/workspace/Boreal-Forest-Fire/Boreal-Forest-Fire-Subset-A/Ruokolahti-Images/ruokolahti_DJI_0085_frame150.jpg,ruokolahti,ruokolahti_dji_0085,150,train,1
/workspace/Boreal-Forest-Fire/Boreal-Forest-Fire-Subset-A/Ruokolahti-Images/ruokolahti_DJI_0085_frame151.jpg,ruokolahti,ruokolahti_dji_0085,151,train,1
/workspace/Boreal-Forest-Fire/Boreal-Forest-Fire-Subset-A/Ruokolahti-Images/ruokolahti_DJI_0085_frame152.jpg,ruokolahti,ruokolahti_dji_0085,152,train,1
/workspace/Boreal-Forest-Fire/Boreal-Forest-Fire-Subset-A/Ruokolahti-Images/ruokolahti_DJI_0085_frame153.jpg,ruokolahti,ruokolahti_dji_0085,153,train,1
/workspace/Boreal-Forest-Fire/Boreal-Forest-Fire-Subset-A/Ruokolahti-Images/ruokolahti_DJI_0085_frame154.jpg,ruokolahti,ruokolahti_dji_0085,154,train,1
/workspace/Boreal-Forest-Fire/Boreal-Forest-Fire-Subset-A/Ruokolahti-Images/ruokolahti_DJI_0085_frame155.jpg,ruokolahti,ruokolahti_dji_0085,155,train,1
/workspace/Boreal-Forest-Fire/Boreal-Forest-Fire-Subset-A/Ruokolahti-Images/ruokolahti_DJI_0085_frame156.jpg,ruokolahti,ruokolahti_dji_0085,156,train,1
/workspace/Boreal-Forest-Fire/Boreal-Forest-Fire-Subset-A/Ruokolahti-Images/ruokolahti_DJI_0085_frame157.jpg,ruokolahti,ruokolahti_dji_0085,157,train,1
/workspace/Boreal-Forest-Fire/Boreal-Forest-Fire-Subset-A/Ruokolahti-Images/ruokolahti_DJI_0085_frame158.jpg,ruokolahti,ruokolahti_dji_0085,158,train,1
/workspace/Boreal-Forest-Fire/Boreal-Forest-Fire-Subset-A/Ruokolahti-Images/ruokolahti_DJI_0085_frame159.jpg,ruokolahti,ruokolahti_dji_0085,159,train,1
/workspace/Boreal-Forest-Fire/Boreal-Forest-Fire-Subset-A/Ruokolahti-Images/ruokolahti_DJI_0085_frame16.jpg,ruokolahti,ruokolahti_dji_0085,16,train,1
/workspace/Boreal-Forest-Fire/Boreal-Forest-Fire-Subset-A/Ruokolahti-Images/ruokolahti_DJI_0085_frame160.jpg,ruokolahti,ruokolahti_dji_0085,160,train,1
/workspace/Boreal-Forest-Fire/Boreal-Forest-Fire-Subset-A/Ruokolahti-Images/ruokolahti_DJI_0085_frame161.jpg,ruokolahti,ruokolahti_dji_0085,161,train,1
/workspace/Boreal-Forest-Fire/Boreal-Forest-Fire-Subset-A/Ruokolahti-Images/ruokolahti_DJI_0085_frame162.jpg,ruokolahti,ruokolahti_dji_0085,162,train,1
/workspace/Boreal-Forest-Fire/Boreal-Forest-Fire-Subset-A/Ruokolahti-Images/ruokolahti_DJI_0085_frame163.jpg,ruokolahti,ruokolahti_dji_0085,163,train,1
/workspace/Boreal-Forest-Fire/Boreal-Forest-Fire-Subset-A/Ruokolahti-Images/ruokolahti_DJI_0085_frame164.jpg,ruokolahti,ruokolahti_dji_0085,164,train,1
/workspace/Boreal-Forest-Fire/Boreal-Forest-Fire-Subset-A/Ruokolahti-Images/ruokolahti_DJI_0085_frame165.jpg,ruokolahti,ruokolahti_dji_0085,165,train,1
/workspace/Boreal-Forest-Fire/Boreal-Forest-Fire-Subset-A/Ruokolahti-Images/ruokolahti_DJI_0085_frame166.jpg,ruokolahti,ruokolahti_dji_0085,166,train,1
/workspace/Boreal-Forest-Fire/Boreal-Forest-Fire-Subset-A/Ruokolahti-Images/ruokolahti_DJI_0085_frame167.jpg,ruokolahti,ruokolahti_dji_0085,167,train,1
/workspace/Boreal-Forest-Fire/Boreal-Forest-Fire-Subset-A/Ruokolahti-Images/ruokolahti_DJI_0085_frame168.jpg,ruokolahti,ruokolahti_dji_0085,168,train,1
/workspace/Boreal-Forest-Fire/Boreal-Forest-Fire-Subset-A/Ruokolahti-Images/ruokolahti_DJI_0085_frame169.jpg,ruokolahti,ruokolahti_dji_0085,169,train,1
/workspace/Boreal-Forest-Fire/Boreal-Forest-Fire-Subset-A/Ruokolahti-Images/ruokolahti_DJI_0085_frame17.jpg,ruokolahti,ruokolahti_dji_0085,17,train,1
/workspace/Boreal-Forest-Fire/Boreal-Forest-Fire-Subset-A/Ruokolahti-Images/ruokolahti_DJI_0085_frame170.jpg,ruokolahti,ruokolahti_dji_0085,170,train,1
/workspace/Boreal-Forest-Fire/Boreal-Forest-Fire-Subset-A/Ruokolahti-Images/ruokolahti_DJI_0085_frame171.jpg,ruokolahti,ruokolahti_dji_0085,171,train,1
/workspace/Boreal-Forest-Fire/Boreal-Forest-Fire-Subset-A/Ruokolahti-Images/ruokolahti_DJI_0085_frame172.jpg,ruokolahti,ruokolahti_dji_0085,172,train,1
/workspace/Boreal-Forest-Fire/Boreal-Forest-Fire-Subset-A/Ruokolahti-Images/ruokolahti_DJI_0085_frame173.jpg,ruokolahti,ruokolahti_dji_0085,173,train,1
/workspace/Boreal-Forest-Fire/Boreal-Forest-Fire-Subset-A/Ruokolahti-Images/ruokolahti_DJI_0085_frame174.jpg,ruokolahti,ruokolahti_dji_0085,174,train,1
/workspace/Boreal-Forest-Fire/Boreal-Forest-Fire-Subset-A/Ruokolahti-Images/ruokolahti_DJI_0085_frame175.jpg,ruokolahti,ruokolahti_dji_0085,175,train,1
/workspace/Boreal-Forest-Fire/Boreal-Forest-Fire-Subset-A/Ruokolahti-Images/ruokolahti_DJI_0085_frame18.jpg,ruokolahti,ruokolahti_dji_0085,18,train,1
/workspace/Boreal-Forest-Fire/Boreal-Forest-Fire-Subset-A/Ruokolahti-Images/ruokolahti_DJI_0085_frame19.jpg,ruokolahti,ruokolahti_dji_0085,19,train,1
/workspace/Boreal-Forest-Fire/Boreal-Forest-Fire-Subset-A/Ruokolahti-Images/ruokolahti_DJI_0085_frame2.jpg,ruokolahti,ruokolahti_dji_0085,2,train,1
/workspace/Boreal-Forest-Fire/Boreal-Forest-Fire-Subset-A/Ruokolahti-Images/ruokolahti_DJI_0085_frame20.jpg,ruokolahti,ruokolahti_dji_0085,20,train,1
/workspace/Boreal-Forest-Fire/Boreal-Forest-Fire-Subset-A/Ruokolahti-Images/ruokolahti_DJI_0085_frame21.jpg,ruokolahti,ruokolahti_dji_0085,21,train,1
/workspace/Boreal-Forest-Fire/Boreal-Forest-Fire-Subset-A/Ruokolahti-Images/ruokolahti_DJI_0085_frame22.jpg,ruokolahti,ruokolahti_dji_0085,22,train,1
/workspace/Boreal-Forest-Fire/Boreal-Forest-Fire-Subset-A/Ruokolahti-Images/ruokolahti_DJI_0085_frame23.jpg,ruokolahti,ruokolahti_dji_0085,23,train,1
/workspace/Boreal-Forest-Fire/Boreal-Forest-Fire-Subset-A/Ruokolahti-Images/ruokolahti_DJI_0085_frame24.jpg,ruokolahti,ruokolahti_dji_0085,24,train,1
/workspace/Boreal-Forest-Fire/Boreal-Forest-Fire-Subset-A/Ruokolahti-Images/ruokolahti_DJI_0085_frame25.jpg,ruokolahti,ruokolahti_dji_0085,25,train,1
/workspace/Boreal-Forest-Fire/Boreal-Forest-Fire-Subset-A/Ruokolahti-Images/ruokolahti_DJI_0085_frame26.jpg,ruokolahti,ruokolahti_dji_0085,26,train,1
/workspace/Boreal-Forest-Fire/Boreal-Forest-Fire-Subset-A/Ruokolahti-Images/ruokolahti_DJI_0085_frame27.jpg,ruokolahti,ruokolahti_dji_0085,27,train,1
/workspace/Boreal-Forest-Fire/Boreal-Forest-Fire-Subset-A/Ruokolahti-Images/ruokolahti_DJI_0085_frame28.jpg,ruokolahti,ruokolahti_dji_0085,28,train,1
/workspace/Boreal-Forest-Fire/Boreal-Forest-Fire-Subset-A/Ruokolahti-Images/ruokolahti_DJI_0085_frame29.jpg,ruokolahti,ruokolahti_dji_0085,29,train,1
/workspace/Boreal-Forest-Fire/Boreal-Forest-Fire-Subset-A/Ruokolahti-Images/ruokolahti_DJI_0085_frame3.jpg,ruokolahti,ruokolahti_dji_0085,3,train,1
/workspace/Boreal-Forest-Fire/Boreal-Forest-Fire-Subset-A/Ruokolahti-Images/ruokolahti_DJI_0085_frame30.jpg,ruokolahti,ruokolahti_dji_0085,30,train,1
/workspace/Boreal-Forest-Fire/Boreal-Forest-Fire-Subset-A/Ruokolahti-Images/ruokolahti_DJI_0085_frame31.jpg,ruokolahti,ruokolahti_dji_0085,31,train,1
/workspace/Boreal-Forest-Fire/Boreal-Forest-Fire-Subset-A/Ruokolahti-Images/ruokolahti_DJI_0085_frame32.jpg,ruokolahti,ruokolahti_dji_0085,32,train,1
/workspace/Boreal-Forest-Fire/Boreal-Forest-Fire-Subset-A/Ruokolahti-Images/ruokolahti_DJI_0085_frame33.jpg,ruokolahti,ruokolahti_dji_0085,33,train,1
/workspace/Boreal-Forest-Fire/Boreal-Forest-Fire-Subset-A/Ruokolahti-Images/ruokolahti_DJI_0085_frame34.jpg,ruokolahti,ruokolahti_dji_0085,34,train,1
/workspace/Boreal-Forest-Fire/Boreal-Forest-Fire-Subset-A/Ruokolahti-Images/ruokolahti_DJI_0085_frame35.jpg,ruokolahti,ruokolahti_dji_0085,35,train,1
/workspace/Boreal-Forest-Fire/Boreal-Forest-Fire-Subset-A/Ruokolahti-Images/ruokolahti_DJI_0085_frame36.jpg,ruokolahti,ruokolahti_dji_0085,36,train,1
/workspace/Boreal-Forest-Fire/Boreal-Forest-Fire-Subset-A/Ruokolahti-Images/ruokolahti_DJI_0085_frame37.jpg,ruokolahti,ruokolahti_dji_0085,37,train,1
/workspace/Boreal-Forest-Fire/Boreal-Forest-Fire-Subset-A/Ruokolahti-Images/ruokolahti_DJI_0085_frame38.jpg,ruokolahti,ruokolahti_dji_0085,38,train,1
/workspace/Boreal-Forest-Fire/Boreal-Forest-Fire-Subset-A/Ruokolahti-Images/ruokolahti_DJI_0085_frame39.jpg,ruokolahti,ruokolahti_dji_0085,39,train,1
/workspace/Boreal-Forest-Fire/Boreal-Forest-Fire-Subset-A/Ruokolahti-Images/ruokolahti_DJI_0085_frame4.jpg,ruokolahti,ruokolahti_dji_0085,4,train,1
/workspace/Boreal-Forest-Fire/Boreal-Forest-Fire-Subset-A/Ruokolahti-Images/ruokolahti_DJI_0085_frame40.jpg,ruokolahti,ruokolahti_dji_0085,40,train,1
/workspace/Boreal-Forest-Fire/Boreal-Forest-Fire-Subset-A/Ruokolahti-Images/ruokolahti_DJI_0085_frame41.jpg,ruokolahti,ruokolahti_dji_0085,41,train,1
/workspace/Boreal-Forest-Fire/Boreal-Forest-Fire-Subset-A/Ruokolahti-Images/ruokolahti_DJI_0085_frame42.jpg,ruokolahti,ruokolahti_dji_0085,42,train,1
/workspace/Boreal-Forest-Fire/Boreal-Forest-Fire-Subset-A/Ruokolahti-Images/ruokolahti_DJI_0085_frame43.jpg,ruokolahti,ruokolahti_dji_0085,43,train,1
/workspace/Boreal-Forest-Fire/Boreal-Forest-Fire-Subset-A/Ruokolahti-Images/ruokolahti_DJI_0085_frame44.jpg,ruokolahti,ruokolahti_dji_0085,44,train,1
/workspace/Boreal-Forest-Fire/Boreal-Forest-Fire-Subset-A/Ruokolahti-Images/ruokolahti_DJI_0085_frame45.jpg,ruokolahti,ruokolahti_dji_0085,45,train,1
/workspace/Boreal-Forest-Fire/Boreal-Forest-Fire-Subset-A/Ruokolahti-Images/ruokolahti_DJI_0085_frame46.jpg,ruokolahti,ruokolahti_dji_0085,46,train,1
/workspace/Boreal-Forest-Fire/Boreal-Forest-Fire-Subset-A/Ruokolahti-Images/ruokolahti_DJI_0085_frame47.jpg,ruokolahti,ruokolahti_dji_0085,47,train,1
/workspace/Boreal-Forest-Fire/Boreal-Forest-Fire-Subset-A/Ruokolahti-Images/ruokolahti_DJI_0085_frame48.jpg,ruokolahti,ruokolahti_dji_0085,48,train,1
/workspace/Boreal-Forest-Fire/Boreal-Forest-Fire-Subset-A/Ruokolahti-Images/ruokolahti_DJI_0085_frame49.jpg,ruokolahti,ruokolahti_dji_0085,49,train,1
/workspace/Boreal-Forest-Fire/Boreal-Forest-Fire-Subset-A/Ruokolahti-Images/ruokolahti_DJI_0085_frame5.jpg,ruokolahti,ruokolahti_dji_0085,5,train,1
/workspace/Boreal-Forest-Fire/Boreal-Forest-Fire-Subset-A/Ruokolahti-Images/ruokolahti_DJI_0085_frame50.jpg,ruokolahti,ruokolahti_dji_0085,50,train,1
/workspace/Boreal-Forest-Fire/Boreal-Forest-Fire-Subset-A/Ruokolahti-Images/ruokolahti_DJI_0085_frame51.jpg,ruokolahti,ruokolahti_dji_0085,51,train,1
/workspace/Boreal-Forest-Fire/Boreal-Forest-Fire-Subset-A/Ruokolahti-Images/ruokolahti_DJI_0085_frame52.jpg,ruokolahti,ruokolahti_dji_0085,52,train,1
/workspace/Boreal-Forest-Fire/Boreal-Forest-Fire-Subset-A/Ruokolahti-Images/ruokolahti_DJI_0085_frame53.jpg,ruokolahti,ruokolahti_dji_0085,53,train,1
/workspace/Boreal-Forest-Fire/Boreal-Forest-Fire-Subset-A/Ruokolahti-Images/ruokolahti_DJI_0085_frame54.jpg,ruokolahti,ruokolahti_dji_0085,54,train,1
/workspace/Boreal-Forest-Fire/Boreal-Forest-Fire-Subset-A/Ruokolahti-Images/ruokolahti_DJI_0085_frame55.jpg,ruokolahti,ruokolahti_dji_0085,55,train,1
/workspace/Boreal-Forest-Fire/Boreal-Forest-Fire-Subset-A/Ruokolahti-Images/ruokolahti_DJI_0085_frame56.jpg,ruokolahti,ruokolahti_dji_0085,56,train,1
/workspace/Boreal-Forest-Fire/Boreal-Forest-Fire-Subset-A/Ruokolahti-Images/ruokolahti_DJI_0085_frame57.jpg,ruokolahti,ruokolahti_dji_0085,57,train,1
/workspace/Boreal-Forest-Fire/Boreal-Forest-Fire-Subset-A/Ruokolahti-Images/ruokolahti_DJI_0085_frame58.jpg,ruokolahti,ruokolahti_dji_0085,58,train,1
/workspace/Boreal-Forest-Fire/Boreal-Forest-Fire-Subset-A/Ruokolahti-Images/ruokolahti_DJI_0085_frame59.jpg,ruokolahti,ruokolahti_dji_0085,59,train,1
/workspace/Boreal-Forest-Fire/Boreal-Forest-Fire-Subset-A/Ruokolahti-Images/ruokolahti_DJI_0085_frame6.jpg,ruokolahti,ruokolahti_dji_0085,6,train,1
/workspace/Boreal-Forest-Fire/Boreal-Forest-Fire-Subset-A/Ruokolahti-Images/ruokolahti_DJI_0085_frame60.jpg,ruokolahti,ruokolahti_dji_0085,60,train,1
/workspace/Boreal-Forest-Fire/Boreal-Forest-Fire-Subset-A/Ruokolahti-Images/ruokolahti_DJI_0085_frame61.jpg,ruokolahti,ruokolahti_dji_0085,61,train,1
/workspace/Boreal-Forest-Fire/Boreal-Forest-Fire-Subset-A/Ruokolahti-Images/ruokolahti_DJI_0085_frame62.jpg,ruokolahti,ruokolahti_dji_0085,62,train,1
/workspace/Boreal-Forest-Fire/Boreal-Forest-Fire-Subset-A/Ruokolahti-Images/ruokolahti_DJI_0085_frame63.jpg,ruokolahti,ruokolahti_dji_0085,63,train,1
/workspace/Boreal-Forest-Fire/Boreal-Forest-Fire-Subset-A/Ruokolahti-Images/ruokolahti_DJI_0085_frame64.jpg,ruokolahti,ruokolahti_dji_0085,64,train,1
/workspace/Boreal-Forest-Fire/Boreal-Forest-Fire-Subset-A/Ruokolahti-Images/ruokolahti_DJI_0085_frame65.jpg,ruokolahti,ruokolahti_dji_0085,65,train,1
/workspace/Boreal-Forest-Fire/Boreal-Forest-Fire-Subset-A/Ruokolahti-Images/ruokolahti_DJI_0085_frame66.jpg,ruokolahti,ruokolahti_dji_0085,66,train,1
/workspace/Boreal-Forest-Fire/Boreal-Forest-Fire-Subset-A/Ruokolahti-Images/ruokolahti_DJI_0085_frame67.jpg,ruokolahti,ruokolahti_dji_0085,67,train,1
/workspace/Boreal-Forest-Fire/Boreal-Forest-Fire-Subset-A/Ruokolahti-Images/ruokolahti_DJI_0085_frame68.jpg,ruokolahti,ruokolahti_dji_0085,68,train,1
/workspace/Boreal-Forest-Fire/Boreal-Forest-Fire-Subset-A/Ruokolahti-Images/ruokolahti_DJI_0085_frame69.jpg,ruokolahti,ruokolahti_dji_0085,69,train,1
/workspace/Boreal-Forest-Fire/Boreal-Forest-Fire-Subset-A/Ruokolahti-Images/ruokolahti_DJI_0085_frame7.jpg,ruokolahti,ruokolahti_dji_0085,7,train,1
/workspace/Boreal-Forest-Fire/Boreal-Forest-Fire-Subset-A/Ruokolahti-Images/ruokolahti_DJI_0085_frame70.jpg,ruokolahti,ruokolahti_dji_0085,70,train,1
/workspace/Boreal-Forest-Fire/Boreal-Forest-Fire-Subset-A/Ruokolahti-Images/ruokolahti_DJI_0085_frame71.jpg,ruokolahti,ruokolahti_dji_0085,71,train,1
/workspace/Boreal-Forest-Fire/Boreal-Forest-Fire-Subset-A/Ruokolahti-Images/ruokolahti_DJI_0085_frame72.jpg,ruokolahti,ruokolahti_dji_0085,72,train,1
/workspace/Boreal-Forest-Fire/Boreal-Forest-Fire-Subset-A/Ruokolahti-Images/ruokolahti_DJI_0085_frame73.jpg,ruokolahti,ruokolahti_dji_0085,73,train,1
/workspace/Boreal-Forest-Fire/Boreal-Forest-Fire-Subset-A/Ruokolahti-Images/ruokolahti_DJI_0085_frame74.jpg,ruokolahti,ruokolahti_dji_0085,74,train,1
/workspace/Boreal-Forest-Fire/Boreal-Forest-Fire-Subset-A/Ruokolahti-Images/ruokolahti_DJI_0085_frame75.jpg,ruokolahti,ruokolahti_dji_0085,75,train,1
/workspace/Boreal-Forest-Fire/Boreal-Forest-Fire-Subset-A/Ruokolahti-Images/ruokolahti_DJI_0085_frame76.jpg,ruokolahti,ruokolahti_dji_0085,76,train,1
/workspace/Boreal-Forest-Fire/Boreal-Forest-Fire-Subset-A/Ruokolahti-Images/ruokolahti_DJI_0085_frame77.jpg,ruokolahti,ruokolahti_dji_0085,77,train,1
/workspace/Boreal-Forest-Fire/Boreal-Forest-Fire-Subset-A/Ruokolahti-Images/ruokolahti_DJI_0085_frame78.jpg,ruokolahti,ruokolahti_dji_0085,78,train,1
/workspace/Boreal-Forest-Fire/Boreal-Forest-Fire-Subset-A/Ruokolahti-Images/ruokolahti_DJI_0085_frame79.jpg,ruokolahti,ruokolahti_dji_0085,79,train,1
/workspace/Boreal-Forest-Fire/Boreal-Forest-Fire-Subset-A/Ruokolahti-Images/ruokolahti_DJI_0085_frame8.jpg,ruokolahti,ruokolahti_dji_0085,8,train,1
/workspace/Boreal-Forest-Fire/Boreal-Forest-Fire-Subset-A/Ruokolahti-Images/ruokolahti_DJI_0085_frame80.jpg,ruokolahti,ruokolahti_dji_0085,80,train,1
/workspace/Boreal-Forest-Fire/Boreal-Forest-Fire-Subset-A/Ruokolahti-Images/ruokolahti_DJI_0085_frame81.jpg,ruokolahti,ruokolahti_dji_0085,81,train,1
/workspace/Boreal-Forest-Fire/Boreal-Forest-Fire-Subset-A/Ruokolahti-Images/ruokolahti_DJI_0085_frame82.jpg,ruokolahti,ruokolahti_dji_0085,82,train,1
/workspace/Boreal-Forest-Fire/Boreal-Forest-Fire-Subset-A/Ruokolahti-Images/ruokolahti_DJI_0085_frame83.jpg,ruokolahti,ruokolahti_dji_0085,83,train,1
/workspace/Boreal-Forest-Fire/Boreal-Forest-Fire-Subset-A/Ruokolahti-Images/ruokolahti_DJI_0085_frame84.jpg,ruokolahti,ruokolahti_dji_0085,84,train,1
/workspace/Boreal-Forest-Fire/Boreal-Forest-Fire-Subset-A/Ruokolahti-Images/ruokolahti_DJI_0085_frame85.jpg,ruokolahti,ruokolahti_dji_0085,85,train,1
/workspace/Boreal-Forest-Fire/Boreal-Forest-Fire-Subset-A/Ruokolahti-Images/ruokolahti_DJI_0085_frame86.jpg,ruokolahti,ruokolahti_dji_0085,86,train,1
/workspace/Boreal-Forest-Fire/Boreal-Forest-Fire-Subset-A/Ruokolahti-Images/ruokolahti_DJI_0085_frame87.jpg,ruokolahti,ruokolahti_dji_0085,87,train,1
/workspace/Boreal-Forest-Fire/Boreal-Forest-Fire-Subset-A/Ruokolahti-Images/ruokolahti_DJI_0085_frame88.jpg,ruokolahti,ruokolahti_dji_0085,88,train,1
/workspace/Boreal-Forest-Fire/Boreal-Forest-Fire-Subset-A/Ruokolahti-Images/ruokolahti_DJI_0085_frame89.jpg,ruokolahti,ruokolahti_dji_0085,89,train,1
/workspace/Boreal-Forest-Fire/Boreal-Forest-Fire-Subset-A/Ruokolahti-Images/ruokolahti_DJI_0085_frame9.jpg,ruokolahti,ruokolahti_dji_0085,9,train,1
/workspace/Boreal-Forest-Fire/Boreal-Forest-Fire-Subset-A/Ruokolahti-Images/ruokolahti_DJI_0085_frame90.jpg,ruokolahti,ruokolahti_dji_0085,90,train,1
/workspace/Boreal-Forest-Fire/Boreal-Forest-Fire-Subset-A/Ruokolahti-Images/ruokolahti_DJI_0085_frame91.jpg,ruokolahti,ruokolahti_dji_0085,91,train,1
/workspace/Boreal-Forest-Fire/Boreal-Forest-Fire-Subset-A/Ruokolahti-Images/ruokolahti_DJI_0085_frame92.jpg,ruokolahti,ruokolahti_dji_0085,92,train,1
/workspace/Boreal-Forest-Fire/Boreal-Forest-Fire-Subset-A/Ruokolahti-Images/ruokolahti_DJI_0085_frame93.jpg,ruokolahti,ruokolahti_dji_0085,93,train,1
/workspace/Boreal-Forest-Fire/Boreal-Forest-Fire-Subset-A/Ruokolahti-Images/ruokolahti_DJI_0085_frame94.jpg,ruokolahti,ruokolahti_dji_0085,94,train,1
/workspace/Boreal-Forest-Fire/Boreal-Forest-Fire-Subset-A/Ruokolahti-Images/ruokolahti_DJI_0085_frame95.jpg,ruokolahti,ruokolahti_dji_0085,95,train,1
/workspace/Boreal-Forest-Fire/Boreal-Forest-Fire-Subset-A/Ruokolahti-Images/ruokolahti_DJI_0085_frame96.jpg,ruokolahti,ruokolahti_dji_0085,96,train,1
/workspace/Boreal-Forest-Fire/Boreal-Forest-Fire-Subset-A/Ruokolahti-Images/ruokolahti_DJI_0085_frame97.jpg,ruokolahti,ruokolahti_dji_0085,97,train,1
/workspace/Boreal-Forest-Fire/Boreal-Forest-Fire-Subset-A/Ruokolahti-Images/ruokolahti_DJI_0085_frame98.jpg,ruokolahti,ruokolahti_dji_0085,98,train,1
/workspace/Boreal-Forest-Fire/Boreal-Forest-Fire-Subset-A/Ruokolahti-Images/ruokolahti_DJI_0085_frame99.jpg,ruokolahti,ruokolahti_dji_0085,99,train,1
/workspace/Boreal-Forest-Fire/Boreal-Forest-Fire-Subset-A/Ruokolahti-Images/ruokolahti_DJI_0086_frame0.jpg,ruokolahti,ruokolahti_dji_0086,0,train,1
/workspace/Boreal-Forest-Fire/Boreal-Forest-Fire-Subset-A/Ruokolahti-Images/ruokolahti_DJI_0086_frame1.jpg,ruokolahti,ruokolahti_dji_0086,1,train,1
/workspace/Boreal-Forest-Fire/Boreal-Forest-Fire-Subset-A/Ruokolahti-Images/ruokolahti_DJI_0086_frame10.jpg,ruokolahti,ruokolahti_dji_0086,10,train,1
/workspace/Boreal-Forest-Fire/Boreal-Forest-Fire-Subset-A/Ruokolahti-Images/ruokolahti_DJI_0086_frame100.jpg,ruokolahti,ruokolahti_dji_0086,100,train,1
/workspace/Boreal-Forest-Fire/Boreal-Forest-Fire-Subset-A/Ruokolahti-Images/ruokolahti_DJI_0086_frame101.jpg,ruokolahti,ruokolahti_dji_0086,101,train,1
/workspace/Boreal-Forest-Fire/Boreal-Forest-Fire-Subset-A/Ruokolahti-Images/ruokolahti_DJI_0086_frame102.jpg,ruokolahti,ruokolahti_dji_0086,102,train,1
/workspace/Boreal-Forest-Fire/Boreal-Forest-Fire-Subset-A/Ruokolahti-Images/ruokolahti_DJI_0086_frame103.jpg,ruokolahti,ruokolahti_dji_0086,103,train,1
/workspace/Boreal-Forest-Fire/Boreal-Forest-Fire-Subset-A/Ruokolahti-Images/ruokolahti_DJI_0086_frame104.jpg,ruokolahti,ruokolahti_dji_0086,104,train,1
/workspace/Boreal-Forest-Fire/Boreal-Forest-Fire-Subset-A/Ruokolahti-Images/ruokolahti_DJI_0086_frame105.jpg,ruokolahti,ruokolahti_dji_0086,105,train,1
/workspace/Boreal-Forest-Fire/Boreal-Forest-Fire-Subset-A/Ruokolahti-Images/ruokolahti_DJI_0086_frame106.jpg,ruokolahti,ruokolahti_dji_0086,106,train,1
/workspace/Boreal-Forest-Fire/Boreal-Forest-Fire-Subset-A/Ruokolahti-Images/ruokolahti_DJI_0086_frame107.jpg,ruokolahti,ruokolahti_dji_0086,107,train,1
/workspace/Boreal-Forest-Fire/Boreal-Forest-Fire-Subset-A/Ruokolahti-Images/ruokolahti_DJI_0086_frame108.jpg,ruokolahti,ruokolahti_dji_0086,108,train,1
/workspace/Boreal-Forest-Fire/Boreal-Forest-Fire-Subset-A/Ruokolahti-Images/ruokolahti_DJI_0086_frame109.jpg,ruokolahti,ruokolahti_dji_0086,109,train,1
/workspace/Boreal-Forest-Fire/Boreal-Forest-Fire-Subset-A/Ruokolahti-Images/ruokolahti_DJI_0086_frame11.jpg,ruokolahti,ruokolahti_dji_0086,11,train,1
/workspace/Boreal-Forest-Fire/Boreal-Forest-Fire-Subset-A/Ruokolahti-Images/ruokolahti_DJI_0086_frame110.jpg,ruokolahti,ruokolahti_dji_0086,110,train,1
/workspace/Boreal-Forest-Fire/Boreal-Forest-Fire-Subset-A/Ruokolahti-Images/ruokolahti_DJI_0086_frame111.jpg,ruokolahti,ruokolahti_dji_0086,111,train,1
/workspace/Boreal-Forest-Fire/Boreal-Forest-Fire-Subset-A/Ruokolahti-Images/ruokolahti_DJI_0086_frame112.jpg,ruokolahti,ruokolahti_dji_0086,112,train,1
/workspace/Boreal-Forest-Fire/Boreal-Forest-Fire-Subset-A/Ruokolahti-Images/ruokolahti_DJI_0086_frame113.jpg,ruokolahti,ruokolahti_dji_0086,113,train,1
/workspace/Boreal-Forest-Fire/Boreal-Forest-Fire-Subset-A/Ruokolahti-Images/ruokolahti_DJI_0086_frame114.jpg,ruokolahti,ruokolahti_dji_0086,114,train,1
/workspace/Boreal-Forest-Fire/Boreal-Forest-Fire-Subset-A/Ruokolahti-Images/ruokolahti_DJI_0086_frame115.jpg,ruokolahti,ruokolahti_dji_0086,115,train,1
/workspace/Boreal-Forest-Fire/Boreal-Forest-Fire-Subset-A/Ruokolahti-Images/ruokolahti_DJI_0086_frame116.jpg,ruokolahti,ruokolahti_dji_0086,116,train,1
/workspace/Boreal-Forest-Fire/Boreal-Forest-Fire-Subset-A/Ruokolahti-Images/ruokolahti_DJI_0086_frame117.jpg,ruokolahti,ruokolahti_dji_0086,117,train,1
/workspace/Boreal-Forest-Fire/Boreal-Forest-Fire-Subset-A/Ruokolahti-Images/ruokolahti_DJI_0086_frame118.jpg,ruokolahti,ruokolahti_dji_0086,118,train,1
/workspace/Boreal-Forest-Fire/Boreal-Forest-Fire-Subset-A/Ruokolahti-Images/ruokolahti_DJI_0086_frame119.jpg,ruokolahti,ruokolahti_dji_0086,119,train,1
/workspace/Boreal-Forest-Fire/Boreal-Forest-Fire-Subset-A/Ruokolahti-Images/ruokolahti_DJI_0086_frame12.jpg,ruokolahti,ruokolahti_dji_0086,12,train,1
/workspace/Boreal-Forest-Fire/Boreal-Forest-Fire-Subset-A/Ruokolahti-Images/ruokolahti_DJI_0086_frame120.jpg,ruokolahti,ruokolahti_dji_0086,120,train,1
/workspace/Boreal-Forest-Fire/Boreal-Forest-Fire-Subset-A/Ruokolahti-Images/ruokolahti_DJI_0086_frame121.jpg,ruokolahti,ruokolahti_dji_0086,121,train,1
/workspace/Boreal-Forest-Fire/Boreal-Forest-Fire-Subset-A/Ruokolahti-Images/ruokolahti_DJI_0086_frame122.jpg,ruokolahti,ruokolahti_dji_0086,122,train,1
/workspace/Boreal-Forest-Fire/Boreal-Forest-Fire-Subset-A/Ruokolahti-Images/ruokolahti_DJI_0086_frame123.jpg,ruokolahti,ruokolahti_dji_0086,123,train,1
/workspace/Boreal-Forest-Fire/Boreal-Forest-Fire-Subset-A/Ruokolahti-Images/ruokolahti_DJI_0086_frame124.jpg,ruokolahti,ruokolahti_dji_0086,124,train,1
/workspace/Boreal-Forest-Fire/Boreal-Forest-Fire-Subset-A/Ruokolahti-Images/ruokolahti_DJI_0086_frame125.jpg,ruokolahti,ruokolahti_dji_0086,125,train,1
/workspace/Boreal-Forest-Fire/Boreal-Forest-Fire-Subset-A/Ruokolahti-Images/ruokolahti_DJI_0086_frame126.jpg,ruokolahti,ruokolahti_dji_0086,126,train,1
/workspace/Boreal-Forest-Fire/Boreal-Forest-Fire-Subset-A/Ruokolahti-Images/ruokolahti_DJI_0086_frame127.jpg,ruokolahti,ruokolahti_dji_0086,127,train,1
/workspace/Boreal-Forest-Fire/Boreal-Forest-Fire-Subset-A/Ruokolahti-Images/ruokolahti_DJI_0086_frame128.jpg,ruokolahti,ruokolahti_dji_0086,128,train,1
/workspace/Boreal-Forest-Fire/Boreal-Forest-Fire-Subset-A/Ruokolahti-Images/ruokolahti_DJI_0086_frame129.jpg,ruokolahti,ruokolahti_dji_0086,129,train,1
/workspace/Boreal-Forest-Fire/Boreal-Forest-Fire-Subset-A/Ruokolahti-Images/ruokolahti_DJI_0086_frame13.jpg,ruokolahti,ruokolahti_dji_0086,13,train,1
/workspace/Boreal-Forest-Fire/Boreal-Forest-Fire-Subset-A/Ruokolahti-Images/ruokolahti_DJI_0086_frame130.jpg,ruokolahti,ruokolahti_dji_0086,130,train,1
/workspace/Boreal-Forest-Fire/Boreal-Forest-Fire-Subset-A/Ruokolahti-Images/ruokolahti_DJI_0086_frame131.jpg,ruokolahti,ruokolahti_dji_0086,131,train,1
/workspace/Boreal-Forest-Fire/Boreal-Forest-Fire-Subset-A/Ruokolahti-Images/ruokolahti_DJI_0086_frame132.jpg,ruokolahti,ruokolahti_dji_0086,132,train,1
/workspace/Boreal-Forest-Fire/Boreal-Forest-Fire-Subset-A/Ruokolahti-Images/ruokolahti_DJI_0086_frame133.jpg,ruokolahti,ruokolahti_dji_0086,133,train,1
/workspace/Boreal-Forest-Fire/Boreal-Forest-Fire-Subset-A/Ruokolahti-Images/ruokolahti_DJI_0086_frame134.jpg,ruokolahti,ruokolahti_dji_0086,134,train,1
/workspace/Boreal-Forest-Fire/Boreal-Forest-Fire-Subset-A/Ruokolahti-Images/ruokolahti_DJI_0086_frame135.jpg,ruokolahti,ruokolahti_dji_0086,135,train,1
/workspace/Boreal-Forest-Fire/Boreal-Forest-Fire-Subset-A/Ruokolahti-Images/ruokolahti_DJI_0086_frame136.jpg,ruokolahti,ruokolahti_dji_0086,136,train,1
/workspace/Boreal-Forest-Fire/Boreal-Forest-Fire-Subset-A/Ruokolahti-Images/ruokolahti_DJI_0086_frame137.jpg,ruokolahti,ruokolahti_dji_0086,137,train,1
/workspace/Boreal-Forest-Fire/Boreal-Forest-Fire-Subset-A/Ruokolahti-Images/ruokolahti_DJI_0086_frame138.jpg,ruokolahti,ruokolahti_dji_0086,138,train,1
/workspace/Boreal-Forest-Fire/Boreal-Forest-Fire-Subset-A/Ruokolahti-Images/ruokolahti_DJI_0086_frame139.jpg,ruokolahti,ruokolahti_dji_0086,139,train,1
/workspace/Boreal-Forest-Fire/Boreal-Forest-Fire-Subset-A/Ruokolahti-Images/ruokolahti_DJI_0086_frame14.jpg,ruokolahti,ruokolahti_dji_0086,14,train,1
/workspace/Boreal-Forest-Fire/Boreal-Forest-Fire-Subset-A/Ruokolahti-Images/ruokolahti_DJI_0086_frame140.jpg,ruokolahti,ruokolahti_dji_0086,140,train,1
/workspace/Boreal-Forest-Fire/Boreal-Forest-Fire-Subset-A/Ruokolahti-Images/ruokolahti_DJI_0086_frame141.jpg,ruokolahti,ruokolahti_dji_0086,141,train,1
/workspace/Boreal-Forest-Fire/Boreal-Forest-Fire-Subset-A/Ruokolahti-Images/ruokolahti_DJI_0086_frame142.jpg,ruokolahti,ruokolahti_dji_0086,142,train,1
/workspace/Boreal-Forest-Fire/Boreal-Forest-Fire-Subset-A/Ruokolahti-Images/ruokolahti_DJI_0086_frame143.jpg,ruokolahti,ruokolahti_dji_0086,143,train,1
/workspace/Boreal-Forest-Fire/Boreal-Forest-Fire-Subset-A/Ruokolahti-Images/ruokolahti_DJI_0086_frame144.jpg,ruokolahti,ruokolahti_dji_0086,144,train,1
/workspace/Boreal-Forest-Fire/Boreal-Forest-Fire-Subset-A/Ruokolahti-Images/ruokolahti_DJI_0086_frame145.jpg,ruokolahti,ruokolahti_dji_0086,145,train,1
/workspace/Boreal-Forest-Fire/Boreal-Forest-Fire-Subset-A/Ruokolahti-Images/ruokolahti_DJI_0086_frame146.jpg,ruokolahti,ruokolahti_dji_0086,146,train,1
/workspace/Boreal-Forest-Fire/Boreal-Forest-Fire-Subset-A/Ruokolahti-Images/ruokolahti_DJI_0086_frame147.jpg,ruokolahti,ruokolahti_dji_0086,147,train,1
/workspace/Boreal-Forest-Fire/Boreal-Forest-Fire-Subset-A/Ruokolahti-Images/ruokolahti_DJI_0086_frame148.jpg,ruokolahti,ruokolahti_dji_0086,148,train,1
/workspace/Boreal-Forest-Fire/Boreal-Forest-Fire-Subset-A/Ruokolahti-Images/ruokolahti_DJI_0086_frame149.jpg,ruokolahti,ruokolahti_dji_0086,149,train,1
/workspace/Boreal-Forest-Fire/Boreal-Forest-Fire-Subset-A/Ruokolahti-Images/ruokolahti_DJI_0086_frame15.jpg,ruokolahti,ruokolahti_dji_0086,15,train,1
/workspace/Boreal-Forest-Fire/Boreal-Forest-Fire-Subset-A/Ruokolahti-Images/ruokolahti_DJI_0086_frame150.jpg,ruokolahti,ruokolahti_dji_0086,150,train,1
/workspace/Boreal-Forest-Fire/Boreal-Forest-Fire-Subset-A/Ruokolahti-Images/ruokolahti_DJI_0086_frame151.jpg,ruokolahti,ruokolahti_dji_0086,151,train,1
/workspace/Boreal-Forest-Fire/Boreal-Forest-Fire-Subset-A/Ruokolahti-Images/ruokolahti_DJI_0086_frame152.jpg,ruokolahti,ruokolahti_dji_0086,152,train,1
/workspace/Boreal-Forest-Fire/Boreal-Forest-Fire-Subset-A/Ruokolahti-Images/ruokolahti_DJI_0086_frame153.jpg,ruokolahti,ruokolahti_dji_0086,153,train,1
/workspace/Boreal-Forest-Fire/Boreal-Forest-Fire-Subset-A/Ruokolahti-Images/ruokolahti_DJI_0086_frame154.jpg,ruokolahti,ruokolahti_dji_0086,154,train,1
/workspace/Boreal-Forest-Fire/Boreal-Forest-Fire-Subset-A/Ruokolahti-Images/ruokolahti_DJI_0086_frame155.jpg,ruokolahti,ruokolahti_dji_0086,155,train,1
/workspace/Boreal-Forest-Fire/Boreal-Forest-Fire-Subset-A/Ruokolahti-Images/ruokolahti_DJI_0086_frame156.jpg,ruokolahti,ruokolahti_dji_0086,156,train,1
/workspace/Boreal-Forest-Fire/Boreal-Forest-Fire-Subset-A/Ruokolahti-Images/ruokolahti_DJI_0086_frame157.jpg,ruokolahti,ruokolahti_dji_0086,157,train,1
/workspace/Boreal-Forest-Fire/Boreal-Forest-Fire-Subset-A/Ruokolahti-Images/ruokolahti_DJI_0086_frame158.jpg,ruokolahti,ruokolahti_dji_0086,158,train,1
/workspace/Boreal-Forest-Fire/Boreal-Forest-Fire-Subset-A/Ruokolahti-Images/ruokolahti_DJI_0086_frame159.jpg,ruokolahti,ruokolahti_dji_0086,159,train,1
/workspace/Boreal-Forest-Fire/Boreal-Forest-Fire-Subset-A/Ruokolahti-Images/ruokolahti_DJI_0086_frame16.jpg,ruokolahti,ruokolahti_dji_0086,16,train,1
/workspace/Boreal-Forest-Fire/Boreal-Forest-Fire-Subset-A/Ruokolahti-Images/ruokolahti_DJI_0086_frame160.jpg,ruokolahti,ruokolahti_dji_0086,160,train,1
/workspace/Boreal-Forest-Fire/Boreal-Forest-Fire-Subset-A/Ruokolahti-Images/ruokolahti_DJI_0086_frame161.jpg,ruokolahti,ruokolahti_dji_0086,161,train,1
/workspace/Boreal-Forest-Fire/Boreal-Forest-Fire-Subset-A/Ruokolahti-Images/ruokolahti_DJI_0086_frame162.jpg,ruokolahti,ruokolahti_dji_0086,162,train,1
/workspace/Boreal-Forest-Fire/Boreal-Forest-Fire-Subset-A/Ruokolahti-Images/ruokolahti_DJI_0086_frame163.jpg,ruokolahti,ruokolahti_dji_0086,163,train,1
/workspace/Boreal-Forest-Fire/Boreal-Forest-Fire-Subset-A/Ruokolahti-Images/ruokolahti_DJI_0086_frame164.jpg,ruokolahti,ruokolahti_dji_0086,164,train,1
/workspace/Boreal-Forest-Fire/Boreal-Forest-Fire-Subset-A/Ruokolahti-Images/ruokolahti_DJI_0086_frame165.jpg,ruokolahti,ruokolahti_dji_0086,165,train,1
/workspace/Boreal-Forest-Fire/Boreal-Forest-Fire-Subset-A/Ruokolahti-Images/ruokolahti_DJI_0086_frame166.jpg,ruokolahti,ruokolahti_dji_0086,166,train,1
/workspace/Boreal-Forest-Fire/Boreal-Forest-Fire-Subset-A/Ruokolahti-Images/ruokolahti_DJI_0086_frame167.jpg,ruokolahti,ruokolahti_dji_0086,167,train,1
/workspace/Boreal-Forest-Fire/Boreal-Forest-Fire-Subset-A/Ruokolahti-Images/ruokolahti_DJI_0086_frame168.jpg,ruokolahti,ruokolahti_dji_0086,168,train,1
/workspace/Boreal-Forest-Fire/Boreal-Forest-Fire-Subset-A/Ruokolahti-Images/ruokolahti_DJI_0086_frame169.jpg,ruokolahti,ruokolahti_dji_0086,169,train,6
/workspace/Boreal-Forest-Fire/Boreal-Forest-Fire-Subset-A/Ruokolahti-Images/ruokolahti_DJI_0086_frame17.jpg,ruokolahti,ruokolahti_dji_0086,17,train,1
/workspace/Boreal-Forest-Fire/Boreal-Forest-Fire-Subset-A/Ruokolahti-Images/ruokolahti_DJI_0086_frame170.jpg,ruokolahti,ruokolahti_dji_0086,170,train,1
/workspace/Boreal-Forest-Fire/Boreal-Forest-Fire-Subset-A/Ruokolahti-Images/ruokolahti_DJI_0086_frame171.jpg,ruokolahti,ruokolahti_dji_0086,171,train,1
/workspace/Boreal-Forest-Fire/Boreal-Forest-Fire-Subset-A/Ruokolahti-Images/ruokolahti_DJI_0086_frame172.jpg,ruokolahti,ruokolahti_dji_0086,172,train,1
/workspace/Boreal-Forest-Fire/Boreal-Forest-Fire-Subset-A/Ruokolahti-Images/ruokolahti_DJI_0086_frame173.jpg,ruokolahti,ruokolahti_dji_0086,173,train,1
/workspace/Boreal-Forest-Fire/Boreal-Forest-Fire-Subset-A/Ruokolahti-Images/ruokolahti_DJI_0086_frame174.jpg,ruokolahti,ruokolahti_dji_0086,174,train,1
/workspace/Boreal-Forest-Fire/Boreal-Forest-Fire-Subset-A/Ruokolahti-Images/ruokolahti_DJI_0086_frame175.jpg,ruokolahti,ruokolahti_dji_0086,175,train,1
/workspace/Boreal-Forest-Fire/Boreal-Forest-Fire-Subset-A/Ruokolahti-Images/ruokolahti_DJI_0086_frame176.jpg,ruokolahti,ruokolahti_dji_0086,176,train,1
/workspace/Boreal-Forest-Fire/Boreal-Forest-Fire-Subset-A/Ruokolahti-Images/ruokolahti_DJI_0086_frame177.jpg,ruokolahti,ruokolahti_dji_0086,177,train,1
/workspace/Boreal-Forest-Fire/Boreal-Forest-Fire-Subset-A/Ruokolahti-Images/ruokolahti_DJI_0086_frame178.jpg,ruokolahti,ruokolahti_dji_0086,178,train,1
/workspace/Boreal-Forest-Fire/Boreal-Forest-Fire-Subset-A/Ruokolahti-Images/ruokolahti_DJI_0086_frame179.jpg,ruokolahti,ruokolahti_dji_0086,179,train,1
/workspace/Boreal-Forest-Fire/Boreal-Forest-Fire-Subset-A/Ruokolahti-Images/ruokolahti_DJI_0086_frame18.jpg,ruokolahti,ruokolahti_dji_0086,18,train,1
/workspace/Boreal-Forest-Fire/Boreal-Forest-Fire-Subset-A/Ruokolahti-Images/ruokolahti_DJI_0086_frame180.jpg,ruokolahti,ruokolahti_dji_0086,180,train,1
/workspace/Boreal-Forest-Fire/Boreal-Forest-Fire-Subset-A/Ruokolahti-Images/ruokolahti_DJI_0086_frame181.jpg,ruokolahti,ruokolahti_dji_0086,181,train,1
/workspace/Boreal-Forest-Fire/Boreal-Forest-Fire-Subset-A/Ruokolahti-Images/ruokolahti_DJI_0086_frame182.jpg,ruokolahti,ruokolahti_dji_0086,182,train,1
/workspace/Boreal-Forest-Fire/Boreal-Forest-Fire-Subset-A/Ruokolahti-Images/ruokolahti_DJI_0086_frame183.jpg,ruokolahti,ruokolahti_dji_0086,183,train,1
/workspace/Boreal-Forest-Fire/Boreal-Forest-Fire-Subset-A/Ruokolahti-Images/ruokolahti_DJI_0086_frame184.jpg,ruokolahti,ruokolahti_dji_0086,184,train,1
/workspace/Boreal-Forest-Fire/Boreal-Forest-Fire-Subset-A/Ruokolahti-Images/ruokolahti_DJI_0086_frame185.jpg,ruokolahti,ruokolahti_dji_0086,185,train,1
/workspace/Boreal-Forest-Fire/Boreal-Forest-Fire-Subset-A/Ruokolahti-Images/ruokolahti_DJI_0086_frame186.jpg,ruokolahti,ruokolahti_dji_0086,186,train,1
/workspace/Boreal-Forest-Fire/Boreal-Forest-Fire-Subset-A/Ruokolahti-Images/ruokolahti_DJI_0086_frame187.jpg,ruokolahti,ruokolahti_dji_0086,187,train,1
/workspace/Boreal-Forest-Fire/Boreal-Forest-Fire-Subset-A/Ruokolahti-Images/ruokolahti_DJI_0086_frame188.jpg,ruokolahti,ruokolahti_dji_0086,188,train,1
/workspace/Boreal-Forest-Fire/Boreal-Forest-Fire-Subset-A/Ruokolahti-Images/ruokolahti_DJI_0086_frame189.jpg,ruokolahti,ruokolahti_dji_0086,189,train,1
/workspace/Boreal-Forest-Fire/Boreal-Forest-Fire-Subset-A/Ruokolahti-Images/ruokolahti_DJI_0086_frame19.jpg,ruokolahti,ruokolahti_dji_0086,19,train,1
/workspace/Boreal-Forest-Fire/Boreal-Forest-Fire-Subset-A/Ruokolahti-Images/ruokolahti_DJI_0086_frame190.jpg,ruokolahti,ruokolahti_dji_0086,190,train,1
/workspace/Boreal-Forest-Fire/Boreal-Forest-Fire-Subset-A/Ruokolahti-Images/ruokolahti_DJI_0086_frame191.jpg,ruokolahti,ruokolahti_dji_0086,191,train,1
/workspace/Boreal-Forest-Fire/Boreal-Forest-Fire-Subset-A/Ruokolahti-Images/ruokolahti_DJI_0086_frame192.jpg,ruokolahti,ruokolahti_dji_0086,192,train,1
/workspace/Boreal-Forest-Fire/Boreal-Forest-Fire-Subset-A/Ruokolahti-Images/ruokolahti_DJI_0086_frame193.jpg,ruokolahti,ruokolahti_dji_0086,193,train,1
/workspace/Boreal-Forest-Fire/Boreal-Forest-Fire-Subset-A/Ruokolahti-Images/ruokolahti_DJI_0086_frame194.jpg,ruokolahti,ruokolahti_dji_0086,194,train,1
/workspace/Boreal-Forest-Fire/Boreal-Forest-Fire-Subset-A/Ruokolahti-Images/ruokolahti_DJI_0086_frame195.jpg,ruokolahti,ruokolahti_dji_0086,195,train,1
/workspace/Boreal-Forest-Fire/Boreal-Forest-Fire-Subset-A/Ruokolahti-Images/ruokolahti_DJI_0086_frame196.jpg,ruokolahti,ruokolahti_dji_0086,196,train,1
/workspace/Boreal-Forest-Fire/Boreal-Forest-Fire-Subset-A/Ruokolahti-Images/ruokolahti_DJI_0086_frame197.jpg,ruokolahti,ruokolahti_dji_0086,197,train,1
/workspace/Boreal-Forest-Fire/Boreal-Forest-Fire-Subset-A/Ruokolahti-Images/ruokolahti_DJI_0086_frame198.jpg,ruokolahti,ruokolahti_dji_0086,198,train,1
/workspace/Boreal-Forest-Fire/Boreal-Forest-Fire-Subset-A/Ruokolahti-Images/ruokolahti_DJI_0086_frame199.jpg,ruokolahti,ruokolahti_dji_0086,199,train,1
/workspace/Boreal-Forest-Fire/Boreal-Forest-Fire-Subset-A/Ruokolahti-Images/ruokolahti_DJI_0086_frame2.jpg,ruokolahti,ruokolahti_dji_0086,2,train,1
/workspace/Boreal-Forest-Fire/Boreal-Forest-Fire-Subset-A/Ruokolahti-Images/ruokolahti_DJI_0086_frame20.jpg,ruokolahti,ruokolahti_dji_0086,20,train,1
/workspace/Boreal-Forest-Fire/Boreal-Forest-Fire-Subset-A/Ruokolahti-Images/ruokolahti_DJI_0086_frame200.jpg,ruokolahti,ruokolahti_dji_0086,200,train,1
/workspace/Boreal-Forest-Fire/Boreal-Forest-Fire-Subset-A/Ruokolahti-Images/ruokolahti_DJI_0086_frame201.jpg,ruokolahti,ruokolahti_dji_0086,201,train,1
/workspace/Boreal-Forest-Fire/Boreal-Forest-Fire-Subset-A/Ruokolahti-Images/ruokolahti_DJI_0086_frame202.jpg,ruokolahti,ruokolahti_dji_0086,202,train,1
/workspace/Boreal-Forest-Fire/Boreal-Forest-Fire-Subset-A/Ruokolahti-Images/ruokolahti_DJI_0086_frame203.jpg,ruokolahti,ruokolahti_dji_0086,203,train,1
/workspace/Boreal-Forest-Fire/Boreal-Forest-Fire-Subset-A/Ruokolahti-Images/ruokolahti_DJI_0086_frame204.jpg,ruokolahti,ruokolahti_dji_0086,204,train,1
/workspace/Boreal-Forest-Fire/Boreal-Forest-Fire-Subset-A/Ruokolahti-Images/ruokolahti_DJI_0086_frame205.jpg,ruokolahti,ruokolahti_dji_0086,205,train,1
/workspace/Boreal-Forest-Fire/Boreal-Forest-Fire-Subset-A/Ruokolahti-Images/ruokolahti_DJI_0086_frame206.jpg,ruokolahti,ruokolahti_dji_0086,206,train,1
/workspace/Boreal-Forest-Fire/Boreal-Forest-Fire-Subset-A/Ruokolahti-Images/ruokolahti_DJI_0086_frame207.jpg,ruokolahti,ruokolahti_dji_0086,207,train,1
/workspace/Boreal-Forest-Fire/Boreal-Forest-Fire-Subset-A/Ruokolahti-Images/ruokolahti_DJI_0086_frame208.jpg,ruokolahti,ruokolahti_dji_0086,208,train,1
/workspace/Boreal-Forest-Fire/Boreal-Forest-Fire-Subset-A/Ruokolahti-Images/ruokolahti_DJI_0086_frame209.jpg,ruokolahti,ruokolahti_dji_0086,209,train,10
/workspace/Boreal-Forest-Fire/Boreal-Forest-Fire-Subset-A/Ruokolahti-Images/ruokolahti_DJI_0086_frame21.jpg,ruokolahti,ruokolahti_dji_0086,21,train,1
/workspace/Boreal-Forest-Fire/Boreal-Forest-Fire-Subset-A/Ruokolahti-Images/ruokolahti_DJI_0086_frame210.jpg,ruokolahti,ruokolahti_dji_0086,210,train,1
/workspace/Boreal-Forest-Fire/Boreal-Forest-Fire-Subset-A/Ruokolahti-Images/ruokolahti_DJI_0086_frame211.jpg,ruokolahti,ruokolahti_dji_0086,211,train,1
/workspace/Boreal-Forest-Fire/Boreal-Forest-Fire-Subset-A/Ruokolahti-Images/ruokolahti_DJI_0086_frame212.jpg,ruokolahti,ruokolahti_dji_0086,212,train,1
/workspace/Boreal-Forest-Fire/Boreal-Forest-Fire-Subset-A/Ruokolahti-Images/ruokolahti_DJI_0086_frame213.jpg,ruokolahti,ruokolahti_dji_0086,213,train,1
/workspace/Boreal-Forest-Fire/Boreal-Forest-Fire-Subset-A/Ruokolahti-Images/ruokolahti_DJI_0086_frame214.jpg,ruokolahti,ruokolahti_dji_0086,214,train,1
/workspace/Boreal-Forest-Fire/Boreal-Forest-Fire-Subset-A/Ruokolahti-Images/ruokolahti_DJI_0086_frame215.jpg,ruokolahti,ruokolahti_dji_0086,215,train,1
/workspace/Boreal-Forest-Fire/Boreal-Forest-Fire-Subset-A/Ruokolahti-Images/ruokolahti_DJI_0086_frame216.jpg,ruokolahti,ruokolahti_dji_0086,216,train,1
/workspace/Boreal-Forest-Fire/Boreal-Forest-Fire-Subset-A/Ruokolahti-Images/ruokolahti_DJI_0086_frame217.jpg,ruokolahti,ruokolahti_dji_0086,217,train,1
/workspace/Boreal-Forest-Fire/Boreal-Forest-Fire-Subset-A/Ruokolahti-Images/ruokolahti_DJI_0086_frame218.jpg,ruokolahti,ruokolahti_dji_0086,218,train,1
/workspace/Boreal-Forest-Fire/Boreal-Forest-Fire-Subset-A/Ruokolahti-Images/ruokolahti_DJI_0086_frame219.jpg,ruokolahti,ruokolahti_dji_0086,219,train,1
/workspace/Boreal-Forest-Fire/Boreal-Forest-Fire-Subset-A/Ruokolahti-Images/ruokolahti_DJI_0086_frame22.jpg,ruokolahti,ruokolahti_dji_0086,22,train,1
/workspace/Boreal-Forest-Fire/Boreal-Forest-Fire-Subset-A/Ruokolahti-Images/ruokolahti_DJI_0086_frame220.jpg,ruokolahti,ruokolahti_dji_0086,220,train,1
/workspace/Boreal-Forest-Fire/Boreal-Forest-Fire-Subset-A/Ruokolahti-Images/ruokolahti_DJI_0086_frame221.jpg,ruokolahti,ruokolahti_dji_0086,221,train,1
/workspace/Boreal-Forest-Fire/Boreal-Forest-Fire-Subset-A/Ruokolahti-Images/ruokolahti_DJI_0086_frame222.jpg,ruokolahti,ruokolahti_dji_0086,222,train,1
/workspace/Boreal-Forest-Fire/Boreal-Forest-Fire-Subset-A/Ruokolahti-Images/ruokolahti_DJI_0086_frame223.jpg,ruokolahti,ruokolahti_dji_0086,223,train,1
/workspace/Boreal-Forest-Fire/Boreal-Forest-Fire-Subset-A/Ruokolahti-Images/ruokolahti_DJI_0086_frame224.jpg,ruokolahti,ruokolahti_dji_0086,224,train,1
/workspace/Boreal-Forest-Fire/Boreal-Forest-Fire-Subset-A/Ruokolahti-Images/ruokolahti_DJI_0086_frame225.jpg,ruokolahti,ruokolahti_dji_0086,225,train,1
/workspace/Boreal-Forest-Fire/Boreal-Forest-Fire-Subset-A/Ruokolahti-Images/ruokolahti_DJI_0086_frame226.jpg,ruokolahti,ruokolahti_dji_0086,226,train,1
/workspace/Boreal-Forest-Fire/Boreal-Forest-Fire-Subset-A/Ruokolahti-Images/ruokolahti_DJI_0086_frame227.jpg,ruokolahti,ruokolahti_dji_0086,227,train,1
/workspace/Boreal-Forest-Fire/Boreal-Forest-Fire-Subset-A/Ruokolahti-Images/ruokolahti_DJI_0086_frame228.jpg,ruokolahti,ruokolahti_dji_0086,228,train,1
/workspace/Boreal-Forest-Fire/Boreal-Forest-Fire-Subset-A/Ruokolahti-Images/ruokolahti_DJI_0086_frame229.jpg,ruokolahti,ruokolahti_dji_0086,229,train,1
/workspace/Boreal-Forest-Fire/Boreal-Forest-Fire-Subset-A/Ruokolahti-Images/ruokolahti_DJI_0086_frame23.jpg,ruokolahti,ruokolahti_dji_0086,23,train,1
/workspace/Boreal-Forest-Fire/Boreal-Forest-Fire-Subset-A/Ruokolahti-Images/ruokolahti_DJI_0086_frame230.jpg,ruokolahti,ruokolahti_dji_0086,230,train,1
/workspace/Boreal-Forest-Fire/Boreal-Forest-Fire-Subset-A/Ruokolahti-Images/ruokolahti_DJI_0086_frame231.jpg,ruokolahti,ruokolahti_dji_0086,231,train,1
/workspace/Boreal-Forest-Fire/Boreal-Forest-Fire-Subset-A/Ruokolahti-Images/ruokolahti_DJI_0086_frame232.jpg,ruokolahti,ruokolahti_dji_0086,232,train,1
/workspace/Boreal-Forest-Fire/Boreal-Forest-Fire-Subset-A/Ruokolahti-Images/ruokolahti_DJI_0086_frame233.jpg,ruokolahti,ruokolahti_dji_0086,233,train,1
/workspace/Boreal-Forest-Fire/Boreal-Forest-Fire-Subset-A/Ruokolahti-Images/ruokolahti_DJI_0086_frame234.jpg,ruokolahti,ruokolahti_dji_0086,234,train,1
/workspace/Boreal-Forest-Fire/Boreal-Forest-Fire-Subset-A/Ruokolahti-Images/ruokolahti_DJI_0086_frame235.jpg,ruokolahti,ruokolahti_dji_0086,235,train,1
/workspace/Boreal-Forest-Fire/Boreal-Forest-Fire-Subset-A/Ruokolahti-Images/ruokolahti_DJI_0086_frame236.jpg,ruokolahti,ruokolahti_dji_0086,236,train,1
/workspace/Boreal-Forest-Fire/Boreal-Forest-Fire-Subset-A/Ruokolahti-Images/ruokolahti_DJI_0086_frame237.jpg,ruokolahti,ruokolahti_dji_0086,237,train,11
/workspace/Boreal-Forest-Fire/Boreal-Forest-Fire-Subset-A/Ruokolahti-Images/ruokolahti_DJI_0086_frame238.jpg,ruokolahti,ruokolahti_dji_0086,238,train,12
/workspace/Boreal-Forest-Fire/Boreal-Forest-Fire-Subset-A/Ruokolahti-Images/ruokolahti_DJI_0086_frame239.jpg,ruokolahti,ruokolahti_dji_0086,239,train,1
/workspace/Boreal-Forest-Fire/Boreal-Forest-Fire-Subset-A/Ruokolahti-Images/ruokolahti_DJI_0086_frame24.jpg,ruokolahti,ruokolahti_dji_0086,24,train,1
/workspace/Boreal-Forest-Fire/Boreal-Forest-Fire-Subset-A/Ruokolahti-Images/ruokolahti_DJI_0086_frame240.jpg,ruokolahti,ruokolahti_dji_0086,240,train,1
/workspace/Boreal-Forest-Fire/Boreal-Forest-Fire-Subset-A/Ruokolahti-Images/ruokolahti_DJI_0086_frame241.jpg,ruokolahti,ruokolahti_dji_0086,241,train,1
/workspace/Boreal-Forest-Fire/Boreal-Forest-Fire-Subset-A/Ruokolahti-Images/ruokolahti_DJI_0086_frame242.jpg,ruokolahti,ruokolahti_dji_0086,242,train,1
/workspace/Boreal-Forest-Fire/Boreal-Forest-Fire-Subset-A/Ruokolahti-Images/ruokolahti_DJI_0086_frame243.jpg,ruokolahti,ruokolahti_dji_0086,243,train,1
/workspace/Boreal-Forest-Fire/Boreal-Forest-Fire-Subset-A/Ruokolahti-Images/ruokolahti_DJI_0086_frame244.jpg,ruokolahti,ruokolahti_dji_0086,244,train,1
/workspace/Boreal-Forest-Fire/Boreal-Forest-Fire-Subset-A/Ruokolahti-Images/ruokolahti_DJI_0086_frame245.jpg,ruokolahti,ruokolahti_dji_0086,245,train,1
/workspace/Boreal-Forest-Fire/Boreal-Forest-Fire-Subset-A/Ruokolahti-Images/ruokolahti_DJI_0086_frame246.jpg,ruokolahti,ruokolahti_dji_0086,246,train,1
/workspace/Boreal-Forest-Fire/Boreal-Forest-Fire-Subset-A/Ruokolahti-Images/ruokolahti_DJI_0086_frame247.jpg,ruokolahti,ruokolahti_dji_0086,247,train,1
/workspace/Boreal-Forest-Fire/Boreal-Forest-Fire-Subset-A/Ruokolahti-Images/ruokolahti_DJI_0086_frame248.jpg,ruokolahti,ruokolahti_dji_0086,248,train,1
/workspace/Boreal-Forest-Fire/Boreal-Forest-Fire-Subset-A/Ruokolahti-Images/ruokolahti_DJI_0086_frame249.jpg,ruokolahti,ruokolahti_dji_0086,249,train,1
/workspace/Boreal-Forest-Fire/Boreal-Forest-Fire-Subset-A/Ruokolahti-Images/ruokolahti_DJI_0086_frame25.jpg,ruokolahti,ruokolahti_dji_0086,25,train,1
/workspace/Boreal-Forest-Fire/Boreal-Forest-Fire-Subset-A/Ruokolahti-Images/ruokolahti_DJI_0086_frame250.jpg,ruokolahti,ruokolahti_dji_0086,250,train,1
/workspace/Boreal-Forest-Fire/Boreal-Forest-Fire-Subset-A/Ruokolahti-Images/ruokolahti_DJI_0086_frame251.jpg,ruokolahti,ruokolahti_dji_0086,251,train,1
/workspace/Boreal-Forest-Fire/Boreal-Forest-Fire-Subset-A/Ruokolahti-Images/ruokolahti_DJI_0086_frame252.jpg,ruokolahti,ruokolahti_dji_0086,252,train,1
/workspace/Boreal-Forest-Fire/Boreal-Forest-Fire-Subset-A/Ruokolahti-Images/ruokolahti_DJI_0086_frame253.jpg,ruokolahti,ruokolahti_dji_0086,253,train,1
/workspace/Boreal-Forest-Fire/Boreal-Forest-Fire-Subset-A/Ruokolahti-Images/ruokolahti_DJI_0086_frame254.jpg,ruokolahti,ruokolahti_dji_0086,254,train,1
/workspace/Boreal-Forest-Fire/Boreal-Forest-Fire-Subset-A/Ruokolahti-Images/ruokolahti_DJI_0086_frame255.jpg,ruokolahti,ruokolahti_dji_0086,255,train,1
/workspace/Boreal-Forest-Fire/Boreal-Forest-Fire-Subset-A/Ruokolahti-Images/ruokolahti_DJI_0086_frame256.jpg,ruokolahti,ruokolahti_dji_0086,256,train,1
/workspace/Boreal-Forest-Fire/Boreal-Forest-Fire-Subset-A/Ruokolahti-Images/ruokolahti_DJI_0086_frame257.jpg,ruokolahti,ruokolahti_dji_0086,257,train,1
/workspace/Boreal-Forest-Fire/Boreal-Forest-Fire-Subset-A/Ruokolahti-Images/ruokolahti_DJI_0086_frame258.jpg,ruokolahti,ruokolahti_dji_0086,258,train,1
/workspace/Boreal-Forest-Fire/Boreal-Forest-Fire-Subset-A/Ruokolahti-Images/ruokolahti_DJI_0086_frame259.jpg,ruokolahti,ruokolahti_dji_0086,259,train,1
/workspace/Boreal-Forest-Fire/Boreal-Forest-Fire-Subset-A/Ruokolahti-Images/ruokolahti_DJI_0086_frame26.jpg,ruokolahti,ruokolahti_dji_0086,26,train,1
/workspace/Boreal-Forest-Fire/Boreal-Forest-Fire-Subset-A/Ruokolahti-Images/ruokolahti_DJI_0086_frame260.jpg,ruokolahti,ruokolahti_dji_0086,260,train,1
/workspace/Boreal-Forest-Fire/Boreal-Forest-Fire-Subset-A/Ruokolahti-Images/ruokolahti_DJI_0086_frame261.jpg,ruokolahti,ruokolahti_dji_0086,261,train,1
/workspace/Boreal-Forest-Fire/Boreal-Forest-Fire-Subset-A/Ruokolahti-Images/ruokolahti_DJI_0086_frame262.jpg,ruokolahti,ruokolahti_dji_0086,262,train,1
/workspace/Boreal-Forest-Fire/Boreal-Forest-Fire-Subset-A/Ruokolahti-Images/ruokolahti_DJI_0086_frame263.jpg,ruokolahti,ruokolahti_dji_0086,263,train,1
/workspace/Boreal-Forest-Fire/Boreal-Forest-Fire-Subset-A/Ruokolahti-Images/ruokolahti_DJI_0086_frame264.jpg,ruokolahti,ruokolahti_dji_0086,264,train,1
/workspace/Boreal-Forest-Fire/Boreal-Forest-Fire-Subset-A/Ruokolahti-Images/ruokolahti_DJI_0086_frame265.jpg,ruokolahti,ruokolahti_dji_0086,265,train,1
/workspace/Boreal-Forest-Fire/Boreal-Forest-Fire-Subset-A/Ruokolahti-Images/ruokolahti_DJI_0086_frame266.jpg,ruokolahti,ruokolahti_dji_0086,266,train,1
/workspace/Boreal-Forest-Fire/Boreal-Forest-Fire-Subset-A/Ruokolahti-Images/ruokolahti_DJI_0086_frame267.jpg,ruokolahti,ruokolahti_dji_0086,267,train,1
/workspace/Boreal-Forest-Fire/Boreal-Forest-Fire-Subset-A/Ruokolahti-Images/ruokolahti_DJI_0086_frame268.jpg,ruokolahti,ruokolahti_dji_0086,268,train,1
/workspace/Boreal-Forest-Fire/Boreal-Forest-Fire-Subset-A/Ruokolahti-Images/ruokolahti_DJI_0086_frame269.jpg,ruokolahti,ruokolahti_dji_0086,269,train,1
/workspace/Boreal-Forest-Fire/Boreal-Forest-Fire-Subset-A/Ruokolahti-Images/ruokolahti_DJI_0086_frame27.jpg,ruokolahti,ruokolahti_dji_0086,27,train,1
/workspace/Boreal-Forest-Fire/Boreal-Forest-Fire-Subset-A/Ruokolahti-Images/ruokolahti_DJI_0086_frame270.jpg,ruokolahti,ruokolahti_dji_0086,270,train,1
/workspace/Boreal-Forest-Fire/Boreal-Forest-Fire-Subset-A/Ruokolahti-Images/ruokolahti_DJI_0086_frame271.jpg,ruokolahti,ruokolahti_dji_0086,271,train,1
/workspace/Boreal-Forest-Fire/Boreal-Forest-Fire-Subset-A/Ruokolahti-Images/ruokolahti_DJI_0086_frame272.jpg,ruokolahti,ruokolahti_dji_0086,272,train,1
/workspace/Boreal-Forest-Fire/Boreal-Forest-Fire-Subset-A/Ruokolahti-Images/ruokolahti_DJI_0086_frame273.jpg,ruokolahti,ruokolahti_dji_0086,273,train,1
/workspace/Boreal-Forest-Fire/Boreal-Forest-Fire-Subset-A/Ruokolahti-Images/ruokolahti_DJI_0086_frame274.jpg,ruokolahti,ruokolahti_dji_0086,274,train,1
/workspace/Boreal-Forest-Fire/Boreal-Forest-Fire-Subset-A/Ruokolahti-Images/ruokolahti_DJI_0086_frame275.jpg,ruokolahti,ruokolahti_dji_0086,275,train,1
/workspace/Boreal-Forest-Fire/Boreal-Forest-Fire-Subset-A/Ruokolahti-Images/ruokolahti_DJI_0086_frame276.jpg,ruokolahti,ruokolahti_dji_0086,276,train,1
/workspace/Boreal-Forest-Fire/Boreal-Forest-Fire-Subset-A/Ruokolahti-Images/ruokolahti_DJI_0086_frame277.jpg,ruokolahti,ruokolahti_dji_0086,277,train,1
/workspace/Boreal-Forest-Fire/Boreal-Forest-Fire-Subset-A/Ruokolahti-Images/ruokolahti_DJI_0086_frame278.jpg,ruokolahti,ruokolahti_dji_0086,278,train,1
/workspace/Boreal-Forest-Fire/Boreal-Forest-Fire-Subset-A/Ruokolahti-Images/ruokolahti_DJI_0086_frame279.jpg,ruokolahti,ruokolahti_dji_0086,279,train,1
/workspace/Boreal-Forest-Fire/Boreal-Forest-Fire-Subset-A/Ruokolahti-Images/ruokolahti_DJI_0086_frame28.jpg,ruokolahti,ruokolahti_dji_0086,28,train,1
/workspace/Boreal-Forest-Fire/Boreal-Forest-Fire-Subset-A/Ruokolahti-Images/ruokolahti_DJI_0086_frame280.jpg,ruokolahti,ruokolahti_dji_0086,280,train,1
/workspace/Boreal-Forest-Fire/Boreal-Forest-Fire-Subset-A/Ruokolahti-Images/ruokolahti_DJI_0086_frame281.jpg,ruokolahti,ruokolahti_dji_0086,281,train,1
/workspace/Boreal-Forest-Fire/Boreal-Forest-Fire-Subset-A/Ruokolahti-Images/ruokolahti_DJI_0086_frame282.jpg,ruokolahti,ruokolahti_dji_0086,282,train,1
/workspace/Boreal-Forest-Fire/Boreal-Forest-Fire-Subset-A/Ruokolahti-Images/ruokolahti_DJI_0086_frame283.jpg,ruokolahti,ruokolahti_dji_0086,283,train,1
/workspace/Boreal-Forest-Fire/Boreal-Forest-Fire-Subset-A/Ruokolahti-Images/ruokolahti_DJI_0086_frame284.jpg,ruokolahti,ruokolahti_dji_0086,284,train,1
/workspace/Boreal-Forest-Fire/Boreal-Forest-Fire-Subset-A/Ruokolahti-Images/ruokolahti_DJI_0086_frame285.jpg,ruokolahti,ruokolahti_dji_0086,285,train,1
/workspace/Boreal-Forest-Fire/Boreal-Forest-Fire-Subset-A/Ruokolahti-Images/ruokolahti_DJI_0086_frame286.jpg,ruokolahti,ruokolahti_dji_0086,286,train,1
/workspace/Boreal-Forest-Fire/Boreal-Forest-Fire-Subset-A/Ruokolahti-Images/ruokolahti_DJI_0086_frame287.jpg,ruokolahti,ruokolahti_dji_0086,287,train,1
/workspace/Boreal-Forest-Fire/Boreal-Forest-Fire-Subset-A/Ruokolahti-Images/ruokolahti_DJI_0086_frame288.jpg,ruokolahti,ruokolahti_dji_0086,288,train,1
/workspace/Boreal-Forest-Fire/Boreal-Forest-Fire-Subset-A/Ruokolahti-Images/ruokolahti_DJI_0086_frame289.jpg,ruokolahti,ruokolahti_dji_0086,289,train,1
/workspace/Boreal-Forest-Fire/Boreal-Forest-Fire-Subset-A/Ruokolahti-Images/ruokolahti_DJI_0086_frame29.jpg,ruokolahti,ruokolahti_dji_0086,29,train,1
/workspace/Boreal-Forest-Fire/Boreal-Forest-Fire-Subset-A/Ruokolahti-Images/ruokolahti_DJI_0086_frame290.jpg,ruokolahti,ruokolahti_dji_0086,290,train,1
/workspace/Boreal-Forest-Fire/Boreal-Forest-Fire-Subset-A/Ruokolahti-Images/ruokolahti_DJI_0086_frame291.jpg,ruokolahti,ruokolahti_dji_0086,291,train,1
/workspace/Boreal-Forest-Fire/Boreal-Forest-Fire-Subset-A/Ruokolahti-Images/ruokolahti_DJI_0086_frame292.jpg,ruokolahti,ruokolahti_dji_0086,292,train,1
/workspace/Boreal-Forest-Fire/Boreal-Forest-Fire-Subset-A/Ruokolahti-Images/ruokolahti_DJI_0086_frame293.jpg,ruokolahti,ruokolahti_dji_0086,293,train,1
/workspace/Boreal-Forest-Fire/Boreal-Forest-Fire-Subset-A/Ruokolahti-Images/ruokolahti_DJI_0086_frame294.jpg,ruokolahti,ruokolahti_dji_0086,294,train,11
/workspace/Boreal-Forest-Fire/Boreal-Forest-Fire-Subset-A/Ruokolahti-Images/ruokolahti_DJI_0086_frame295.jpg,ruokolahti,ruokolahti_dji_0086,295,train,11
/workspace/Boreal-Forest-Fire/Boreal-Forest-Fire-Subset-A/Ruokolahti-Images/ruokolahti_DJI_0086_frame296.jpg,ruokolahti,ruokolahti_dji_0086,296,train,1
/workspace/Boreal-Forest-Fire/Boreal-Forest-Fire-Subset-A/Ruokolahti-Images/ruokolahti_DJI_0086_frame297.jpg,ruokolahti,ruokolahti_dji_0086,297,train,1
/workspace/Boreal-Forest-Fire/Boreal-Forest-Fire-Subset-A/Ruokolahti-Images/ruokolahti_DJI_0086_frame298.jpg,ruokolahti,ruokolahti_dji_0086,298,train,1
/workspace/Boreal-Forest-Fire/Boreal-Forest-Fire-Subset-A/Ruokolahti-Images/ruokolahti_DJI_0086_frame299.jpg,ruokolahti,ruokolahti_dji_0086,299,train,1
/workspace/Boreal-Forest-Fire/Boreal-Forest-Fire-Subset-A/Ruokolahti-Images/ruokolahti_DJI_0086_frame3.jpg,ruokolahti,ruokolahti_dji_0086,3,train,1
/workspace/Boreal-Forest-Fire/Boreal-Forest-Fire-Subset-A/Ruokolahti-Images/ruokolahti_DJI_0086_frame30.jpg,ruokolahti,ruokolahti_dji_0086,30,train,1
/workspace/Boreal-Forest-Fire/Boreal-Forest-Fire-Subset-A/Ruokolahti-Images/ruokolahti_DJI_0086_frame300.jpg,ruokolahti,ruokolahti_dji_0086,300,train,1
/workspace/Boreal-Forest-Fire/Boreal-Forest-Fire-Subset-A/Ruokolahti-Images/ruokolahti_DJI_0086_frame301.jpg,ruokolahti,ruokolahti_dji_0086,301,train,1
/workspace/Boreal-Forest-Fire/Boreal-Forest-Fire-Subset-A/Ruokolahti-Images/ruokolahti_DJI_0086_frame302.jpg,ruokolahti,ruokolahti_dji_0086,302,train,1
/workspace/Boreal-Forest-Fire/Boreal-Forest-Fire-Subset-A/Ruokolahti-Images/ruokolahti_DJI_0086_frame303.jpg,ruokolahti,ruokolahti_dji_0086,303,train,1
/workspace/Boreal-Forest-Fire/Boreal-Forest-Fire-Subset-A/Ruokolahti-Images/ruokolahti_DJI_0086_frame304.jpg,ruokolahti,ruokolahti_dji_0086,304,train,1
/workspace/Boreal-Forest-Fire/Boreal-Forest-Fire-Subset-A/Ruokolahti-Images/ruokolahti_DJI_0086_frame305.jpg,ruokolahti,ruokolahti_dji_0086,305,train,1
/workspace/Boreal-Forest-Fire/Boreal-Forest-Fire-Subset-A/Ruokolahti-Images/ruokolahti_DJI_0086_frame306.jpg,ruokolahti,ruokolahti_dji_0086,306,train,1
/workspace/Boreal-Forest-Fire/Boreal-Forest-Fire-Subset-A/Ruokolahti-Images/ruokolahti_DJI_0086_frame307.jpg,ruokolahti,ruokolahti_dji_0086,307,train,1
/workspace/Boreal-Forest-Fire/Boreal-Forest-Fire-Subset-A/Ruokolahti-Images/ruokolahti_DJI_0086_frame308.jpg,ruokolahti,ruokolahti_dji_0086,308,train,1
/workspace/Boreal-Forest-Fire/Boreal-Forest-Fire-Subset-A/Ruokolahti-Images/ruokolahti_DJI_0086_frame309.jpg,ruokolahti,ruokolahti_dji_0086,309,train,1
/workspace/Boreal-Forest-Fire/Boreal-Forest-Fire-Subset-A/Ruokolahti-Images/ruokolahti_DJI_0086_frame31.jpg,ruokolahti,ruokolahti_dji_0086,31,train,1
/workspace/Boreal-Forest-Fire/Boreal-Forest-Fire-Subset-A/Ruokolahti-Images/ruokolahti_DJI_0086_frame310.jpg,ruokolahti,ruokolahti_dji_0086,310,train,1
/workspace/Boreal-Forest-Fire/Boreal-Forest-Fire-Subset-A/Ruokolahti-Images/ruokolahti_DJI_0086_frame311.jpg,ruokolahti,ruokolahti_dji_0086,311,train,1
/workspace/Boreal-Forest-Fire/Boreal-Forest-Fire-Subset-A/Ruokolahti-Images/ruokolahti_DJI_0086_frame312.jpg,ruokolahti,ruokolahti_dji_0086,312,train,1
/workspace/Boreal-Forest-Fire/Boreal-Forest-Fire-Subset-A/Ruokolahti-Images/ruokolahti_DJI_0086_frame313.jpg,ruokolahti,ruokolahti_dji_0086,313,train,1
/workspace/Boreal-Forest-Fire/Boreal-Forest-Fire-Subset-A/Ruokolahti-Images/ruokolahti_DJI_0086_frame314.jpg,ruokolahti,ruokolahti_dji_0086,314,train,1
/workspace/Boreal-Forest-Fire/Boreal-Forest-Fire-Subset-A/Ruokolahti-Images/ruokolahti_DJI_0086_frame315.jpg,ruokolahti,ruokolahti_dji_0086,315,train,1
/workspace/Boreal-Forest-Fire/Boreal-Forest-Fire-Subset-A/Ruokolahti-Images/ruokolahti_DJI_0086_frame316.jpg,ruokolahti,ruokolahti_dji_0086,316,train,1
/workspace/Boreal-Forest-Fire/Boreal-Forest-Fire-Subset-A/Ruokolahti-Images/ruokolahti_DJI_0086_frame317.jpg,ruokolahti,ruokolahti_dji_0086,317,train,1
/workspace/Boreal-Forest-Fire/Boreal-Forest-Fire-Subset-A/Ruokolahti-Images/ruokolahti_DJI_0086_frame318.jpg,ruokolahti,ruokolahti_dji_0086,318,train,1
/workspace/Boreal-Forest-Fire/Boreal-Forest-Fire-Subset-A/Ruokolahti-Images/ruokolahti_DJI_0086_frame319.jpg,ruokolahti,ruokolahti_dji_0086,319,train,1
/workspace/Boreal-Forest-Fire/Boreal-Forest-Fire-Subset-A/Ruokolahti-Images/ruokolahti_DJI_0086_frame32.jpg,ruokolahti,ruokolahti_dji_0086,32,train,1
/workspace/Boreal-Forest-Fire/Boreal-Forest-Fire-Subset-A/Ruokolahti-Images/ruokolahti_DJI_0086_frame320.jpg,ruokolahti,ruokolahti_dji_0086,320,train,1
/workspace/Boreal-Forest-Fire/Boreal-Forest-Fire-Subset-A/Ruokolahti-Images/ruokolahti_DJI_0086_frame321.jpg,ruokolahti,ruokolahti_dji_0086,321,train,1
/workspace/Boreal-Forest-Fire/Boreal-Forest-Fire-Subset-A/Ruokolahti-Images/ruokolahti_DJI_0086_frame322.jpg,ruokolahti,ruokolahti_dji_0086,322,train,1
/workspace/Boreal-Forest-Fire/Boreal-Forest-Fire-Subset-A/Ruokolahti-Images/ruokolahti_DJI_0086_frame323.jpg,ruokolahti,ruokolahti_dji_0086,323,train,1
/workspace/Boreal-Forest-Fire/Boreal-Forest-Fire-Subset-A/Ruokolahti-Images/ruokolahti_DJI_0086_frame324.jpg,ruokolahti,ruokolahti_dji_0086,324,train,1
/workspace/Boreal-Forest-Fire/Boreal-Forest-Fire-Subset-A/Ruokolahti-Images/ruokolahti_DJI_0086_frame325.jpg,ruokolahti,ruokolahti_dji_0086,325,train,1
/workspace/Boreal-Forest-Fire/Boreal-Forest-Fire-Subset-A/Ruokolahti-Images/ruokolahti_DJI_0086_frame326.jpg,ruokolahti,ruokolahti_dji_0086,326,train,1
/workspace/Boreal-Forest-Fire/Boreal-Forest-Fire-Subset-A/Ruokolahti-Images/ruokolahti_DJI_0086_frame327.jpg,ruokolahti,ruokolahti_dji_0086,327,train,1
/workspace/Boreal-Forest-Fire/Boreal-Forest-Fire-Subset-A/Ruokolahti-Images/ruokolahti_DJI_0086_frame33.jpg,ruokolahti,ruokolahti_dji_0086,33,train,1
/workspace/Boreal-Forest-Fire/Boreal-Forest-Fire-Subset-A/Ruokolahti-Images/ruokolahti_DJI_0086_frame34.jpg,ruokolahti,ruokolahti_dji_0086,34,train,1
/workspace/Boreal-Forest-Fire/Boreal-Forest-Fire-Subset-A/Ruokolahti-Images/ruokolahti_DJI_0086_frame35.jpg,ruokolahti,ruokolahti_dji_0086,35,train,1
/workspace/Boreal-Forest-Fire/Boreal-Forest-Fire-Subset-A/Ruokolahti-Images/ruokolahti_DJI_0086_frame36.jpg,ruokolahti,ruokolahti_dji_0086,36,train,1
/workspace/Boreal-Forest-Fire/Boreal-Forest-Fire-Subset-A/Ruokolahti-Images/ruokolahti_DJI_0086_frame37.jpg,ruokolahti,ruokolahti_dji_0086,37,train,1
/workspace/Boreal-Forest-Fire/Boreal-Forest-Fire-Subset-A/Ruokolahti-Images/ruokolahti_DJI_0086_frame38.jpg,ruokolahti,ruokolahti_dji_0086,38,train,1
/workspace/Boreal-Forest-Fire/Boreal-Forest-Fire-Subset-A/Ruokolahti-Images/ruokolahti_DJI_0086_frame39.jpg,ruokolahti,ruokolahti_dji_0086,39,train,1
/workspace/Boreal-Forest-Fire/Boreal-Forest-Fire-Subset-A/Ruokolahti-Images/ruokolahti_DJI_0086_frame4.jpg,ruokolahti,ruokolahti_dji_0086,4,train,1
/workspace/Boreal-Forest-Fire/Boreal-Forest-Fire-Subset-A/Ruokolahti-Images/ruokolahti_DJI_0086_frame40.jpg,ruokolahti,ruokolahti_dji_0086,40,train,1
/workspace/Boreal-Forest-Fire/Boreal-Forest-Fire-Subset-A/Ruokolahti-Images/ruokolahti_DJI_0086_frame41.jpg,ruokolahti,ruokolahti_dji_0086,41,train,1
/workspace/Boreal-Forest-Fire/Boreal-Forest-Fire-Subset-A/Ruokolahti-Images/ruokolahti_DJI_0086_frame42.jpg,ruokolahti,ruokolahti_dji_0086,42,train,1
/workspace/Boreal-Forest-Fire/Boreal-Forest-Fire-Subset-A/Ruokolahti-Images/ruokolahti_DJI_0086_frame43.jpg,ruokolahti,ruokolahti_dji_0086,43,train,1
/workspace/Boreal-Forest-Fire/Boreal-Forest-Fire-Subset-A/Ruokolahti-Images/ruokolahti_DJI_0086_frame44.jpg,ruokolahti,ruokolahti_dji_0086,44,train,1
/workspace/Boreal-Forest-Fire/Boreal-Forest-Fire-Subset-A/Ruokolahti-Images/ruokolahti_DJI_0086_frame45.jpg,ruokolahti,ruokolahti_dji_0086,45,train,1
/workspace/Boreal-Forest-Fire/Boreal-Forest-Fire-Subset-A/Ruokolahti-Images/ruokolahti_DJI_0086_frame46.jpg,ruokolahti,ruokolahti_dji_0086,46,train,1
/workspace/Boreal-Forest-Fire/Boreal-Forest-Fire-Subset-A/Ruokolahti-Images/ruokolahti_DJI_0086_frame47.jpg,ruokolahti,ruokolahti_dji_0086,47,train,1
/workspace/Boreal-Forest-Fire/Boreal-Forest-Fire-Subset-A/Ruokolahti-Images/ruokolahti_DJI_0086_frame48.jpg,ruokolahti,ruokolahti_dji_0086,48,train,1
/workspace/Boreal-Forest-Fire/Boreal-Forest-Fire-Subset-A/Ruokolahti-Images/ruokolahti_DJI_0086_frame49.jpg,ruokolahti,ruokolahti_dji_0086,49,train,1
/workspace/Boreal-Forest-Fire/Boreal-Forest-Fire-Subset-A/Ruokolahti-Images/ruokolahti_DJI_0086_frame5.jpg,ruokolahti,ruokolahti_dji_0086,5,train,1
/workspace/Boreal-Forest-Fire/Boreal-Forest-Fire-Subset-A/Ruokolahti-Images/ruokolahti_DJI_0086_frame50.jpg,ruokolahti,ruokolahti_dji_0086,50,train,1
/workspace/Boreal-Forest-Fire/Boreal-Forest-Fire-Subset-A/Ruokolahti-Images/ruokolahti_DJI_0086_frame51.jpg,ruokolahti,ruokolahti_dji_0086,51,train,1
/workspace/Boreal-Forest-Fire/Boreal-Forest-Fire-Subset-A/Ruokolahti-Images/ruokolahti_DJI_0086_frame52.jpg,ruokolahti,ruokolahti_dji_0086,52,train,1
/workspace/Boreal-Forest-Fire/Boreal-Forest-Fire-Subset-A/Ruokolahti-Images/ruokolahti_DJI_0086_frame53.jpg,ruokolahti,ruokolahti_dji_0086,53,train,1
/workspace/Boreal-Forest-Fire/Boreal-Forest-Fire-Subset-A/Ruokolahti-Images/ruokolahti_DJI_0086_frame54.jpg,ruokolahti,ruokolahti_dji_0086,54,train,1
/workspace/Boreal-Forest-Fire/Boreal-Forest-Fire-Subset-A/Ruokolahti-Images/ruokolahti_DJI_0086_frame55.jpg,ruokolahti,ruokolahti_dji_0086,55,train,1
/workspace/Boreal-Forest-Fire/Boreal-Forest-Fire-Subset-A/Ruokolahti-Images/ruokolahti_DJI_0086_frame56.jpg,ruokolahti,ruokolahti_dji_0086,56,train,1
/workspace/Boreal-Forest-Fire/Boreal-Forest-Fire-Subset-A/Ruokolahti-Images/ruokolahti_DJI_0086_frame57.jpg,ruokolahti,ruokolahti_dji_0086,57,train,1
/workspace/Boreal-Forest-Fire/Boreal-Forest-Fire-Subset-A/Ruokolahti-Images/ruokolahti_DJI_0086_frame58.jpg,ruokolahti,ruokolahti_dji_0086,58,train,1
/workspace/Boreal-Forest-Fire/Boreal-Forest-Fire-Subset-A/Ruokolahti-Images/ruokolahti_DJI_0086_frame59.jpg,ruokolahti,ruokolahti_dji_0086,59,train,1
/workspace/Boreal-Forest-Fire/Boreal-Forest-Fire-Subset-A/Ruokolahti-Images/ruokolahti_DJI_0086_frame6.jpg,ruokolahti,ruokolahti_dji_0086,6,train,1
/workspace/Boreal-Forest-Fire/Boreal-Forest-Fire-Subset-A/Ruokolahti-Images/ruokolahti_DJI_0086_frame60.jpg,ruokolahti,ruokolahti_dji_0086,60,train,1
/workspace/Boreal-Forest-Fire/Boreal-Forest-Fire-Subset-A/Ruokolahti-Images/ruokolahti_DJI_0086_frame61.jpg,ruokolahti,ruokolahti_dji_0086,61,train,1
/workspace/Boreal-Forest-Fire/Boreal-Forest-Fire-Subset-A/Ruokolahti-Images/ruokolahti_DJI_0086_frame62.jpg,ruokolahti,ruokolahti_dji_0086,62,train,1
/workspace/Boreal-Forest-Fire/Boreal-Forest-Fire-Subset-A/Ruokolahti-Images/ruokolahti_DJI_0086_frame63.jpg,ruokolahti,ruokolahti_dji_0086,63,train,1
/workspace/Boreal-Forest-Fire/Boreal-Forest-Fire-Subset-A/Ruokolahti-Images/ruokolahti_DJI_0086_frame64.jpg,ruokolahti,ruokolahti_dji_0086,64,train,1
/workspace/Boreal-Forest-Fire/Boreal-Forest-Fire-Subset-A/Ruokolahti-Images/ruokolahti_DJI_0086_frame65.jpg,ruokolahti,ruokolahti_dji_0086,65,train,1
/workspace/Boreal-Forest-Fire/Boreal-Forest-Fire-Subset-A/Ruokolahti-Images/ruokolahti_DJI_0086_frame66.jpg,ruokolahti,ruokolahti_dji_0086,66,train,1
/workspace/Boreal-Forest-Fire/Boreal-Forest-Fire-Subset-A/Ruokolahti-Images/ruokolahti_DJI_0086_frame67.jpg,ruokolahti,ruokolahti_dji_0086,67,train,1
/workspace/Boreal-Forest-Fire/Boreal-Forest-Fire-Subset-A/Ruokolahti-Images/ruokolahti_DJI_0086_frame68.jpg,ruokolahti,ruokolahti_dji_0086,68,train,1
/workspace/Boreal-Forest-Fire/Boreal-Forest-Fire-Subset-A/Ruokolahti-Images/ruokolahti_DJI_0086_frame69.jpg,ruokolahti,ruokolahti_dji_0086,69,train,1
/workspace/Boreal-Forest-Fire/Boreal-Forest-Fire-Subset-A/Ruokolahti-Images/ruokolahti_DJI_0086_frame7.jpg,ruokolahti,ruokolahti_dji_0086,7,train,1
/workspace/Boreal-Forest-Fire/Boreal-Forest-Fire-Subset-A/Ruokolahti-Images/ruokolahti_DJI_0086_frame70.jpg,ruokolahti,ruokolahti_dji_0086,70,train,1
/workspace/Boreal-Forest-Fire/Boreal-Forest-Fire-Subset-A/Ruokolahti-Images/ruokolahti_DJI_0086_frame71.jpg,ruokolahti,ruokolahti_dji_0086,71,train,1
/workspace/Boreal-Forest-Fire/Boreal-Forest-Fire-Subset-A/Ruokolahti-Images/ruokolahti_DJI_0086_frame72.jpg,ruokolahti,ruokolahti_dji_0086,72,train,1
/workspace/Boreal-Forest-Fire/Boreal-Forest-Fire-Subset-A/Ruokolahti-Images/ruokolahti_DJI_0086_frame73.jpg,ruokolahti,ruokolahti_dji_0086,73,train,1
/workspace/Boreal-Forest-Fire/Boreal-Forest-Fire-Subset-A/Ruokolahti-Images/ruokolahti_DJI_0086_frame74.jpg,ruokolahti,ruokolahti_dji_0086,74,train,1
/workspace/Boreal-Forest-Fire/Boreal-Forest-Fire-Subset-A/Ruokolahti-Images/ruokolahti_DJI_0086_frame75.jpg,ruokolahti,ruokolahti_dji_0086,75,train,1
/workspace/Boreal-Forest-Fire/Boreal-Forest-Fire-Subset-A/Ruokolahti-Images/ruokolahti_DJI_0086_frame76.jpg,ruokolahti,ruokolahti_dji_0086,76,train,1
/workspace/Boreal-Forest-Fire/Boreal-Forest-Fire-Subset-A/Ruokolahti-Images/ruokolahti_DJI_0086_frame77.jpg,ruokolahti,ruokolahti_dji_0086,77,train,1
/workspace/Boreal-Forest-Fire/Boreal-Forest-Fire-Subset-A/Ruokolahti-Images/ruokolahti_DJI_0086_frame78.jpg,ruokolahti,ruokolahti_dji_0086,78,train,1
/workspace/Boreal-Forest-Fire/Boreal-Forest-Fire-Subset-A/Ruokolahti-Images/ruokolahti_DJI_0086_frame79.jpg,ruokolahti,ruokolahti_dji_0086,79,train,1
/workspace/Boreal-Forest-Fire/Boreal-Forest-Fire-Subset-A/Ruokolahti-Images/ruokolahti_DJI_0086_frame8.jpg,ruokolahti,ruokolahti_dji_0086,8,train,1
/workspace/Boreal-Forest-Fire/Boreal-Forest-Fire-Subset-A/Ruokolahti-Images/ruokolahti_DJI_0086_frame80.jpg,ruokolahti,ruokolahti_dji_0086,80,train,1
/workspace/Boreal-Forest-Fire/Boreal-Forest-Fire-Subset-A/Ruokolahti-Images/ruokolahti_DJI_0086_frame81.jpg,ruokolahti,ruokolahti_dji_0086,81,train,1
/workspace/Boreal-Forest-Fire/Boreal-Forest-Fire-Subset-A/Ruokolahti-Images/ruokolahti_DJI_0086_frame82.jpg,ruokolahti,ruokolahti_dji_0086,82,train,1
/workspace/Boreal-Forest-Fire/Boreal-Forest-Fire-Subset-A/Ruokolahti-Images/ruokolahti_DJI_0086_frame83.jpg,ruokolahti,ruokolahti_dji_0086,83,train,1
/workspace/Boreal-Forest-Fire/Boreal-Forest-Fire-Subset-A/Ruokolahti-Images/ruokolahti_DJI_0086_frame84.jpg,ruokolahti,ruokolahti_dji_0086,84,train,1
/workspace/Boreal-Forest-Fire/Boreal-Forest-Fire-Subset-A/Ruokolahti-Images/ruokolahti_DJI_0086_frame85.jpg,ruokolahti,ruokolahti_dji_0086,85,train,1
/workspace/Boreal-Forest-Fire/Boreal-Forest-Fire-Subset-A/Ruokolahti-Images/ruokolahti_DJI_0086_frame86.jpg,ruokolahti,ruokolahti_dji_0086,86,train,1
/workspace/Boreal-Forest-Fire/Boreal-Forest-Fire-Subset-A/Ruokolahti-Images/ruokolahti_DJI_0086_frame87.jpg,ruokolahti,ruokolahti_dji_0086,87,train,1
/workspace/Boreal-Forest-Fire/Boreal-Forest-Fire-Subset-A/Ruokolahti-Images/ruokolahti_DJI_0086_frame88.jpg,ruokolahti,ruokolahti_dji_0086,88,train,1
/workspace/Boreal-Forest-Fire/Boreal-Forest-Fire-Subset-A/Ruokolahti-Images/ruokolahti_DJI_0086_frame89.jpg,ruokolahti,ruokolahti_dji_0086,89,train,1
/workspace/Boreal-Forest-Fire/Boreal-Forest-Fire-Subset-A/Ruokolahti-Images/ruokolahti_DJI_0086_frame9.jpg,ruokolahti,ruokolahti_dji_0086,9,train,1
/workspace/Boreal-Forest-Fire/Boreal-Forest-Fire-Subset-A/Ruokolahti-Images/ruokolahti_DJI_0086_frame90.jpg,ruokolahti,ruokolahti_dji_0086,90,train,1
/workspace/Boreal-Forest-Fire/Boreal-Forest-Fire-Subset-A/Ruokolahti-Images/ruokolahti_DJI_0086_frame91.jpg,ruokolahti,ruokolahti_dji_0086,91,train,1
/workspace/Boreal-Forest-Fire/Boreal-Forest-Fire-Subset-A/Ruokolahti-Images/ruokolahti_DJI_0086_frame92.jpg,ruokolahti,ruokolahti_dji_0086,92,train,1
/workspace/Boreal-Forest-Fire/Boreal-Forest-Fire-Subset-A/Ruokolahti-Images/ruokolahti_DJI_0086_frame93.jpg,ruokolahti,ruokolahti_dji_0086,93,train,1
/workspace/Boreal-Forest-Fire/Boreal-Forest-Fire-Subset-A/Ruokolahti-Images/ruokolahti_DJI_0086_frame94.jpg,ruokolahti,ruokolahti_dji_0086,94,train,1
/workspace/Boreal-Forest-Fire/Boreal-Forest-Fire-Subset-A/Ruokolahti-Images/ruokolahti_DJI_0086_frame95.jpg,ruokolahti,ruokolahti_dji_0086,95,train,1
/workspace/Boreal-Forest-Fire/Boreal-Forest-Fire-Subset-A/Ruokolahti-Images/ruokolahti_DJI_0086_frame96.jpg,ruokolahti,ruokolahti_dji_0086,96,train,1
/workspace/Boreal-Forest-Fire/Boreal-Forest-Fire-Subset-A/Ruokolahti-Images/ruokolahti_DJI_0086_frame97.jpg,ruokolahti,ruokolahti_dji_0086,97,train,1
/workspace/Boreal-Forest-Fire/Boreal-Forest-Fire-Subset-A/Ruokolahti-Images/ruokolahti_DJI_0086_frame98.jpg,ruokolahti,ruokolahti_dji_0086,98,train,1
/workspace/Boreal-Forest-Fire/Boreal-Forest-Fire-Subset-A/Ruokolahti-Images/ruokolahti_DJI_0086_frame99.jpg,ruokolahti,ruokolahti_dji_0086,99,train,1
/workspace/Boreal-Forest-Fire/Boreal-Forest-Fire-Subset-A/Ruokolahti-Images/ruokolahti_DJI_0087_frame0.jpg,ruokolahti,ruokolahti_dji_0087,0,val,1
/workspace/Boreal-Forest-Fire/Boreal-Forest-Fire-Subset-A/Ruokolahti-Images/ruokolahti_DJI_0087_frame1.jpg,ruokolahti,ruokolahti_dji_0087,1,val,1
/workspace/Boreal-Forest-Fire/Boreal-Forest-Fire-Subset-A/Ruokolahti-Images/ruokolahti_DJI_0087_frame10.jpg,ruokolahti,ruokolahti_dji_0087,10,val,1
/workspace/Boreal-Forest-Fire/Boreal-Forest-Fire-Subset-A/Ruokolahti-Images/ruokolahti_DJI_0087_frame100.jpg,ruokolahti,ruokolahti_dji_0087,100,val,1
/workspace/Boreal-Forest-Fire/Boreal-Forest-Fire-Subset-A/Ruokolahti-Images/ruokolahti_DJI_0087_frame101.jpg,ruokolahti,ruokolahti_dji_0087,101,val,1
/workspace/Boreal-Forest-Fire/Boreal-Forest-Fire-Subset-A/Ruokolahti-Images/ruokolahti_DJI_0087_frame102.jpg,ruokolahti,ruokolahti_dji_0087,102,val,1
/workspace/Boreal-Forest-Fire/Boreal-Forest-Fire-Subset-A/Ruokolahti-Images/ruokolahti_DJI_0087_frame103.jpg,ruokolahti,ruokolahti_dji_0087,103,val,1
/workspace/Boreal-Forest-Fire/Boreal-Forest-Fire-Subset-A/Ruokolahti-Images/ruokolahti_DJI_0087_frame104.jpg,ruokolahti,ruokolahti_dji_0087,104,val,1
/workspace/Boreal-Forest-Fire/Boreal-Forest-Fire-Subset-A/Ruokolahti-Images/ruokolahti_DJI_0087_frame105.jpg,ruokolahti,ruokolahti_dji_0087,105,val,1
/workspace/Boreal-Forest-Fire/Boreal-Forest-Fire-Subset-A/Ruokolahti-Images/ruokolahti_DJI_0087_frame106.jpg,ruokolahti,ruokolahti_dji_0087,106,val,1
/workspace/Boreal-Forest-Fire/Boreal-Forest-Fire-Subset-A/Ruokolahti-Images/ruokolahti_DJI_0087_frame107.jpg,ruokolahti,ruokolahti_dji_0087,107,val,1
/workspace/Boreal-Forest-Fire/Boreal-Forest-Fire-Subset-A/Ruokolahti-Images/ruokolahti_DJI_0087_frame108.jpg,ruokolahti,ruokolahti_dji_0087,108,val,1
/workspace/Boreal-Forest-Fire/Boreal-Forest-Fire-Subset-A/Ruokolahti-Images/ruokolahti_DJI_0087_frame109.jpg,ruokolahti,ruokolahti_dji_0087,109,val,1
/workspace/Boreal-Forest-Fire/Boreal-Forest-Fire-Subset-A/Ruokolahti-Images/ruokolahti_DJI_0087_frame11.jpg,ruokolahti,ruokolahti_dji_0087,11,val,1
/workspace/Boreal-Forest-Fire/Boreal-Forest-Fire-Subset-A/Ruokolahti-Images/ruokolahti_DJI_0087_frame110.jpg,ruokolahti,ruokolahti_dji_0087,110,val,1
/workspace/Boreal-Forest-Fire/Boreal-Forest-Fire-Subset-A/Ruokolahti-Images/ruokolahti_DJI_0087_frame111.jpg,ruokolahti,ruokolahti_dji_0087,111,val,1
/workspace/Boreal-Forest-Fire/Boreal-Forest-Fire-Subset-A/Ruokolahti-Images/ruokolahti_DJI_0087_frame112.jpg,ruokolahti,ruokolahti_dji_0087,112,val,1
/workspace/Boreal-Forest-Fire/Boreal-Forest-Fire-Subset-A/Ruokolahti-Images/ruokolahti_DJI_0087_frame113.jpg,ruokolahti,ruokolahti_dji_0087,113,val,1
/workspace/Boreal-Forest-Fire/Boreal-Forest-Fire-Subset-A/Ruokolahti-Images/ruokolahti_DJI_0087_frame114.jpg,ruokolahti,ruokolahti_dji_0087,114,val,1
/workspace/Boreal-Forest-Fire/Boreal-Forest-Fire-Subset-A/Ruokolahti-Images/ruokolahti_DJI_0087_frame115.jpg,ruokolahti,ruokolahti_dji_0087,115,val,1
/workspace/Boreal-Forest-Fire/Boreal-Forest-Fire-Subset-A/Ruokolahti-Images/ruokolahti_DJI_0087_frame116.jpg,ruokolahti,ruokolahti_dji_0087,116,val,1
/workspace/Boreal-Forest-Fire/Boreal-Forest-Fire-Subset-A/Ruokolahti-Images/ruokolahti_DJI_0087_frame117.jpg,ruokolahti,ruokolahti_dji_0087,117,val,1
/workspace/Boreal-Forest-Fire/Boreal-Forest-Fire-Subset-A/Ruokolahti-Images/ruokolahti_DJI_0087_frame118.jpg,ruokolahti,ruokolahti_dji_0087,118,val,1
/workspace/Boreal-Forest-Fire/Boreal-Forest-Fire-Subset-A/Ruokolahti-Images/ruokolahti_DJI_0087_frame119.jpg,ruokolahti,ruokolahti_dji_0087,119,val,1
/workspace/Boreal-Forest-Fire/Boreal-Forest-Fire-Subset-A/Ruokolahti-Images/ruokolahti_DJI_0087_frame12.jpg,ruokolahti,ruokolahti_dji_0087,12,val,1
/workspace/Boreal-Forest-Fire/Boreal-Forest-Fire-Subset-A/Ruokolahti-Images/ruokolahti_DJI_0087_frame120.jpg,ruokolahti,ruokolahti_dji_0087,120,val,1
/workspace/Boreal-Forest-Fire/Boreal-Forest-Fire-Subset-A/Ruokolahti-Images/ruokolahti_DJI_0087_frame121.jpg,ruokolahti,ruokolahti_dji_0087,121,val,1
/workspace/Boreal-Forest-Fire/Boreal-Forest-Fire-Subset-A/Ruokolahti-Images/ruokolahti_DJI_0087_frame122.jpg,ruokolahti,ruokolahti_dji_0087,122,val,1
/workspace/Boreal-Forest-Fire/Boreal-Forest-Fire-Subset-A/Ruokolahti-Images/ruokolahti_DJI_0087_frame123.jpg,ruokolahti,ruokolahti_dji_0087,123,val,1
/workspace/Boreal-Forest-Fire/Boreal-Forest-Fire-Subset-A/Ruokolahti-Images/ruokolahti_DJI_0087_frame124.jpg,ruokolahti,ruokolahti_dji_0087,124,val,1
/workspace/Boreal-Forest-Fire/Boreal-Forest-Fire-Subset-A/Ruokolahti-Images/ruokolahti_DJI_0087_frame125.jpg,ruokolahti,ruokolahti_dji_0087,125,val,1
/workspace/Boreal-Forest-Fire/Boreal-Forest-Fire-Subset-A/Ruokolahti-Images/ruokolahti_DJI_0087_frame126.jpg,ruokolahti,ruokolahti_dji_0087,126,val,1
/workspace/Boreal-Forest-Fire/Boreal-Forest-Fire-Subset-A/Ruokolahti-Images/ruokolahti_DJI_0087_frame127.jpg,ruokolahti,ruokolahti_dji_0087,127,val,1
/workspace/Boreal-Forest-Fire/Boreal-Forest-Fire-Subset-A/Ruokolahti-Images/ruokolahti_DJI_0087_frame128.jpg,ruokolahti,ruokolahti_dji_0087,128,val,1
/workspace/Boreal-Forest-Fire/Boreal-Forest-Fire-Subset-A/Ruokolahti-Images/ruokolahti_DJI_0087_frame129.jpg,ruokolahti,ruokolahti_dji_0087,129,val,1
/workspace/Boreal-Forest-Fire/Boreal-Forest-Fire-Subset-A/Ruokolahti-Images/ruokolahti_DJI_0087_frame13.jpg,ruokolahti,ruokolahti_dji_0087,13,val,1
/workspace/Boreal-Forest-Fire/Boreal-Forest-Fire-Subset-A/Ruokolahti-Images/ruokolahti_DJI_0087_frame130.jpg,ruokolahti,ruokolahti_dji_0087,130,val,1
/workspace/Boreal-Forest-Fire/Boreal-Forest-Fire-Subset-A/Ruokolahti-Images/ruokolahti_DJI_0087_frame131.jpg,ruokolahti,ruokolahti_dji_0087,131,val,1
/workspace/Boreal-Forest-Fire/Boreal-Forest-Fire-Subset-A/Ruokolahti-Images/ruokolahti_DJI_0087_frame132.jpg,ruokolahti,ruokolahti_dji_0087,132,val,1
/workspace/Boreal-Forest-Fire/Boreal-Forest-Fire-Subset-A/Ruokolahti-Images/ruokolahti_DJI_0087_frame133.jpg,ruokolahti,ruokolahti_dji_0087,133,val,1
/workspace/Boreal-Forest-Fire/Boreal-Forest-Fire-Subset-A/Ruokolahti-Images/ruokolahti_DJI_0087_frame134.jpg,ruokolahti,ruokolahti_dji_0087,134,val,1
/workspace/Boreal-Forest-Fire/Boreal-Forest-Fire-Subset-A/Ruokolahti-Images/ruokolahti_DJI_0087_frame135.jpg,ruokolahti,ruokolahti_dji_0087,135,val,1
/workspace/Boreal-Forest-Fire/Boreal-Forest-Fire-Subset-A/Ruokolahti-Images/ruokolahti_DJI_0087_frame136.jpg,ruokolahti,ruokolahti_dji_0087,136,val,1
/workspace/Boreal-Forest-Fire/Boreal-Forest-Fire-Subset-A/Ruokolahti-Images/ruokolahti_DJI_0087_frame137.jpg,ruokolahti,ruokolahti_dji_0087,137,val,1
/workspace/Boreal-Forest-Fire/Boreal-Forest-Fire-Subset-A/Ruokolahti-Images/ruokolahti_DJI_0087_frame138.jpg,ruokolahti,ruokolahti_dji_0087,138,val,1
/workspace/Boreal-Forest-Fire/Boreal-Forest-Fire-Subset-A/Ruokolahti-Images/ruokolahti_DJI_0087_frame139.jpg,ruokolahti,ruokolahti_dji_0087,139,val,1
/workspace/Boreal-Forest-Fire/Boreal-Forest-Fire-Subset-A/Ruokolahti-Images/ruokolahti_DJI_0087_frame14.jpg,ruokolahti,ruokolahti_dji_0087,14,val,1
/workspace/Boreal-Forest-Fire/Boreal-Forest-Fire-Subset-A/Ruokolahti-Images/ruokolahti_DJI_0087_frame140.jpg,ruokolahti,ruokolahti_dji_0087,140,val,1
/workspace/Boreal-Forest-Fire/Boreal-Forest-Fire-Subset-A/Ruokolahti-Images/ruokolahti_DJI_0087_frame141.jpg,ruokolahti,ruokolahti_dji_0087,141,val,1
/workspace/Boreal-Forest-Fire/Boreal-Forest-Fire-Subset-A/Ruokolahti-Images/ruokolahti_DJI_0087_frame142.jpg,ruokolahti,ruokolahti_dji_0087,142,val,1
/workspace/Boreal-Forest-Fire/Boreal-Forest-Fire-Subset-A/Ruokolahti-Images/ruokolahti_DJI_0087_frame143.jpg,ruokolahti,ruokolahti_dji_0087,143,val,1
/workspace/Boreal-Forest-Fire/Boreal-Forest-Fire-Subset-A/Ruokolahti-Images/ruokolahti_DJI_0087_frame144.jpg,ruokolahti,ruokolahti_dji_0087,144,val,1
/workspace/Boreal-Forest-Fire/Boreal-Forest-Fire-Subset-A/Ruokolahti-Images/ruokolahti_DJI_0087_frame145.jpg,ruokolahti,ruokolahti_dji_0087,145,val,1
/workspace/Boreal-Forest-Fire/Boreal-Forest-Fire-Subset-A/Ruokolahti-Images/ruokolahti_DJI_0087_frame146.jpg,ruokolahti,ruokolahti_dji_0087,146,val,1
/workspace/Boreal-Forest-Fire/Boreal-Forest-Fire-Subset-A/Ruokolahti-Images/ruokolahti_DJI_0087_frame147.jpg,ruokolahti,ruokolahti_dji_0087,147,val,1
/workspace/Boreal-Forest-Fire/Boreal-Forest-Fire-Subset-A/Ruokolahti-Images/ruokolahti_DJI_0087_frame148.jpg,ruokolahti,ruokolahti_dji_0087,148,val,1
/workspace/Boreal-Forest-Fire/Boreal-Forest-Fire-Subset-A/Ruokolahti-Images/ruokolahti_DJI_0087_frame149.jpg,ruokolahti,ruokolahti_dji_0087,149,val,1
/workspace/Boreal-Forest-Fire/Boreal-Forest-Fire-Subset-A/Ruokolahti-Images/ruokolahti_DJI_0087_frame15.jpg,ruokolahti,ruokolahti_dji_0087,15,val,1
/workspace/Boreal-Forest-Fire/Boreal-Forest-Fire-Subset-A/Ruokolahti-Images/ruokolahti_DJI_0087_frame150.jpg,ruokolahti,ruokolahti_dji_0087,150,val,1
/workspace/Boreal-Forest-Fire/Boreal-Forest-Fire-Subset-A/Ruokolahti-Images/ruokolahti_DJI_0087_frame151.jpg,ruokolahti,ruokolahti_dji_0087,151,val,1
/workspace/Boreal-Forest-Fire/Boreal-Forest-Fire-Subset-A/Ruokolahti-Images/ruokolahti_DJI_0087_frame152.jpg,ruokolahti,ruokolahti_dji_0087,152,val,1
/workspace/Boreal-Forest-Fire/Boreal-Forest-Fire-Subset-A/Ruokolahti-Images/ruokolahti_DJI_0087_frame153.jpg,ruokolahti,ruokolahti_dji_0087,153,val,1
/workspace/Boreal-Forest-Fire/Boreal-Forest-Fire-Subset-A/Ruokolahti-Images/ruokolahti_DJI_0087_frame154.jpg,ruokolahti,ruokolahti_dji_0087,154,val,1
/workspace/Boreal-Forest-Fire/Boreal-Forest-Fire-Subset-A/Ruokolahti-Images/ruokolahti_DJI_0087_frame155.jpg,ruokolahti,ruokolahti_dji_0087,155,val,1
/workspace/Boreal-Forest-Fire/Boreal-Forest-Fire-Subset-A/Ruokolahti-Images/ruokolahti_DJI_0087_frame156.jpg,ruokolahti,ruokolahti_dji_0087,156,val,1
/workspace/Boreal-Forest-Fire/Boreal-Forest-Fire-Subset-A/Ruokolahti-Images/ruokolahti_DJI_0087_frame157.jpg,ruokolahti,ruokolahti_dji_0087,157,val,1
/workspace/Boreal-Forest-Fire/Boreal-Forest-Fire-Subset-A/Ruokolahti-Images/ruokolahti_DJI_0087_frame158.jpg,ruokolahti,ruokolahti_dji_0087,158,val,1
/workspace/Boreal-Forest-Fire/Boreal-Forest-Fire-Subset-A/Ruokolahti-Images/ruokolahti_DJI_0087_frame159.jpg,ruokolahti,ruokolahti_dji_0087,159,val,1
/workspace/Boreal-Forest-Fire/Boreal-Forest-Fire-Subset-A/Ruokolahti-Images/ruokolahti_DJI_0087_frame16.jpg,ruokolahti,ruokolahti_dji_0087,16,val,1
/workspace/Boreal-Forest-Fire/Boreal-Forest-Fire-Subset-A/Ruokolahti-Images/ruokolahti_DJI_0087_frame160.jpg,ruokolahti,ruokolahti_dji_0087,160,val,1
/workspace/Boreal-Forest-Fire/Boreal-Forest-Fire-Subset-A/Ruokolahti-Images/ruokolahti_DJI_0087_frame161.jpg,ruokolahti,ruokolahti_dji_0087,161,val,1
/workspace/Boreal-Forest-Fire/Boreal-Forest-Fire-Subset-A/Ruokolahti-Images/ruokolahti_DJI_0087_frame162.jpg,ruokolahti,ruokolahti_dji_0087,162,val,1
/workspace/Boreal-Forest-Fire/Boreal-Forest-Fire-Subset-A/Ruokolahti-Images/ruokolahti_DJI_0087_frame163.jpg,ruokolahti,ruokolahti_dji_0087,163,val,1
/workspace/Boreal-Forest-Fire/Boreal-Forest-Fire-Subset-A/Ruokolahti-Images/ruokolahti_DJI_0087_frame164.jpg,ruokolahti,ruokolahti_dji_0087,164,val,1
/workspace/Boreal-Forest-Fire/Boreal-Forest-Fire-Subset-A/Ruokolahti-Images/ruokolahti_DJI_0087_frame165.jpg,ruokolahti,ruokolahti_dji_0087,165,val,1
/workspace/Boreal-Forest-Fire/Boreal-Forest-Fire-Subset-A/Ruokolahti-Images/ruokolahti_DJI_0087_frame166.jpg,ruokolahti,ruokolahti_dji_0087,166,val,1
/workspace/Boreal-Forest-Fire/Boreal-Forest-Fire-Subset-A/Ruokolahti-Images/ruokolahti_DJI_0087_frame167.jpg,ruokolahti,ruokolahti_dji_0087,167,val,1
/workspace/Boreal-Forest-Fire/Boreal-Forest-Fire-Subset-A/Ruokolahti-Images/ruokolahti_DJI_0087_frame168.jpg,ruokolahti,ruokolahti_dji_0087,168,val,1
/workspace/Boreal-Forest-Fire/Boreal-Forest-Fire-Subset-A/Ruokolahti-Images/ruokolahti_DJI_0087_frame169.jpg,ruokolahti,ruokolahti_dji_0087,169,val,1
/workspace/Boreal-Forest-Fire/Boreal-Forest-Fire-Subset-A/Ruokolahti-Images/ruokolahti_DJI_0087_frame17.jpg,ruokolahti,ruokolahti_dji_0087,17,val,1
/workspace/Boreal-Forest-Fire/Boreal-Forest-Fire-Subset-A/Ruokolahti-Images/ruokolahti_DJI_0087_frame170.jpg,ruokolahti,ruokolahti_dji_0087,170,val,1
/workspace/Boreal-Forest-Fire/Boreal-Forest-Fire-Subset-A/Ruokolahti-Images/ruokolahti_DJI_0087_frame171.jpg,ruokolahti,ruokolahti_dji_0087,171,val,1
/workspace/Boreal-Forest-Fire/Boreal-Forest-Fire-Subset-A/Ruokolahti-Images/ruokolahti_DJI_0087_frame172.jpg,ruokolahti,ruokolahti_dji_0087,172,val,1
/workspace/Boreal-Forest-Fire/Boreal-Forest-Fire-Subset-A/Ruokolahti-Images/ruokolahti_DJI_0087_frame173.jpg,ruokolahti,ruokolahti_dji_0087,173,val,1
/workspace/Boreal-Forest-Fire/Boreal-Forest-Fire-Subset-A/Ruokolahti-Images/ruokolahti_DJI_0087_frame174.jpg,ruokolahti,ruokolahti_dji_0087,174,val,1
/workspace/Boreal-Forest-Fire/Boreal-Forest-Fire-Subset-A/Ruokolahti-Images/ruokolahti_DJI_0087_frame175.jpg,ruokolahti,ruokolahti_dji_0087,175,val,1
/workspace/Boreal-Forest-Fire/Boreal-Forest-Fire-Subset-A/Ruokolahti-Images/ruokolahti_DJI_0087_frame176.jpg,ruokolahti,ruokolahti_dji_0087,176,val,1
/workspace/Boreal-Forest-Fire/Boreal-Forest-Fire-Subset-A/Ruokolahti-Images/ruokolahti_DJI_0087_frame177.jpg,ruokolahti,ruokolahti_dji_0087,177,val,1
/workspace/Boreal-Forest-Fire/Boreal-Forest-Fire-Subset-A/Ruokolahti-Images/ruokolahti_DJI_0087_frame178.jpg,ruokolahti,ruokolahti_dji_0087,178,val,1
/workspace/Boreal-Forest-Fire/Boreal-Forest-Fire-Subset-A/Ruokolahti-Images/ruokolahti_DJI_0087_frame179.jpg,ruokolahti,ruokolahti_dji_0087,179,val,1
/workspace/Boreal-Forest-Fire/Boreal-Forest-Fire-Subset-A/Ruokolahti-Images/ruokolahti_DJI_0087_frame18.jpg,ruokolahti,ruokolahti_dji_0087,18,val,1
/workspace/Boreal-Forest-Fire/Boreal-Forest-Fire-Subset-A/Ruokolahti-Images/ruokolahti_DJI_0087_frame180.jpg,ruokolahti,ruokolahti_dji_0087,180,val,1
/workspace/Boreal-Forest-Fire/Boreal-Forest-Fire-Subset-A/Ruokolahti-Images/ruokolahti_DJI_0087_frame181.jpg,ruokolahti,ruokolahti_dji_0087,181,val,1
/workspace/Boreal-Forest-Fire/Boreal-Forest-Fire-Subset-A/Ruokolahti-Images/ruokolahti_DJI_0087_frame182.jpg,ruokolahti,ruokolahti_dji_0087,182,val,1
/workspace/Boreal-Forest-Fire/Boreal-Forest-Fire-Subset-A/Ruokolahti-Images/ruokolahti_DJI_0087_frame183.jpg,ruokolahti,ruokolahti_dji_0087,183,val,1
/workspace/Boreal-Forest-Fire/Boreal-Forest-Fire-Subset-A/Ruokolahti-Images/ruokolahti_DJI_0087_frame184.jpg,ruokolahti,ruokolahti_dji_0087,184,val,1
/workspace/Boreal-Forest-Fire/Boreal-Forest-Fire-Subset-A/Ruokolahti-Images/ruokolahti_DJI_0087_frame185.jpg,ruokolahti,ruokolahti_dji_0087,185,val,1
/workspace/Boreal-Forest-Fire/Boreal-Forest-Fire-Subset-A/Ruokolahti-Images/ruokolahti_DJI_0087_frame186.jpg,ruokolahti,ruokolahti_dji_0087,186,val,1
/workspace/Boreal-Forest-Fire/Boreal-Forest-Fire-Subset-A/Ruokolahti-Images/ruokolahti_DJI_0087_frame187.jpg,ruokolahti,ruokolahti_dji_0087,187,val,1
/workspace/Boreal-Forest-Fire/Boreal-Forest-Fire-Subset-A/Ruokolahti-Images/ruokolahti_DJI_0087_frame188.jpg,ruokolahti,ruokolahti_dji_0087,188,val,1
/workspace/Boreal-Forest-Fire/Boreal-Forest-Fire-Subset-A/Ruokolahti-Images/ruokolahti_DJI_0087_frame189.jpg,ruokolahti,ruokolahti_dji_0087,189,val,1
/workspace/Boreal-Forest-Fire/Boreal-Forest-Fire-Subset-A/Ruokolahti-Images/ruokolahti_DJI_0087_frame19.jpg,ruokolahti,ruokolahti_dji_0087,19,val,1
/workspace/Boreal-Forest-Fire/Boreal-Forest-Fire-Subset-A/Ruokolahti-Images/ruokolahti_DJI_0087_frame190.jpg,ruokolahti,ruokolahti_dji_0087,190,val,1
/workspace/Boreal-Forest-Fire/Boreal-Forest-Fire-Subset-A/Ruokolahti-Images/ruokolahti_DJI_0087_frame191.jpg,ruokolahti,ruokolahti_dji_0087,191,val,1
/workspace/Boreal-Forest-Fire/Boreal-Forest-Fire-Subset-A/Ruokolahti-Images/ruokolahti_DJI_0087_frame192.jpg,ruokolahti,ruokolahti_dji_0087,192,val,1
/workspace/Boreal-Forest-Fire/Boreal-Forest-Fire-Subset-A/Ruokolahti-Images/ruokolahti_DJI_0087_frame193.jpg,ruokolahti,ruokolahti_dji_0087,193,val,1
/workspace/Boreal-Forest-Fire/Boreal-Forest-Fire-Subset-A/Ruokolahti-Images/ruokolahti_DJI_0087_frame194.jpg,ruokolahti,ruokolahti_dji_0087,194,val,1
/workspace/Boreal-Forest-Fire/Boreal-Forest-Fire-Subset-A/Ruokolahti-Images/ruokolahti_DJI_0087_frame195.jpg,ruokolahti,ruokolahti_dji_0087,195,val,1
/workspace/Boreal-Forest-Fire/Boreal-Forest-Fire-Subset-A/Ruokolahti-Images/ruokolahti_DJI_0087_frame196.jpg,ruokolahti,ruokolahti_dji_0087,196,val,1
/workspace/Boreal-Forest-Fire/Boreal-Forest-Fire-Subset-A/Ruokolahti-Images/ruokolahti_DJI_0087_frame197.jpg,ruokolahti,ruokolahti_dji_0087,197,val,1
/workspace/Boreal-Forest-Fire/Boreal-Forest-Fire-Subset-A/Ruokolahti-Images/ruokolahti_DJI_0087_frame198.jpg,ruokolahti,ruokolahti_dji_0087,198,val,1
/workspace/Boreal-Forest-Fire/Boreal-Forest-Fire-Subset-A/Ruokolahti-Images/ruokolahti_DJI_0087_frame199.jpg,ruokolahti,ruokolahti_dji_0087,199,val,1
/workspace/Boreal-Forest-Fire/Boreal-Forest-Fire-Subset-A/Ruokolahti-Images/ruokolahti_DJI_0087_frame2.jpg,ruokolahti,ruokolahti_dji_0087,2,val,1
/workspace/Boreal-Forest-Fire/Boreal-Forest-Fire-Subset-A/Ruokolahti-Images/ruokolahti_DJI_0087_frame20.jpg,ruokolahti,ruokolahti_dji_0087,20,val,1
/workspace/Boreal-Forest-Fire/Boreal-Forest-Fire-Subset-A/Ruokolahti-Images/ruokolahti_DJI_0087_frame200.jpg,ruokolahti,ruokolahti_dji_0087,200,val,1
/workspace/Boreal-Forest-Fire/Boreal-Forest-Fire-Subset-A/Ruokolahti-Images/ruokolahti_DJI_0087_frame201.jpg,ruokolahti,ruokolahti_dji_0087,201,val,1
/workspace/Boreal-Forest-Fire/Boreal-Forest-Fire-Subset-A/Ruokolahti-Images/ruokolahti_DJI_0087_frame202.jpg,ruokolahti,ruokolahti_dji_0087,202,val,1
/workspace/Boreal-Forest-Fire/Boreal-Forest-Fire-Subset-A/Ruokolahti-Images/ruokolahti_DJI_0087_frame203.jpg,ruokolahti,ruokolahti_dji_0087,203,val,1
/workspace/Boreal-Forest-Fire/Boreal-Forest-Fire-Subset-A/Ruokolahti-Images/ruokolahti_DJI_0087_frame204.jpg,ruokolahti,ruokolahti_dji_0087,204,val,1
/workspace/Boreal-Forest-Fire/Boreal-Forest-Fire-Subset-A/Ruokolahti-Images/ruokolahti_DJI_0087_frame205.jpg,ruokolahti,ruokolahti_dji_0087,205,val,1
/workspace/Boreal-Forest-Fire/Boreal-Forest-Fire-Subset-A/Ruokolahti-Images/ruokolahti_DJI_0087_frame206.jpg,ruokolahti,ruokolahti_dji_0087,206,val,1
/workspace/Boreal-Forest-Fire/Boreal-Forest-Fire-Subset-A/Ruokolahti-Images/ruokolahti_DJI_0087_frame207.jpg,ruokolahti,ruokolahti_dji_0087,207,val,1
/workspace/Boreal-Forest-Fire/Boreal-Forest-Fire-Subset-A/Ruokolahti-Images/ruokolahti_DJI_0087_frame208.jpg,ruokolahti,ruokolahti_dji_0087,208,val,1
/workspace/Boreal-Forest-Fire/Boreal-Forest-Fire-Subset-A/Ruokolahti-Images/ruokolahti_DJI_0087_frame209.jpg,ruokolahti,ruokolahti_dji_0087,209,val,1
/workspace/Boreal-Forest-Fire/Boreal-Forest-Fire-Subset-A/Ruokolahti-Images/ruokolahti_DJI_0087_frame21.jpg,ruokolahti,ruokolahti_dji_0087,21,val,1
/workspace/Boreal-Forest-Fire/Boreal-Forest-Fire-Subset-A/Ruokolahti-Images/ruokolahti_DJI_0087_frame210.jpg,ruokolahti,ruokolahti_dji_0087,210,val,1
/workspace/Boreal-Forest-Fire/Boreal-Forest-Fire-Subset-A/Ruokolahti-Images/ruokolahti_DJI_0087_frame211.jpg,ruokolahti,ruokolahti_dji_0087,211,val,1
/workspace/Boreal-Forest-Fire/Boreal-Forest-Fire-Subset-A/Ruokolahti-Images/ruokolahti_DJI_0087_frame212.jpg,ruokolahti,ruokolahti_dji_0087,212,val,1
/workspace/Boreal-Forest-Fire/Boreal-Forest-Fire-Subset-A/Ruokolahti-Images/ruokolahti_DJI_0087_frame213.jpg,ruokolahti,ruokolahti_dji_0087,213,val,1
/workspace/Boreal-Forest-Fire/Boreal-Forest-Fire-Subset-A/Ruokolahti-Images/ruokolahti_DJI_0087_frame214.jpg,ruokolahti,ruokolahti_dji_0087,214,val,1
/workspace/Boreal-Forest-Fire/Boreal-Forest-Fire-Subset-A/Ruokolahti-Images/ruokolahti_DJI_0087_frame215.jpg,ruokolahti,ruokolahti_dji_0087,215,val,1
/workspace/Boreal-Forest-Fire/Boreal-Forest-Fire-Subset-A/Ruokolahti-Images/ruokolahti_DJI_0087_frame216.jpg,ruokolahti,ruokolahti_dji_0087,216,val,1
/workspace/Boreal-Forest-Fire/Boreal-Forest-Fire-Subset-A/Ruokolahti-Images/ruokolahti_DJI_0087_frame217.jpg,ruokolahti,ruokolahti_dji_0087,217,val,1
/workspace/Boreal-Forest-Fire/Boreal-Forest-Fire-Subset-A/Ruokolahti-Images/ruokolahti_DJI_0087_frame218.jpg,ruokolahti,ruokolahti_dji_0087,218,val,1
/workspace/Boreal-Forest-Fire/Boreal-Forest-Fire-Subset-A/Ruokolahti-Images/ruokolahti_DJI_0087_frame219.jpg,ruokolahti,ruokolahti_dji_0087,219,val,1
/workspace/Boreal-Forest-Fire/Boreal-Forest-Fire-Subset-A/Ruokolahti-Images/ruokolahti_DJI_0087_frame22.jpg,ruokolahti,ruokolahti_dji_0087,22,val,1
/workspace/Boreal-Forest-Fire/Boreal-Forest-Fire-Subset-A/Ruokolahti-Images/ruokolahti_DJI_0087_frame220.jpg,ruokolahti,ruokolahti_dji_0087,220,val,1
/workspace/Boreal-Forest-Fire/Boreal-Forest-Fire-Subset-A/Ruokolahti-Images/ruokolahti_DJI_0087_frame221.jpg,ruokolahti,ruokolahti_dji_0087,221,val,1
/workspace/Boreal-Forest-Fire/Boreal-Forest-Fire-Subset-A/Ruokolahti-Images/ruokolahti_DJI_0087_frame222.jpg,ruokolahti,ruokolahti_dji_0087,222,val,1
/workspace/Boreal-Forest-Fire/Boreal-Forest-Fire-Subset-A/Ruokolahti-Images/ruokolahti_DJI_0087_frame223.jpg,ruokolahti,ruokolahti_dji_0087,223,val,1
/workspace/Boreal-Forest-Fire/Boreal-Forest-Fire-Subset-A/Ruokolahti-Images/ruokolahti_DJI_0087_frame224.jpg,ruokolahti,ruokolahti_dji_0087,224,val,1
/workspace/Boreal-Forest-Fire/Boreal-Forest-Fire-Subset-A/Ruokolahti-Images/ruokolahti_DJI_0087_frame225.jpg,ruokolahti,ruokolahti_dji_0087,225,val,1
/workspace/Boreal-Forest-Fire/Boreal-Forest-Fire-Subset-A/Ruokolahti-Images/ruokolahti_DJI_0087_frame226.jpg,ruokolahti,ruokolahti_dji_0087,226,val,1
/workspace/Boreal-Forest-Fire/Boreal-Forest-Fire-Subset-A/Ruokolahti-Images/ruokolahti_DJI_0087_frame227.jpg,ruokolahti,ruokolahti_dji_0087,227,val,1
/workspace/Boreal-Forest-Fire/Boreal-Forest-Fire-Subset-A/Ruokolahti-Images/ruokolahti_DJI_0087_frame228.jpg,ruokolahti,ruokolahti_dji_0087,228,val,1
/workspace/Boreal-Forest-Fire/Boreal-Forest-Fire-Subset-A/Ruokolahti-Images/ruokolahti_DJI_0087_frame229.jpg,ruokolahti,ruokolahti_dji_0087,229,val,1
/workspace/Boreal-Forest-Fire/Boreal-Forest-Fire-Subset-A/Ruokolahti-Images/ruokolahti_DJI_0087_frame23.jpg,ruokolahti,ruokolahti_dji_0087,23,val,1
/workspace/Boreal-Forest-Fire/Boreal-Forest-Fire-Subset-A/Ruokolahti-Images/ruokolahti_DJI_0087_frame230.jpg,ruokolahti,ruokolahti_dji_0087,230,val,1
/workspace/Boreal-Forest-Fire/Boreal-Forest-Fire-Subset-A/Ruokolahti-Images/ruokolahti_DJI_0087_frame231.jpg,ruokolahti,ruokolahti_dji_0087,231,val,1
/workspace/Boreal-Forest-Fire/Boreal-Forest-Fire-Subset-A/Ruokolahti-Images/ruokolahti_DJI_0087_frame232.jpg,ruokolahti,ruokolahti_dji_0087,232,val,1
/workspace/Boreal-Forest-Fire/Boreal-Forest-Fire-Subset-A/Ruokolahti-Images/ruokolahti_DJI_0087_frame233.jpg,ruokolahti,ruokolahti_dji_0087,233,val,1
/workspace/Boreal-Forest-Fire/Boreal-Forest-Fire-Subset-A/Ruokolahti-Images/ruokolahti_DJI_0087_frame234.jpg,ruokolahti,ruokolahti_dji_0087,234,val,1
/workspace/Boreal-Forest-Fire/Boreal-Forest-Fire-Subset-A/Ruokolahti-Images/ruokolahti_DJI_0087_frame235.jpg,ruokolahti,ruokolahti_dji_0087,235,val,1
/workspace/Boreal-Forest-Fire/Boreal-Forest-Fire-Subset-A/Ruokolahti-Images/ruokolahti_DJI_0087_frame236.jpg,ruokolahti,ruokolahti_dji_0087,236,val,1
/workspace/Boreal-Forest-Fire/Boreal-Forest-Fire-Subset-A/Ruokolahti-Images/ruokolahti_DJI_0087_frame237.jpg,ruokolahti,ruokolahti_dji_0087,237,val,1
/workspace/Boreal-Forest-Fire/Boreal-Forest-Fire-Subset-A/Ruokolahti-Images/ruokolahti_DJI_0087_frame238.jpg,ruokolahti,ruokolahti_dji_0087,238,val,1
/workspace/Boreal-Forest-Fire/Boreal-Forest-Fire-Subset-A/Ruokolahti-Images/ruokolahti_DJI_0087_frame239.jpg,ruokolahti,ruokolahti_dji_0087,239,val,1
/workspace/Boreal-Forest-Fire/Boreal-Forest-Fire-Subset-A/Ruokolahti-Images/ruokolahti_DJI_0087_frame24.jpg,ruokolahti,ruokolahti_dji_0087,24,val,1
/workspace/Boreal-Forest-Fire/Boreal-Forest-Fire-Subset-A/Ruokolahti-Images/ruokolahti_DJI_0087_frame240.jpg,ruokolahti,ruokolahti_dji_0087,240,val,1
/workspace/Boreal-Forest-Fire/Boreal-Forest-Fire-Subset-A/Ruokolahti-Images/ruokolahti_DJI_0087_frame241.jpg,ruokolahti,ruokolahti_dji_0087,241,val,1
/workspace/Boreal-Forest-Fire/Boreal-Forest-Fire-Subset-A/Ruokolahti-Images/ruokolahti_DJI_0087_frame242.jpg,ruokolahti,ruokolahti_dji_0087,242,val,1
/workspace/Boreal-Forest-Fire/Boreal-Forest-Fire-Subset-A/Ruokolahti-Images/ruokolahti_DJI_0087_frame243.jpg,ruokolahti,ruokolahti_dji_0087,243,val,1
/workspace/Boreal-Forest-Fire/Boreal-Forest-Fire-Subset-A/Ruokolahti-Images/ruokolahti_DJI_0087_frame244.jpg,ruokolahti,ruokolahti_dji_0087,244,val,1
/workspace/Boreal-Forest-Fire/Boreal-Forest-Fire-Subset-A/Ruokolahti-Images/ruokolahti_DJI_0087_frame245.jpg,ruokolahti,ruokolahti_dji_0087,245,val,1
/workspace/Boreal-Forest-Fire/Boreal-Forest-Fire-Subset-A/Ruokolahti-Images/ruokolahti_DJI_0087_frame246.jpg,ruokolahti,ruokolahti_dji_0087,246,val,1
/workspace/Boreal-Forest-Fire/Boreal-Forest-Fire-Subset-A/Ruokolahti-Images/ruokolahti_DJI_0087_frame247.jpg,ruokolahti,ruokolahti_dji_0087,247,val,1
/workspace/Boreal-Forest-Fire/Boreal-Forest-Fire-Subset-A/Ruokolahti-Images/ruokolahti_DJI_0087_frame248.jpg,ruokolahti,ruokolahti_dji_0087,248,val,1
/workspace/Boreal-Forest-Fire/Boreal-Forest-Fire-Subset-A/Ruokolahti-Images/ruokolahti_DJI_0087_frame249.jpg,ruokolahti,ruokolahti_dji_0087,249,val,0
/workspace/Boreal-Forest-Fire/Boreal-Forest-Fire-Subset-A/Ruokolahti-Images/ruokolahti_DJI_0087_frame25.jpg,ruokolahti,ruokolahti_dji_0087,25,val,1
/workspace/Boreal-Forest-Fire/Boreal-Forest-Fire-Subset-A/Ruokolahti-Images/ruokolahti_DJI_0087_frame250.jpg,ruokolahti,ruokolahti_dji_0087,250,val,1
/workspace/Boreal-Forest-Fire/Boreal-Forest-Fire-Subset-A/Ruokolahti-Images/ruokolahti_DJI_0087_frame251.jpg,ruokolahti,ruokolahti_dji_0087,251,val,1
/workspace/Boreal-Forest-Fire/Boreal-Forest-Fire-Subset-A/Ruokolahti-Images/ruokolahti_DJI_0087_frame252.jpg,ruokolahti,ruokolahti_dji_0087,252,val,1
/workspace/Boreal-Forest-Fire/Boreal-Forest-Fire-Subset-A/Ruokolahti-Images/ruokolahti_DJI_0087_frame253.jpg,ruokolahti,ruokolahti_dji_0087,253,val,1
/workspace/Boreal-Forest-Fire/Boreal-Forest-Fire-Subset-A/Ruokolahti-Images/ruokolahti_DJI_0087_frame254.jpg,ruokolahti,ruokolahti_dji_0087,254,val,1
/workspace/Boreal-Forest-Fire/Boreal-Forest-Fire-Subset-A/Ruokolahti-Images/ruokolahti_DJI_0087_frame255.jpg,ruokolahti,ruokolahti_dji_0087,255,val,1
/workspace/Boreal-Forest-Fire/Boreal-Forest-Fire-Subset-A/Ruokolahti-Images/ruokolahti_DJI_0087_frame256.jpg,ruokolahti,ruokolahti_dji_0087,256,val,1
/workspace/Boreal-Forest-Fire/Boreal-Forest-Fire-Subset-A/Ruokolahti-Images/ruokolahti_DJI_0087_frame257.jpg,ruokolahti,ruokolahti_dji_0087,257,val,1
/workspace/Boreal-Forest-Fire/Boreal-Forest-Fire-Subset-A/Ruokolahti-Images/ruokolahti_DJI_0087_frame258.jpg,ruokolahti,ruokolahti_dji_0087,258,val,1
/workspace/Boreal-Forest-Fire/Boreal-Forest-Fire-Subset-A/Ruokolahti-Images/ruokolahti_DJI_0087_frame259.jpg,ruokolahti,ruokolahti_dji_0087,259,val,0
/workspace/Boreal-Forest-Fire/Boreal-Forest-Fire-Subset-A/Ruokolahti-Images/ruokolahti_DJI_0087_frame26.jpg,ruokolahti,ruokolahti_dji_0087,26,val,1
/workspace/Boreal-Forest-Fire/Boreal-Forest-Fire-Subset-A/Ruokolahti-Images/ruokolahti_DJI_0087_frame260.jpg,ruokolahti,ruokolahti_dji_0087,260,val,1
/workspace/Boreal-Forest-Fire/Boreal-Forest-Fire-Subset-A/Ruokolahti-Images/ruokolahti_DJI_0087_frame261.jpg,ruokolahti,ruokolahti_dji_0087,261,val,1
/workspace/Boreal-Forest-Fire/Boreal-Forest-Fire-Subset-A/Ruokolahti-Images/ruokolahti_DJI_0087_frame262.jpg,ruokolahti,ruokolahti_dji_0087,262,val,1
/workspace/Boreal-Forest-Fire/Boreal-Forest-Fire-Subset-A/Ruokolahti-Images/ruokolahti_DJI_0087_frame263.jpg,ruokolahti,ruokolahti_dji_0087,263,val,1
/workspace/Boreal-Forest-Fire/Boreal-Forest-Fire-Subset-A/Ruokolahti-Images/ruokolahti_DJI_0087_frame264.jpg,ruokolahti,ruokolahti_dji_0087,264,val,1
/workspace/Boreal-Forest-Fire/Boreal-Forest-Fire-Subset-A/Ruokolahti-Images/ruokolahti_DJI_0087_frame265.jpg,ruokolahti,ruokolahti_dji_0087,265,val,1
/workspace/Boreal-Forest-Fire/Boreal-Forest-Fire-Subset-A/Ruokolahti-Images/ruokolahti_DJI_0087_frame266.jpg,ruokolahti,ruokolahti_dji_0087,266,val,1
/workspace/Boreal-Forest-Fire/Boreal-Forest-Fire-Subset-A/Ruokolahti-Images/ruokolahti_DJI_0087_frame267.jpg,ruokolahti,ruokolahti_dji_0087,267,val,1
/workspace/Boreal-Forest-Fire/Boreal-Forest-Fire-Subset-A/Ruokolahti-Images/ruokolahti_DJI_0087_frame268.jpg,ruokolahti,ruokolahti_dji_0087,268,val,1
/workspace/Boreal-Forest-Fire/Boreal-Forest-Fire-Subset-A/Ruokolahti-Images/ruokolahti_DJI_0087_frame269.jpg,ruokolahti,ruokolahti_dji_0087,269,val,1
/workspace/Boreal-Forest-Fire/Boreal-Forest-Fire-Subset-A/Ruokolahti-Images/ruokolahti_DJI_0087_frame27.jpg,ruokolahti,ruokolahti_dji_0087,27,val,1
/workspace/Boreal-Forest-Fire/Boreal-Forest-Fire-Subset-A/Ruokolahti-Images/ruokolahti_DJI_0087_frame270.jpg,ruokolahti,ruokolahti_dji_0087,270,val,1
/workspace/Boreal-Forest-Fire/Boreal-Forest-Fire-Subset-A/Ruokolahti-Images/ruokolahti_DJI_0087_frame271.jpg,ruokolahti,ruokolahti_dji_0087,271,val,1
/workspace/Boreal-Forest-Fire/Boreal-Forest-Fire-Subset-A/Ruokolahti-Images/ruokolahti_DJI_0087_frame272.jpg,ruokolahti,ruokolahti_dji_0087,272,val,1
/workspace/Boreal-Forest-Fire/Boreal-Forest-Fire-Subset-A/Ruokolahti-Images/ruokolahti_DJI_0087_frame273.jpg,ruokolahti,ruokolahti_dji_0087,273,val,1
/workspace/Boreal-Forest-Fire/Boreal-Forest-Fire-Subset-A/Ruokolahti-Images/ruokolahti_DJI_0087_frame274.jpg,ruokolahti,ruokolahti_dji_0087,274,val,1
/workspace/Boreal-Forest-Fire/Boreal-Forest-Fire-Subset-A/Ruokolahti-Images/ruokolahti_DJI_0087_frame275.jpg,ruokolahti,ruokolahti_dji_0087,275,val,1
/workspace/Boreal-Forest-Fire/Boreal-Forest-Fire-Subset-A/Ruokolahti-Images/ruokolahti_DJI_0087_frame276.jpg,ruokolahti,ruokolahti_dji_0087,276,val,1
/workspace/Boreal-Forest-Fire/Boreal-Forest-Fire-Subset-A/Ruokolahti-Images/ruokolahti_DJI_0087_frame277.jpg,ruokolahti,ruokolahti_dji_0087,277,val,1
/workspace/Boreal-Forest-Fire/Boreal-Forest-Fire-Subset-A/Ruokolahti-Images/ruokolahti_DJI_0087_frame278.jpg,ruokolahti,ruokolahti_dji_0087,278,val,1
/workspace/Boreal-Forest-Fire/Boreal-Forest-Fire-Subset-A/Ruokolahti-Images/ruokolahti_DJI_0087_frame279.jpg,ruokolahti,ruokolahti_dji_0087,279,val,1
/workspace/Boreal-Forest-Fire/Boreal-Forest-Fire-Subset-A/Ruokolahti-Images/ruokolahti_DJI_0087_frame28.jpg,ruokolahti,ruokolahti_dji_0087,28,val,1
/workspace/Boreal-Forest-Fire/Boreal-Forest-Fire-Subset-A/Ruokolahti-Images/ruokolahti_DJI_0087_frame280.jpg,ruokolahti,ruokolahti_dji_0087,280,val,1
/workspace/Boreal-Forest-Fire/Boreal-Forest-Fire-Subset-A/Ruokolahti-Images/ruokolahti_DJI_0087_frame281.jpg,ruokolahti,ruokolahti_dji_0087,281,val,1
/workspace/Boreal-Forest-Fire/Boreal-Forest-Fire-Subset-A/Ruokolahti-Images/ruokolahti_DJI_0087_frame282.jpg,ruokolahti,ruokolahti_dji_0087,282,val,1
/workspace/Boreal-Forest-Fire/Boreal-Forest-Fire-Subset-A/Ruokolahti-Images/ruokolahti_DJI_0087_frame283.jpg,ruokolahti,ruokolahti_dji_0087,283,val,1
/workspace/Boreal-Forest-Fire/Boreal-Forest-Fire-Subset-A/Ruokolahti-Images/ruokolahti_DJI_0087_frame284.jpg,ruokolahti,ruokolahti_dji_0087,284,val,1
/workspace/Boreal-Forest-Fire/Boreal-Forest-Fire-Subset-A/Ruokolahti-Images/ruokolahti_DJI_0087_frame285.jpg,ruokolahti,ruokolahti_dji_0087,285,val,1
/workspace/Boreal-Forest-Fire/Boreal-Forest-Fire-Subset-A/Ruokolahti-Images/ruokolahti_DJI_0087_frame286.jpg,ruokolahti,ruokolahti_dji_0087,286,val,1
/workspace/Boreal-Forest-Fire/Boreal-Forest-Fire-Subset-A/Ruokolahti-Images/ruokolahti_DJI_0087_frame287.jpg,ruokolahti,ruokolahti_dji_0087,287,val,1
/workspace/Boreal-Forest-Fire/Boreal-Forest-Fire-Subset-A/Ruokolahti-Images/ruokolahti_DJI_0087_frame288.jpg,ruokolahti,ruokolahti_dji_0087,288,val,1
/workspace/Boreal-Forest-Fire/Boreal-Forest-Fire-Subset-A/Ruokolahti-Images/ruokolahti_DJI_0087_frame289.jpg,ruokolahti,ruokolahti_dji_0087,289,val,1
/workspace/Boreal-Forest-Fire/Boreal-Forest-Fire-Subset-A/Ruokolahti-Images/ruokolahti_DJI_0087_frame29.jpg,ruokolahti,ruokolahti_dji_0087,29,val,1
/workspace/Boreal-Forest-Fire/Boreal-Forest-Fire-Subset-A/Ruokolahti-Images/ruokolahti_DJI_0087_frame290.jpg,ruokolahti,ruokolahti_dji_0087,290,val,1
/workspace/Boreal-Forest-Fire/Boreal-Forest-Fire-Subset-A/Ruokolahti-Images/ruokolahti_DJI_0087_frame291.jpg,ruokolahti,ruokolahti_dji_0087,291,val,1
/workspace/Boreal-Forest-Fire/Boreal-Forest-Fire-Subset-A/Ruokolahti-Images/ruokolahti_DJI_0087_frame292.jpg,ruokolahti,ruokolahti_dji_0087,292,val,1
/workspace/Boreal-Forest-Fire/Boreal-Forest-Fire-Subset-A/Ruokolahti-Images/ruokolahti_DJI_0087_frame293.jpg,ruokolahti,ruokolahti_dji_0087,293,val,1
/workspace/Boreal-Forest-Fire/Boreal-Forest-Fire-Subset-A/Ruokolahti-Images/ruokolahti_DJI_0087_frame294.jpg,ruokolahti,ruokolahti_dji_0087,294,val,1
/workspace/Boreal-Forest-Fire/Boreal-Forest-Fire-Subset-A/Ruokolahti-Images/ruokolahti_DJI_0087_frame295.jpg,ruokolahti,ruokolahti_dji_0087,295,val,1
/workspace/Boreal-Forest-Fire/Boreal-Forest-Fire-Subset-A/Ruokolahti-Images/ruokolahti_DJI_0087_frame296.jpg,ruokolahti,ruokolahti_dji_0087,296,val,1
/workspace/Boreal-Forest-Fire/Boreal-Forest-Fire-Subset-A/Ruokolahti-Images/ruokolahti_DJI_0087_frame297.jpg,ruokolahti,ruokolahti_dji_0087,297,val,1
/workspace/Boreal-Forest-Fire/Boreal-Forest-Fire-Subset-A/Ruokolahti-Images/ruokolahti_DJI_0087_frame298.jpg,ruokolahti,ruokolahti_dji_0087,298,val,1
/workspace/Boreal-Forest-Fire/Boreal-Forest-Fire-Subset-A/Ruokolahti-Images/ruokolahti_DJI_0087_frame299.jpg,ruokolahti,ruokolahti_dji_0087,299,val,1
/workspace/Boreal-Forest-Fire/Boreal-Forest-Fire-Subset-A/Ruokolahti-Images/ruokolahti_DJI_0087_frame3.jpg,ruokolahti,ruokolahti_dji_0087,3,val,1
/workspace/Boreal-Forest-Fire/Boreal-Forest-Fire-Subset-A/Ruokolahti-Images/ruokolahti_DJI_0087_frame30.jpg,ruokolahti,ruokolahti_dji_0087,30,val,1
/workspace/Boreal-Forest-Fire/Boreal-Forest-Fire-Subset-A/Ruokolahti-Images/ruokolahti_DJI_0087_frame300.jpg,ruokolahti,ruokolahti_dji_0087,300,val,1
/workspace/Boreal-Forest-Fire/Boreal-Forest-Fire-Subset-A/Ruokolahti-Images/ruokolahti_DJI_0087_frame301.jpg,ruokolahti,ruokolahti_dji_0087,301,val,1
/workspace/Boreal-Forest-Fire/Boreal-Forest-Fire-Subset-A/Ruokolahti-Images/ruokolahti_DJI_0087_frame302.jpg,ruokolahti,ruokolahti_dji_0087,302,val,1
/workspace/Boreal-Forest-Fire/Boreal-Forest-Fire-Subset-A/Ruokolahti-Images/ruokolahti_DJI_0087_frame303.jpg,ruokolahti,ruokolahti_dji_0087,303,val,1
/workspace/Boreal-Forest-Fire/Boreal-Forest-Fire-Subset-A/Ruokolahti-Images/ruokolahti_DJI_0087_frame304.jpg,ruokolahti,ruokolahti_dji_0087,304,val,1
/workspace/Boreal-Forest-Fire/Boreal-Forest-Fire-Subset-A/Ruokolahti-Images/ruokolahti_DJI_0087_frame305.jpg,ruokolahti,ruokolahti_dji_0087,305,val,1
/workspace/Boreal-Forest-Fire/Boreal-Forest-Fire-Subset-A/Ruokolahti-Images/ruokolahti_DJI_0087_frame306.jpg,ruokolahti,ruokolahti_dji_0087,306,val,1
/workspace/Boreal-Forest-Fire/Boreal-Forest-Fire-Subset-A/Ruokolahti-Images/ruokolahti_DJI_0087_frame307.jpg,ruokolahti,ruokolahti_dji_0087,307,val,1
/workspace/Boreal-Forest-Fire/Boreal-Forest-Fire-Subset-A/Ruokolahti-Images/ruokolahti_DJI_0087_frame308.jpg,ruokolahti,ruokolahti_dji_0087,308,val,1
/workspace/Boreal-Forest-Fire/Boreal-Forest-Fire-Subset-A/Ruokolahti-Images/ruokolahti_DJI_0087_frame309.jpg,ruokolahti,ruokolahti_dji_0087,309,val,1
/workspace/Boreal-Forest-Fire/Boreal-Forest-Fire-Subset-A/Ruokolahti-Images/ruokolahti_DJI_0087_frame31.jpg,ruokolahti,ruokolahti_dji_0087,31,val,1
/workspace/Boreal-Forest-Fire/Boreal-Forest-Fire-Subset-A/Ruokolahti-Images/ruokolahti_DJI_0087_frame310.jpg,ruokolahti,ruokolahti_dji_0087,310,val,1
/workspace/Boreal-Forest-Fire/Boreal-Forest-Fire-Subset-A/Ruokolahti-Images/ruokolahti_DJI_0087_frame311.jpg,ruokolahti,ruokolahti_dji_0087,311,val,1
/workspace/Boreal-Forest-Fire/Boreal-Forest-Fire-Subset-A/Ruokolahti-Images/ruokolahti_DJI_0087_frame312.jpg,ruokolahti,ruokolahti_dji_0087,312,val,1
/workspace/Boreal-Forest-Fire/Boreal-Forest-Fire-Subset-A/Ruokolahti-Images/ruokolahti_DJI_0087_frame313.jpg,ruokolahti,ruokolahti_dji_0087,313,val,1
/workspace/Boreal-Forest-Fire/Boreal-Forest-Fire-Subset-A/Ruokolahti-Images/ruokolahti_DJI_0087_frame314.jpg,ruokolahti,ruokolahti_dji_0087,314,val,1
/workspace/Boreal-Forest-Fire/Boreal-Forest-Fire-Subset-A/Ruokolahti-Images/ruokolahti_DJI_0087_frame315.jpg,ruokolahti,ruokolahti_dji_0087,315,val,1
/workspace/Boreal-Forest-Fire/Boreal-Forest-Fire-Subset-A/Ruokolahti-Images/ruokolahti_DJI_0087_frame316.jpg,ruokolahti,ruokolahti_dji_0087,316,val,1
/workspace/Boreal-Forest-Fire/Boreal-Forest-Fire-Subset-A/Ruokolahti-Images/ruokolahti_DJI_0087_frame317.jpg,ruokolahti,ruokolahti_dji_0087,317,val,1
/workspace/Boreal-Forest-Fire/Boreal-Forest-Fire-Subset-A/Ruokolahti-Images/ruokolahti_DJI_0087_frame318.jpg,ruokolahti,ruokolahti_dji_0087,318,val,1
/workspace/Boreal-Forest-Fire/Boreal-Forest-Fire-Subset-A/Ruokolahti-Images/ruokolahti_DJI_0087_frame319.jpg,ruokolahti,ruokolahti_dji_0087,319,val,1
/workspace/Boreal-Forest-Fire/Boreal-Forest-Fire-Subset-A/Ruokolahti-Images/ruokolahti_DJI_0087_frame32.jpg,ruokolahti,ruokolahti_dji_0087,32,val,1
/workspace/Boreal-Forest-Fire/Boreal-Forest-Fire-Subset-A/Ruokolahti-Images/ruokolahti_DJI_0087_frame320.jpg,ruokolahti,ruokolahti_dji_0087,320,val,1
/workspace/Boreal-Forest-Fire/Boreal-Forest-Fire-Subset-A/Ruokolahti-Images/ruokolahti_DJI_0087_frame321.jpg,ruokolahti,ruokolahti_dji_0087,321,val,1
/workspace/Boreal-Forest-Fire/Boreal-Forest-Fire-Subset-A/Ruokolahti-Images/ruokolahti_DJI_0087_frame322.jpg,ruokolahti,ruokolahti_dji_0087,322,val,1
/workspace/Boreal-Forest-Fire/Boreal-Forest-Fire-Subset-A/Ruokolahti-Images/ruokolahti_DJI_0087_frame323.jpg,ruokolahti,ruokolahti_dji_0087,323,val,1
/workspace/Boreal-Forest-Fire/Boreal-Forest-Fire-Subset-A/Ruokolahti-Images/ruokolahti_DJI_0087_frame324.jpg,ruokolahti,ruokolahti_dji_0087,324,val,1
/workspace/Boreal-Forest-Fire/Boreal-Forest-Fire-Subset-A/Ruokolahti-Images/ruokolahti_DJI_0087_frame325.jpg,ruokolahti,ruokolahti_dji_0087,325,val,1
/workspace/Boreal-Forest-Fire/Boreal-Forest-Fire-Subset-A/Ruokolahti-Images/ruokolahti_DJI_0087_frame326.jpg,ruokolahti,ruokolahti_dji_0087,326,val,1
/workspace/Boreal-Forest-Fire/Boreal-Forest-Fire-Subset-A/Ruokolahti-Images/ruokolahti_DJI_0087_frame327.jpg,ruokolahti,ruokolahti_dji_0087,327,val,1
/workspace/Boreal-Forest-Fire/Boreal-Forest-Fire-Subset-A/Ruokolahti-Images/ruokolahti_DJI_0087_frame33.jpg,ruokolahti,ruokolahti_dji_0087,33,val,1
/workspace/Boreal-Forest-Fire/Boreal-Forest-Fire-Subset-A/Ruokolahti-Images/ruokolahti_DJI_0087_frame34.jpg,ruokolahti,ruokolahti_dji_0087,34,val,1
/workspace/Boreal-Forest-Fire/Boreal-Forest-Fire-Subset-A/Ruokolahti-Images/ruokolahti_DJI_0087_frame35.jpg,ruokolahti,ruokolahti_dji_0087,35,val,1
/workspace/Boreal-Forest-Fire/Boreal-Forest-Fire-Subset-A/Ruokolahti-Images/ruokolahti_DJI_0087_frame36.jpg,ruokolahti,ruokolahti_dji_0087,36,val,1
/workspace/Boreal-Forest-Fire/Boreal-Forest-Fire-Subset-A/Ruokolahti-Images/ruokolahti_DJI_0087_frame37.jpg,ruokolahti,ruokolahti_dji_0087,37,val,1
/workspace/Boreal-Forest-Fire/Boreal-Forest-Fire-Subset-A/Ruokolahti-Images/ruokolahti_DJI_0087_frame38.jpg,ruokolahti,ruokolahti_dji_0087,38,val,1
/workspace/Boreal-Forest-Fire/Boreal-Forest-Fire-Subset-A/Ruokolahti-Images/ruokolahti_DJI_0087_frame39.jpg,ruokolahti,ruokolahti_dji_0087,39,val,1
/workspace/Boreal-Forest-Fire/Boreal-Forest-Fire-Subset-A/Ruokolahti-Images/ruokolahti_DJI_0087_frame4.jpg,ruokolahti,ruokolahti_dji_0087,4,val,1
/workspace/Boreal-Forest-Fire/Boreal-Forest-Fire-Subset-A/Ruokolahti-Images/ruokolahti_DJI_0087_frame40.jpg,ruokolahti,ruokolahti_dji_0087,40,val,1
/workspace/Boreal-Forest-Fire/Boreal-Forest-Fire-Subset-A/Ruokolahti-Images/ruokolahti_DJI_0087_frame41.jpg,ruokolahti,ruokolahti_dji_0087,41,val,1
/workspace/Boreal-Forest-Fire/Boreal-Forest-Fire-Subset-A/Ruokolahti-Images/ruokolahti_DJI_0087_frame42.jpg,ruokolahti,ruokolahti_dji_0087,42,val,1
/workspace/Boreal-Forest-Fire/Boreal-Forest-Fire-Subset-A/Ruokolahti-Images/ruokolahti_DJI_0087_frame43.jpg,ruokolahti,ruokolahti_dji_0087,43,val,1
/workspace/Boreal-Forest-Fire/Boreal-Forest-Fire-Subset-A/Ruokolahti-Images/ruokolahti_DJI_0087_frame44.jpg,ruokolahti,ruokolahti_dji_0087,44,val,1
/workspace/Boreal-Forest-Fire/Boreal-Forest-Fire-Subset-A/Ruokolahti-Images/ruokolahti_DJI_0087_frame45.jpg,ruokolahti,ruokolahti_dji_0087,45,val,1
/workspace/Boreal-Forest-Fire/Boreal-Forest-Fire-Subset-A/Ruokolahti-Images/ruokolahti_DJI_0087_frame46.jpg,ruokolahti,ruokolahti_dji_0087,46,val,0
/workspace/Boreal-Forest-Fire/Boreal-Forest-Fire-Subset-A/Ruokolahti-Images/ruokolahti_DJI_0087_frame47.jpg,ruokolahti,ruokolahti_dji_0087,47,val,1
/workspace/Boreal-Forest-Fire/Boreal-Forest-Fire-Subset-A/Ruokolahti-Images/ruokolahti_DJI_0087_frame49.jpg,ruokolahti,ruokolahti_dji_0087,49,val,1
/workspace/Boreal-Forest-Fire/Boreal-Forest-Fire-Subset-A/Ruokolahti-Images/ruokolahti_DJI_0087_frame50.jpg,ruokolahti,ruokolahti_dji_0087,50,val,1
/workspace/Boreal-Forest-Fire/Boreal-Forest-Fire-Subset-A/Ruokolahti-Images/ruokolahti_DJI_0087_frame51.jpg,ruokolahti,ruokolahti_dji_0087,51,val,1
/workspace/Boreal-Forest-Fire/Boreal-Forest-Fire-Subset-A/Ruokolahti-Images/ruokolahti_DJI_0087_frame52.jpg,ruokolahti,ruokolahti_dji_0087,52,val,1
/workspace/Boreal-Forest-Fire/Boreal-Forest-Fire-Subset-A/Ruokolahti-Images/ruokolahti_DJI_0087_frame53.jpg,ruokolahti,ruokolahti_dji_0087,53,val,1
/workspace/Boreal-Forest-Fire/Boreal-Forest-Fire-Subset-A/Ruokolahti-Images/ruokolahti_DJI_0087_frame54.jpg,ruokolahti,ruokolahti_dji_0087,54,val,1
/workspace/Boreal-Forest-Fire/Boreal-Forest-Fire-Subset-A/Ruokolahti-Images/ruokolahti_DJI_0087_frame55.jpg,ruokolahti,ruokolahti_dji_0087,55,val,1
/workspace/Boreal-Forest-Fire/Boreal-Forest-Fire-Subset-A/Ruokolahti-Images/ruokolahti_DJI_0087_frame56.jpg,ruokolahti,ruokolahti_dji_0087,56,val,1
/workspace/Boreal-Forest-Fire/Boreal-Forest-Fire-Subset-A/Ruokolahti-Images/ruokolahti_DJI_0087_frame57.jpg,ruokolahti,ruokolahti_dji_0087,57,val,1
/workspace/Boreal-Forest-Fire/Boreal-Forest-Fire-Subset-A/Ruokolahti-Images/ruokolahti_DJI_0087_frame58.jpg,ruokolahti,ruokolahti_dji_0087,58,val,1
/workspace/Boreal-Forest-Fire/Boreal-Forest-Fire-Subset-A/Ruokolahti-Images/ruokolahti_DJI_0087_frame59.jpg,ruokolahti,ruokolahti_dji_0087,59,val,1
/workspace/Boreal-Forest-Fire/Boreal-Forest-Fire-Subset-A/Ruokolahti-Images/ruokolahti_DJI_0088_frame0.jpg,ruokolahti,ruokolahti_dji_0088,0,test,1
/workspace/Boreal-Forest-Fire/Boreal-Forest-Fire-Subset-A/Ruokolahti-Images/ruokolahti_DJI_0088_frame1.jpg,ruokolahti,ruokolahti_dji_0088,1,test,1
/workspace/Boreal-Forest-Fire/Boreal-Forest-Fire-Subset-A/Ruokolahti-Images/ruokolahti_DJI_0088_frame10.jpg,ruokolahti,ruokolahti_dji_0088,10,test,1
/workspace/Boreal-Forest-Fire/Boreal-Forest-Fire-Subset-A/Ruokolahti-Images/ruokolahti_DJI_0088_frame100.jpg,ruokolahti,ruokolahti_dji_0088,100,test,1
/workspace/Boreal-Forest-Fire/Boreal-Forest-Fire-Subset-A/Ruokolahti-Images/ruokolahti_DJI_0088_frame101.jpg,ruokolahti,ruokolahti_dji_0088,101,test,1
/workspace/Boreal-Forest-Fire/Boreal-Forest-Fire-Subset-A/Ruokolahti-Images/ruokolahti_DJI_0088_frame102.jpg,ruokolahti,ruokolahti_dji_0088,102,test,1
/workspace/Boreal-Forest-Fire/Boreal-Forest-Fire-Subset-A/Ruokolahti-Images/ruokolahti_DJI_0088_frame103.jpg,ruokolahti,ruokolahti_dji_0088,103,test,1
/workspace/Boreal-Forest-Fire/Boreal-Forest-Fire-Subset-A/Ruokolahti-Images/ruokolahti_DJI_0088_frame104.jpg,ruokolahti,ruokolahti_dji_0088,104,test,1
/workspace/Boreal-Forest-Fire/Boreal-Forest-Fire-Subset-A/Ruokolahti-Images/ruokolahti_DJI_0088_frame105.jpg,ruokolahti,ruokolahti_dji_0088,105,test,1
/workspace/Boreal-Forest-Fire/Boreal-Forest-Fire-Subset-A/Ruokolahti-Images/ruokolahti_DJI_0088_frame106.jpg,ruokolahti,ruokolahti_dji_0088,106,test,1
/workspace/Boreal-Forest-Fire/Boreal-Forest-Fire-Subset-A/Ruokolahti-Images/ruokolahti_DJI_0088_frame107.jpg,ruokolahti,ruokolahti_dji_0088,107,test,1
/workspace/Boreal-Forest-Fire/Boreal-Forest-Fire-Subset-A/Ruokolahti-Images/ruokolahti_DJI_0088_frame108.jpg,ruokolahti,ruokolahti_dji_0088,108,test,1
/workspace/Boreal-Forest-Fire/Boreal-Forest-Fire-Subset-A/Ruokolahti-Images/ruokolahti_DJI_0088_frame109.jpg,ruokolahti,ruokolahti_dji_0088,109,test,1
/workspace/Boreal-Forest-Fire/Boreal-Forest-Fire-Subset-A/Ruokolahti-Images/ruokolahti_DJI_0088_frame11.jpg,ruokolahti,ruokolahti_dji_0088,11,test,1
/workspace/Boreal-Forest-Fire/Boreal-Forest-Fire-Subset-A/Ruokolahti-Images/ruokolahti_DJI_0088_frame110.jpg,ruokolahti,ruokolahti_dji_0088,110,test,1
/workspace/Boreal-Forest-Fire/Boreal-Forest-Fire-Subset-A/Ruokolahti-Images/ruokolahti_DJI_0088_frame111.jpg,ruokolahti,ruokolahti_dji_0088,111,test,1
/workspace/Boreal-Forest-Fire/Boreal-Forest-Fire-Subset-A/Ruokolahti-Images/ruokolahti_DJI_0088_frame112.jpg,ruokolahti,ruokolahti_dji_0088,112,test,1
/workspace/Boreal-Forest-Fire/Boreal-Forest-Fire-Subset-A/Ruokolahti-Images/ruokolahti_DJI_0088_frame113.jpg,ruokolahti,ruokolahti_dji_0088,113,test,1
/workspace/Boreal-Forest-Fire/Boreal-Forest-Fire-Subset-A/Ruokolahti-Images/ruokolahti_DJI_0088_frame114.jpg,ruokolahti,ruokolahti_dji_0088,114,test,1
/workspace/Boreal-Forest-Fire/Boreal-Forest-Fire-Subset-A/Ruokolahti-Images/ruokolahti_DJI_0088_frame115.jpg,ruokolahti,ruokolahti_dji_0088,115,test,1
/workspace/Boreal-Forest-Fire/Boreal-Forest-Fire-Subset-A/Ruokolahti-Images/ruokolahti_DJI_0088_frame116.jpg,ruokolahti,ruokolahti_dji_0088,116,test,1
/workspace/Boreal-Forest-Fire/Boreal-Forest-Fire-Subset-A/Ruokolahti-Images/ruokolahti_DJI_0088_frame117.jpg,ruokolahti,ruokolahti_dji_0088,117,test,1
/workspace/Boreal-Forest-Fire/Boreal-Forest-Fire-Subset-A/Ruokolahti-Images/ruokolahti_DJI_0088_frame118.jpg,ruokolahti,ruokolahti_dji_0088,118,test,1
/workspace/Boreal-Forest-Fire/Boreal-Forest-Fire-Subset-A/Ruokolahti-Images/ruokolahti_DJI_0088_frame119.jpg,ruokolahti,ruokolahti_dji_0088,119,test,1
/workspace/Boreal-Forest-Fire/Boreal-Forest-Fire-Subset-A/Ruokolahti-Images/ruokolahti_DJI_0088_frame12.jpg,ruokolahti,ruokolahti_dji_0088,12,test,1
/workspace/Boreal-Forest-Fire/Boreal-Forest-Fire-Subset-A/Ruokolahti-Images/ruokolahti_DJI_0088_frame120.jpg,ruokolahti,ruokolahti_dji_0088,120,test,1
/workspace/Boreal-Forest-Fire/Boreal-Forest-Fire-Subset-A/Ruokolahti-Images/ruokolahti_DJI_0088_frame121.jpg,ruokolahti,ruokolahti_dji_0088,121,test,1
/workspace/Boreal-Forest-Fire/Boreal-Forest-Fire-Subset-A/Ruokolahti-Images/ruokolahti_DJI_0088_frame122.jpg,ruokolahti,ruokolahti_dji_0088,122,test,1
/workspace/Boreal-Forest-Fire/Boreal-Forest-Fire-Subset-A/Ruokolahti-Images/ruokolahti_DJI_0088_frame123.jpg,ruokolahti,ruokolahti_dji_0088,123,test,1
/workspace/Boreal-Forest-Fire/Boreal-Forest-Fire-Subset-A/Ruokolahti-Images/ruokolahti_DJI_0088_frame124.jpg,ruokolahti,ruokolahti_dji_0088,124,test,1
/workspace/Boreal-Forest-Fire/Boreal-Forest-Fire-Subset-A/Ruokolahti-Images/ruokolahti_DJI_0088_frame125.jpg,ruokolahti,ruokolahti_dji_0088,125,test,1
/workspace/Boreal-Forest-Fire/Boreal-Forest-Fire-Subset-A/Ruokolahti-Images/ruokolahti_DJI_0088_frame126.jpg,ruokolahti,ruokolahti_dji_0088,126,test,1
/workspace/Boreal-Forest-Fire/Boreal-Forest-Fire-Subset-A/Ruokolahti-Images/ruokolahti_DJI_0088_frame127.jpg,ruokolahti,ruokolahti_dji_0088,127,test,1
/workspace/Boreal-Forest-Fire/Boreal-Forest-Fire-Subset-A/Ruokolahti-Images/ruokolahti_DJI_0088_frame128.jpg,ruokolahti,ruokolahti_dji_0088,128,test,1
/workspace/Boreal-Forest-Fire/Boreal-Forest-Fire-Subset-A/Ruokolahti-Images/ruokolahti_DJI_0088_frame129.jpg,ruokolahti,ruokolahti_dji_0088,129,test,1
/workspace/Boreal-Forest-Fire/Boreal-Forest-Fire-Subset-A/Ruokolahti-Images/ruokolahti_DJI_0088_frame13.jpg,ruokolahti,ruokolahti_dji_0088,13,test,1
/workspace/Boreal-Forest-Fire/Boreal-Forest-Fire-Subset-A/Ruokolahti-Images/ruokolahti_DJI_0088_frame130.jpg,ruokolahti,ruokolahti_dji_0088,130,test,1
/workspace/Boreal-Forest-Fire/Boreal-Forest-Fire-Subset-A/Ruokolahti-Images/ruokolahti_DJI_0088_frame131.jpg,ruokolahti,ruokolahti_dji_0088,131,test,1
/workspace/Boreal-Forest-Fire/Boreal-Forest-Fire-Subset-A/Ruokolahti-Images/ruokolahti_DJI_0088_frame132.jpg,ruokolahti,ruokolahti_dji_0088,132,test,1
/workspace/Boreal-Forest-Fire/Boreal-Forest-Fire-Subset-A/Ruokolahti-Images/ruokolahti_DJI_0088_frame133.jpg,ruokolahti,ruokolahti_dji_0088,133,test,1
/workspace/Boreal-Forest-Fire/Boreal-Forest-Fire-Subset-A/Ruokolahti-Images/ruokolahti_DJI_0088_frame134.jpg,ruokolahti,ruokolahti_dji_0088,134,test,1
/workspace/Boreal-Forest-Fire/Boreal-Forest-Fire-Subset-A/Ruokolahti-Images/ruokolahti_DJI_0088_frame135.jpg,ruokolahti,ruokolahti_dji_0088,135,test,1
/workspace/Boreal-Forest-Fire/Boreal-Forest-Fire-Subset-A/Ruokolahti-Images/ruokolahti_DJI_0088_frame136.jpg,ruokolahti,ruokolahti_dji_0088,136,test,1
/workspace/Boreal-Forest-Fire/Boreal-Forest-Fire-Subset-A/Ruokolahti-Images/ruokolahti_DJI_0088_frame137.jpg,ruokolahti,ruokolahti_dji_0088,137,test,1
/workspace/Boreal-Forest-Fire/Boreal-Forest-Fire-Subset-A/Ruokolahti-Images/ruokolahti_DJI_0088_frame138.jpg,ruokolahti,ruokolahti_dji_0088,138,test,1
/workspace/Boreal-Forest-Fire/Boreal-Forest-Fire-Subset-A/Ruokolahti-Images/ruokolahti_DJI_0088_frame139.jpg,ruokolahti,ruokolahti_dji_0088,139,test,1
/workspace/Boreal-Forest-Fire/Boreal-Forest-Fire-Subset-A/Ruokolahti-Images/ruokolahti_DJI_0088_frame14.jpg,ruokolahti,ruokolahti_dji_0088,14,test,1
/workspace/Boreal-Forest-Fire/Boreal-Forest-Fire-Subset-A/Ruokolahti-Images/ruokolahti_DJI_0088_frame140.jpg,ruokolahti,ruokolahti_dji_0088,140,test,1
/workspace/Boreal-Forest-Fire/Boreal-Forest-Fire-Subset-A/Ruokolahti-Images/ruokolahti_DJI_0088_frame141.jpg,ruokolahti,ruokolahti_dji_0088,141,test,1
/workspace/Boreal-Forest-Fire/Boreal-Forest-Fire-Subset-A/Ruokolahti-Images/ruokolahti_DJI_0088_frame142.jpg,ruokolahti,ruokolahti_dji_0088,142,test,1
/workspace/Boreal-Forest-Fire/Boreal-Forest-Fire-Subset-A/Ruokolahti-Images/ruokolahti_DJI_0088_frame143.jpg,ruokolahti,ruokolahti_dji_0088,143,test,1
/workspace/Boreal-Forest-Fire/Boreal-Forest-Fire-Subset-A/Ruokolahti-Images/ruokolahti_DJI_0088_frame144.jpg,ruokolahti,ruokolahti_dji_0088,144,test,1
/workspace/Boreal-Forest-Fire/Boreal-Forest-Fire-Subset-A/Ruokolahti-Images/ruokolahti_DJI_0088_frame145.jpg,ruokolahti,ruokolahti_dji_0088,145,test,1
/workspace/Boreal-Forest-Fire/Boreal-Forest-Fire-Subset-A/Ruokolahti-Images/ruokolahti_DJI_0088_frame146.jpg,ruokolahti,ruokolahti_dji_0088,146,test,1
/workspace/Boreal-Forest-Fire/Boreal-Forest-Fire-Subset-A/Ruokolahti-Images/ruokolahti_DJI_0088_frame147.jpg,ruokolahti,ruokolahti_dji_0088,147,test,1
/workspace/Boreal-Forest-Fire/Boreal-Forest-Fire-Subset-A/Ruokolahti-Images/ruokolahti_DJI_0088_frame148.jpg,ruokolahti,ruokolahti_dji_0088,148,test,1
/workspace/Boreal-Forest-Fire/Boreal-Forest-Fire-Subset-A/Ruokolahti-Images/ruokolahti_DJI_0088_frame149.jpg,ruokolahti,ruokolahti_dji_0088,149,test,1
/workspace/Boreal-Forest-Fire/Boreal-Forest-Fire-Subset-A/Ruokolahti-Images/ruokolahti_DJI_0088_frame15.jpg,ruokolahti,ruokolahti_dji_0088,15,test,1
/workspace/Boreal-Forest-Fire/Boreal-Forest-Fire-Subset-A/Ruokolahti-Images/ruokolahti_DJI_0088_frame150.jpg,ruokolahti,ruokolahti_dji_0088,150,test,1
/workspace/Boreal-Forest-Fire/Boreal-Forest-Fire-Subset-A/Ruokolahti-Images/ruokolahti_DJI_0088_frame151.jpg,ruokolahti,ruokolahti_dji_0088,151,test,1
/workspace/Boreal-Forest-Fire/Boreal-Forest-Fire-Subset-A/Ruokolahti-Images/ruokolahti_DJI_0088_frame152.jpg,ruokolahti,ruokolahti_dji_0088,152,test,1
/workspace/Boreal-Forest-Fire/Boreal-Forest-Fire-Subset-A/Ruokolahti-Images/ruokolahti_DJI_0088_frame153.jpg,ruokolahti,ruokolahti_dji_0088,153,test,1
/workspace/Boreal-Forest-Fire/Boreal-Forest-Fire-Subset-A/Ruokolahti-Images/ruokolahti_DJI_0088_frame154.jpg,ruokolahti,ruokolahti_dji_0088,154,test,1
/workspace/Boreal-Forest-Fire/Boreal-Forest-Fire-Subset-A/Ruokolahti-Images/ruokolahti_DJI_0088_frame155.jpg,ruokolahti,ruokolahti_dji_0088,155,test,1
/workspace/Boreal-Forest-Fire/Boreal-Forest-Fire-Subset-A/Ruokolahti-Images/ruokolahti_DJI_0088_frame156.jpg,ruokolahti,ruokolahti_dji_0088,156,test,1
/workspace/Boreal-Forest-Fire/Boreal-Forest-Fire-Subset-A/Ruokolahti-Images/ruokolahti_DJI_0088_frame157.jpg,ruokolahti,ruokolahti_dji_0088,157,test,1
/workspace/Boreal-Forest-Fire/Boreal-Forest-Fire-Subset-A/Ruokolahti-Images/ruokolahti_DJI_0088_frame158.jpg,ruokolahti,ruokolahti_dji_0088,158,test,1
/workspace/Boreal-Forest-Fire/Boreal-Forest-Fire-Subset-A/Ruokolahti-Images/ruokolahti_DJI_0088_frame159.jpg,ruokolahti,ruokolahti_dji_0088,159,test,1
/workspace/Boreal-Forest-Fire/Boreal-Forest-Fire-Subset-A/Ruokolahti-Images/ruokolahti_DJI_0088_frame16.jpg,ruokolahti,ruokolahti_dji_0088,16,test,1
/workspace/Boreal-Forest-Fire/Boreal-Forest-Fire-Subset-A/Ruokolahti-Images/ruokolahti_DJI_0088_frame160.jpg,ruokolahti,ruokolahti_dji_0088,160,test,1
/workspace/Boreal-Forest-Fire/Boreal-Forest-Fire-Subset-A/Ruokolahti-Images/ruokolahti_DJI_0088_frame161.jpg,ruokolahti,ruokolahti_dji_0088,161,test,1
/workspace/Boreal-Forest-Fire/Boreal-Forest-Fire-Subset-A/Ruokolahti-Images/ruokolahti_DJI_0088_frame162.jpg,ruokolahti,ruokolahti_dji_0088,162,test,1
/workspace/Boreal-Forest-Fire/Boreal-Forest-Fire-Subset-A/Ruokolahti-Images/ruokolahti_DJI_0088_frame163.jpg,ruokolahti,ruokolahti_dji_0088,163,test,1
/workspace/Boreal-Forest-Fire/Boreal-Forest-Fire-Subset-A/Ruokolahti-Images/ruokolahti_DJI_0088_frame164.jpg,ruokolahti,ruokolahti_dji_0088,164,test,1
/workspace/Boreal-Forest-Fire/Boreal-Forest-Fire-Subset-A/Ruokolahti-Images/ruokolahti_DJI_0088_frame165.jpg,ruokolahti,ruokolahti_dji_0088,165,test,1
/workspace/Boreal-Forest-Fire/Boreal-Forest-Fire-Subset-A/Ruokolahti-Images/ruokolahti_DJI_0088_frame166.jpg,ruokolahti,ruokolahti_dji_0088,166,test,1
/workspace/Boreal-Forest-Fire/Boreal-Forest-Fire-Subset-A/Ruokolahti-Images/ruokolahti_DJI_0088_frame167.jpg,ruokolahti,ruokolahti_dji_0088,167,test,1
/workspace/Boreal-Forest-Fire/Boreal-Forest-Fire-Subset-A/Ruokolahti-Images/ruokolahti_DJI_0088_frame168.jpg,ruokolahti,ruokolahti_dji_0088,168,test,1
/workspace/Boreal-Forest-Fire/Boreal-Forest-Fire-Subset-A/Ruokolahti-Images/ruokolahti_DJI_0088_frame169.jpg,ruokolahti,ruokolahti_dji_0088,169,test,1
/workspace/Boreal-Forest-Fire/Boreal-Forest-Fire-Subset-A/Ruokolahti-Images/ruokolahti_DJI_0088_frame17.jpg,ruokolahti,ruokolahti_dji_0088,17,test,1
/workspace/Boreal-Forest-Fire/Boreal-Forest-Fire-Subset-A/Ruokolahti-Images/ruokolahti_DJI_0088_frame170.jpg,ruokolahti,ruokolahti_dji_0088,170,test,1
/workspace/Boreal-Forest-Fire/Boreal-Forest-Fire-Subset-A/Ruokolahti-Images/ruokolahti_DJI_0088_frame171.jpg,ruokolahti,ruokolahti_dji_0088,171,test,1
/workspace/Boreal-Forest-Fire/Boreal-Forest-Fire-Subset-A/Ruokolahti-Images/ruokolahti_DJI_0088_frame172.jpg,ruokolahti,ruokolahti_dji_0088,172,test,1
/workspace/Boreal-Forest-Fire/Boreal-Forest-Fire-Subset-A/Ruokolahti-Images/ruokolahti_DJI_0088_frame173.jpg,ruokolahti,ruokolahti_dji_0088,173,test,1
/workspace/Boreal-Forest-Fire/Boreal-Forest-Fire-Subset-A/Ruokolahti-Images/ruokolahti_DJI_0088_frame174.jpg,ruokolahti,ruokolahti_dji_0088,174,test,1
/workspace/Boreal-Forest-Fire/Boreal-Forest-Fire-Subset-A/Ruokolahti-Images/ruokolahti_DJI_0088_frame175.jpg,ruokolahti,ruokolahti_dji_0088,175,test,1
/workspace/Boreal-Forest-Fire/Boreal-Forest-Fire-Subset-A/Ruokolahti-Images/ruokolahti_DJI_0088_frame176.jpg,ruokolahti,ruokolahti_dji_0088,176,test,1
/workspace/Boreal-Forest-Fire/Boreal-Forest-Fire-Subset-A/Ruokolahti-Images/ruokolahti_DJI_0088_frame177.jpg,ruokolahti,ruokolahti_dji_0088,177,test,1
/workspace/Boreal-Forest-Fire/Boreal-Forest-Fire-Subset-A/Ruokolahti-Images/ruokolahti_DJI_0088_frame178.jpg,ruokolahti,ruokolahti_dji_0088,178,test,1
/workspace/Boreal-Forest-Fire/Boreal-Forest-Fire-Subset-A/Ruokolahti-Images/ruokolahti_DJI_0088_frame179.jpg,ruokolahti,ruokolahti_dji_0088,179,test,1
/workspace/Boreal-Forest-Fire/Boreal-Forest-Fire-Subset-A/Ruokolahti-Images/ruokolahti_DJI_0088_frame18.jpg,ruokolahti,ruokolahti_dji_0088,18,test,1
/workspace/Boreal-Forest-Fire/Boreal-Forest-Fire-Subset-A/Ruokolahti-Images/ruokolahti_DJI_0088_frame180.jpg,ruokolahti,ruokolahti_dji_0088,180,test,1
/workspace/Boreal-Forest-Fire/Boreal-Forest-Fire-Subset-A/Ruokolahti-Images/ruokolahti_DJI_0088_frame181.jpg,ruokolahti,ruokolahti_dji_0088,181,test,1
/workspace/Boreal-Forest-Fire/Boreal-Forest-Fire-Subset-A/Ruokolahti-Images/ruokolahti_DJI_0088_frame182.jpg,ruokolahti,ruokolahti_dji_0088,182,test,1
/workspace/Boreal-Forest-Fire/Boreal-Forest-Fire-Subset-A/Ruokolahti-Images/ruokolahti_DJI_0088_frame183.jpg,ruokolahti,ruokolahti_dji_0088,183,test,1
/workspace/Boreal-Forest-Fire/Boreal-Forest-Fire-Subset-A/Ruokolahti-Images/ruokolahti_DJI_0088_frame184.jpg,ruokolahti,ruokolahti_dji_0088,184,test,1
/workspace/Boreal-Forest-Fire/Boreal-Forest-Fire-Subset-A/Ruokolahti-Images/ruokolahti_DJI_0088_frame185.jpg,ruokolahti,ruokolahti_dji_0088,185,test,1
/workspace/Boreal-Forest-Fire/Boreal-Forest-Fire-Subset-A/Ruokolahti-Images/ruokolahti_DJI_0088_frame186.jpg,ruokolahti,ruokolahti_dji_0088,186,test,1
/workspace/Boreal-Forest-Fire/Boreal-Forest-Fire-Subset-A/Ruokolahti-Images/ruokolahti_DJI_0088_frame187.jpg,ruokolahti,ruokolahti_dji_0088,187,test,1
/workspace/Boreal-Forest-Fire/Boreal-Forest-Fire-Subset-A/Ruokolahti-Images/ruokolahti_DJI_0088_frame188.jpg,ruokolahti,ruokolahti_dji_0088,188,test,1
/workspace/Boreal-Forest-Fire/Boreal-Forest-Fire-Subset-A/Ruokolahti-Images/ruokolahti_DJI_0088_frame189.jpg,ruokolahti,ruokolahti_dji_0088,189,test,1
/workspace/Boreal-Forest-Fire/Boreal-Forest-Fire-Subset-A/Ruokolahti-Images/ruokolahti_DJI_0088_frame19.jpg,ruokolahti,ruokolahti_dji_0088,19,test,1
/workspace/Boreal-Forest-Fire/Boreal-Forest-Fire-Subset-A/Ruokolahti-Images/ruokolahti_DJI_0088_frame190.jpg,ruokolahti,ruokolahti_dji_0088,190,test,1
/workspace/Boreal-Forest-Fire/Boreal-Forest-Fire-Subset-A/Ruokolahti-Images/ruokolahti_DJI_0088_frame191.jpg,ruokolahti,ruokolahti_dji_0088,191,test,1
/workspace/Boreal-Forest-Fire/Boreal-Forest-Fire-Subset-A/Ruokolahti-Images/ruokolahti_DJI_0088_frame192.jpg,ruokolahti,ruokolahti_dji_0088,192,test,1
/workspace/Boreal-Forest-Fire/Boreal-Forest-Fire-Subset-A/Ruokolahti-Images/ruokolahti_DJI_0088_frame193.jpg,ruokolahti,ruokolahti_dji_0088,193,test,1
/workspace/Boreal-Forest-Fire/Boreal-Forest-Fire-Subset-A/Ruokolahti-Images/ruokolahti_DJI_0088_frame194.jpg,ruokolahti,ruokolahti_dji_0088,194,test,1
/workspace/Boreal-Forest-Fire/Boreal-Forest-Fire-Subset-A/Ruokolahti-Images/ruokolahti_DJI_0088_frame195.jpg,ruokolahti,ruokolahti_dji_0088,195,test,1
/workspace/Boreal-Forest-Fire/Boreal-Forest-Fire-Subset-A/Ruokolahti-Images/ruokolahti_DJI_0088_frame196.jpg,ruokolahti,ruokolahti_dji_0088,196,test,1
/workspace/Boreal-Forest-Fire/Boreal-Forest-Fire-Subset-A/Ruokolahti-Images/ruokolahti_DJI_0088_frame197.jpg,ruokolahti,ruokolahti_dji_0088,197,test,1
/workspace/Boreal-Forest-Fire/Boreal-Forest-Fire-Subset-A/Ruokolahti-Images/ruokolahti_DJI_0088_frame198.jpg,ruokolahti,ruokolahti_dji_0088,198,test,1
/workspace/Boreal-Forest-Fire/Boreal-Forest-Fire-Subset-A/Ruokolahti-Images/ruokolahti_DJI_0088_frame199.jpg,ruokolahti,ruokolahti_dji_0088,199,test,1
/workspace/Boreal-Forest-Fire/Boreal-Forest-Fire-Subset-A/Ruokolahti-Images/ruokolahti_DJI_0088_frame2.jpg,ruokolahti,ruokolahti_dji_0088,2,test,1
/workspace/Boreal-Forest-Fire/Boreal-Forest-Fire-Subset-A/Ruokolahti-Images/ruokolahti_DJI_0088_frame20.jpg,ruokolahti,ruokolahti_dji_0088,20,test,1
/workspace/Boreal-Forest-Fire/Boreal-Forest-Fire-Subset-A/Ruokolahti-Images/ruokolahti_DJI_0088_frame200.jpg,ruokolahti,ruokolahti_dji_0088,200,test,1
/workspace/Boreal-Forest-Fire/Boreal-Forest-Fire-Subset-A/Ruokolahti-Images/ruokolahti_DJI_0088_frame201.jpg,ruokolahti,ruokolahti_dji_0088,201,test,1
/workspace/Boreal-Forest-Fire/Boreal-Forest-Fire-Subset-A/Ruokolahti-Images/ruokolahti_DJI_0088_frame202.jpg,ruokolahti,ruokolahti_dji_0088,202,test,1
/workspace/Boreal-Forest-Fire/Boreal-Forest-Fire-Subset-A/Ruokolahti-Images/ruokolahti_DJI_0088_frame203.jpg,ruokolahti,ruokolahti_dji_0088,203,test,1
/workspace/Boreal-Forest-Fire/Boreal-Forest-Fire-Subset-A/Ruokolahti-Images/ruokolahti_DJI_0088_frame204.jpg,ruokolahti,ruokolahti_dji_0088,204,test,1
/workspace/Boreal-Forest-Fire/Boreal-Forest-Fire-Subset-A/Ruokolahti-Images/ruokolahti_DJI_0088_frame205.jpg,ruokolahti,ruokolahti_dji_0088,205,test,1
/workspace/Boreal-Forest-Fire/Boreal-Forest-Fire-Subset-A/Ruokolahti-Images/ruokolahti_DJI_0088_frame206.jpg,ruokolahti,ruokolahti_dji_0088,206,test,1
/workspace/Boreal-Forest-Fire/Boreal-Forest-Fire-Subset-A/Ruokolahti-Images/ruokolahti_DJI_0088_frame207.jpg,ruokolahti,ruokolahti_dji_0088,207,test,1
/workspace/Boreal-Forest-Fire/Boreal-Forest-Fire-Subset-A/Ruokolahti-Images/ruokolahti_DJI_0088_frame208.jpg,ruokolahti,ruokolahti_dji_0088,208,test,1
/workspace/Boreal-Forest-Fire/Boreal-Forest-Fire-Subset-A/Ruokolahti-Images/ruokolahti_DJI_0088_frame209.jpg,ruokolahti,ruokolahti_dji_0088,209,test,1
/workspace/Boreal-Forest-Fire/Boreal-Forest-Fire-Subset-A/Ruokolahti-Images/ruokolahti_DJI_0088_frame21.jpg,ruokolahti,ruokolahti_dji_0088,21,test,1
/workspace/Boreal-Forest-Fire/Boreal-Forest-Fire-Subset-A/Ruokolahti-Images/ruokolahti_DJI_0088_frame210.jpg,ruokolahti,ruokolahti_dji_0088,210,test,1
/workspace/Boreal-Forest-Fire/Boreal-Forest-Fire-Subset-A/Ruokolahti-Images/ruokolahti_DJI_0088_frame211.jpg,ruokolahti,ruokolahti_dji_0088,211,test,1
/workspace/Boreal-Forest-Fire/Boreal-Forest-Fire-Subset-A/Ruokolahti-Images/ruokolahti_DJI_0088_frame212.jpg,ruokolahti,ruokolahti_dji_0088,212,test,1
/workspace/Boreal-Forest-Fire/Boreal-Forest-Fire-Subset-A/Ruokolahti-Images/ruokolahti_DJI_0088_frame213.jpg,ruokolahti,ruokolahti_dji_0088,213,test,1
/workspace/Boreal-Forest-Fire/Boreal-Forest-Fire-Subset-A/Ruokolahti-Images/ruokolahti_DJI_0088_frame214.jpg,ruokolahti,ruokolahti_dji_0088,214,test,1
/workspace/Boreal-Forest-Fire/Boreal-Forest-Fire-Subset-A/Ruokolahti-Images/ruokolahti_DJI_0088_frame215.jpg,ruokolahti,ruokolahti_dji_0088,215,test,1
/workspace/Boreal-Forest-Fire/Boreal-Forest-Fire-Subset-A/Ruokolahti-Images/ruokolahti_DJI_0088_frame216.jpg,ruokolahti,ruokolahti_dji_0088,216,test,1
/workspace/Boreal-Forest-Fire/Boreal-Forest-Fire-Subset-A/Ruokolahti-Images/ruokolahti_DJI_0088_frame217.jpg,ruokolahti,ruokolahti_dji_0088,217,test,1
/workspace/Boreal-Forest-Fire/Boreal-Forest-Fire-Subset-A/Ruokolahti-Images/ruokolahti_DJI_0088_frame218.jpg,ruokolahti,ruokolahti_dji_0088,218,test,1
/workspace/Boreal-Forest-Fire/Boreal-Forest-Fire-Subset-A/Ruokolahti-Images/ruokolahti_DJI_0088_frame219.jpg,ruokolahti,ruokolahti_dji_0088,219,test,1
/workspace/Boreal-Forest-Fire/Boreal-Forest-Fire-Subset-A/Ruokolahti-Images/ruokolahti_DJI_0088_frame22.jpg,ruokolahti,ruokolahti_dji_0088,22,test,1
/workspace/Boreal-Forest-Fire/Boreal-Forest-Fire-Subset-A/Ruokolahti-Images/ruokolahti_DJI_0088_frame220.jpg,ruokolahti,ruokolahti_dji_0088,220,test,1
/workspace/Boreal-Forest-Fire/Boreal-Forest-Fire-Subset-A/Ruokolahti-Images/ruokolahti_DJI_0088_frame221.jpg,ruokolahti,ruokolahti_dji_0088,221,test,1
/workspace/Boreal-Forest-Fire/Boreal-Forest-Fire-Subset-A/Ruokolahti-Images/ruokolahti_DJI_0088_frame222.jpg,ruokolahti,ruokolahti_dji_0088,222,test,1
/workspace/Boreal-Forest-Fire/Boreal-Forest-Fire-Subset-A/Ruokolahti-Images/ruokolahti_DJI_0088_frame223.jpg,ruokolahti,ruokolahti_dji_0088,223,test,1
/workspace/Boreal-Forest-Fire/Boreal-Forest-Fire-Subset-A/Ruokolahti-Images/ruokolahti_DJI_0088_frame224.jpg,ruokolahti,ruokolahti_dji_0088,224,test,1
/workspace/Boreal-Forest-Fire/Boreal-Forest-Fire-Subset-A/Ruokolahti-Images/ruokolahti_DJI_0088_frame225.jpg,ruokolahti,ruokolahti_dji_0088,225,test,1
/workspace/Boreal-Forest-Fire/Boreal-Forest-Fire-Subset-A/Ruokolahti-Images/ruokolahti_DJI_0088_frame226.jpg,ruokolahti,ruokolahti_dji_0088,226,test,1
/workspace/Boreal-Forest-Fire/Boreal-Forest-Fire-Subset-A/Ruokolahti-Images/ruokolahti_DJI_0088_frame227.jpg,ruokolahti,ruokolahti_dji_0088,227,test,1
/workspace/Boreal-Forest-Fire/Boreal-Forest-Fire-Subset-A/Ruokolahti-Images/ruokolahti_DJI_0088_frame228.jpg,ruokolahti,ruokolahti_dji_0088,228,test,1
/workspace/Boreal-Forest-Fire/Boreal-Forest-Fire-Subset-A/Ruokolahti-Images/ruokolahti_DJI_0088_frame229.jpg,ruokolahti,ruokolahti_dji_0088,229,test,1
/workspace/Boreal-Forest-Fire/Boreal-Forest-Fire-Subset-A/Ruokolahti-Images/ruokolahti_DJI_0088_frame23.jpg,ruokolahti,ruokolahti_dji_0088,23,test,1
/workspace/Boreal-Forest-Fire/Boreal-Forest-Fire-Subset-A/Ruokolahti-Images/ruokolahti_DJI_0088_frame230.jpg,ruokolahti,ruokolahti_dji_0088,230,test,1
/workspace/Boreal-Forest-Fire/Boreal-Forest-Fire-Subset-A/Ruokolahti-Images/ruokolahti_DJI_0088_frame231.jpg,ruokolahti,ruokolahti_dji_0088,231,test,1
/workspace/Boreal-Forest-Fire/Boreal-Forest-Fire-Subset-A/Ruokolahti-Images/ruokolahti_DJI_0088_frame232.jpg,ruokolahti,ruokolahti_dji_0088,232,test,1
/workspace/Boreal-Forest-Fire/Boreal-Forest-Fire-Subset-A/Ruokolahti-Images/ruokolahti_DJI_0088_frame233.jpg,ruokolahti,ruokolahti_dji_0088,233,test,1
/workspace/Boreal-Forest-Fire/Boreal-Forest-Fire-Subset-A/Ruokolahti-Images/ruokolahti_DJI_0088_frame234.jpg,ruokolahti,ruokolahti_dji_0088,234,test,1
/workspace/Boreal-Forest-Fire/Boreal-Forest-Fire-Subset-A/Ruokolahti-Images/ruokolahti_DJI_0088_frame235.jpg,ruokolahti,ruokolahti_dji_0088,235,test,1
/workspace/Boreal-Forest-Fire/Boreal-Forest-Fire-Subset-A/Ruokolahti-Images/ruokolahti_DJI_0088_frame236.jpg,ruokolahti,ruokolahti_dji_0088,236,test,1
/workspace/Boreal-Forest-Fire/Boreal-Forest-Fire-Subset-A/Ruokolahti-Images/ruokolahti_DJI_0088_frame237.jpg,ruokolahti,ruokolahti_dji_0088,237,test,1
/workspace/Boreal-Forest-Fire/Boreal-Forest-Fire-Subset-A/Ruokolahti-Images/ruokolahti_DJI_0088_frame238.jpg,ruokolahti,ruokolahti_dji_0088,238,test,1
/workspace/Boreal-Forest-Fire/Boreal-Forest-Fire-Subset-A/Ruokolahti-Images/ruokolahti_DJI_0088_frame239.jpg,ruokolahti,ruokolahti_dji_0088,239,test,1
/workspace/Boreal-Forest-Fire/Boreal-Forest-Fire-Subset-A/Ruokolahti-Images/ruokolahti_DJI_0088_frame24.jpg,ruokolahti,ruokolahti_dji_0088,24,test,1
/workspace/Boreal-Forest-Fire/Boreal-Forest-Fire-Subset-A/Ruokolahti-Images/ruokolahti_DJI_0088_frame240.jpg,ruokolahti,ruokolahti_dji_0088,240,test,1
/workspace/Boreal-Forest-Fire/Boreal-Forest-Fire-Subset-A/Ruokolahti-Images/ruokolahti_DJI_0088_frame241.jpg,ruokolahti,ruokolahti_dji_0088,241,test,1
/workspace/Boreal-Forest-Fire/Boreal-Forest-Fire-Subset-A/Ruokolahti-Images/ruokolahti_DJI_0088_frame242.jpg,ruokolahti,ruokolahti_dji_0088,242,test,1
/workspace/Boreal-Forest-Fire/Boreal-Forest-Fire-Subset-A/Ruokolahti-Images/ruokolahti_DJI_0088_frame243.jpg,ruokolahti,ruokolahti_dji_0088,243,test,1
/workspace/Boreal-Forest-Fire/Boreal-Forest-Fire-Subset-A/Ruokolahti-Images/ruokolahti_DJI_0088_frame244.jpg,ruokolahti,ruokolahti_dji_0088,244,test,1
/workspace/Boreal-Forest-Fire/Boreal-Forest-Fire-Subset-A/Ruokolahti-Images/ruokolahti_DJI_0088_frame245.jpg,ruokolahti,ruokolahti_dji_0088,245,test,1
/workspace/Boreal-Forest-Fire/Boreal-Forest-Fire-Subset-A/Ruokolahti-Images/ruokolahti_DJI_0088_frame246.jpg,ruokolahti,ruokolahti_dji_0088,246,test,1
/workspace/Boreal-Forest-Fire/Boreal-Forest-Fire-Subset-A/Ruokolahti-Images/ruokolahti_DJI_0088_frame247.jpg,ruokolahti,ruokolahti_dji_0088,247,test,1
/workspace/Boreal-Forest-Fire/Boreal-Forest-Fire-Subset-A/Ruokolahti-Images/ruokolahti_DJI_0088_frame248.jpg,ruokolahti,ruokolahti_dji_0088,248,test,1
/workspace/Boreal-Forest-Fire/Boreal-Forest-Fire-Subset-A/Ruokolahti-Images/ruokolahti_DJI_0088_frame249.jpg,ruokolahti,ruokolahti_dji_0088,249,test,1
/workspace/Boreal-Forest-Fire/Boreal-Forest-Fire-Subset-A/Ruokolahti-Images/ruokolahti_DJI_0088_frame25.jpg,ruokolahti,ruokolahti_dji_0088,25,test,1
/workspace/Boreal-Forest-Fire/Boreal-Forest-Fire-Subset-A/Ruokolahti-Images/ruokolahti_DJI_0088_frame250.jpg,ruokolahti,ruokolahti_dji_0088,250,test,1
/workspace/Boreal-Forest-Fire/Boreal-Forest-Fire-Subset-A/Ruokolahti-Images/ruokolahti_DJI_0088_frame251.jpg,ruokolahti,ruokolahti_dji_0088,251,test,1
/workspace/Boreal-Forest-Fire/Boreal-Forest-Fire-Subset-A/Ruokolahti-Images/ruokolahti_DJI_0088_frame252.jpg,ruokolahti,ruokolahti_dji_0088,252,test,1
/workspace/Boreal-Forest-Fire/Boreal-Forest-Fire-Subset-A/Ruokolahti-Images/ruokolahti_DJI_0088_frame253.jpg,ruokolahti,ruokolahti_dji_0088,253,test,1
/workspace/Boreal-Forest-Fire/Boreal-Forest-Fire-Subset-A/Ruokolahti-Images/ruokolahti_DJI_0088_frame254.jpg,ruokolahti,ruokolahti_dji_0088,254,test,1
/workspace/Boreal-Forest-Fire/Boreal-Forest-Fire-Subset-A/Ruokolahti-Images/ruokolahti_DJI_0088_frame255.jpg,ruokolahti,ruokolahti_dji_0088,255,test,1
/workspace/Boreal-Forest-Fire/Boreal-Forest-Fire-Subset-A/Ruokolahti-Images/ruokolahti_DJI_0088_frame256.jpg,ruokolahti,ruokolahti_dji_0088,256,test,1
/workspace/Boreal-Forest-Fire/Boreal-Forest-Fire-Subset-A/Ruokolahti-Images/ruokolahti_DJI_0088_frame257.jpg,ruokolahti,ruokolahti_dji_0088,257,test,9
/workspace/Boreal-Forest-Fire/Boreal-Forest-Fire-Subset-A/Ruokolahti-Images/ruokolahti_DJI_0088_frame258.jpg,ruokolahti,ruokolahti_dji_0088,258,test,1
/workspace/Boreal-Forest-Fire/Boreal-Forest-Fire-Subset-A/Ruokolahti-Images/ruokolahti_DJI_0088_frame259.jpg,ruokolahti,ruokolahti_dji_0088,259,test,1
/workspace/Boreal-Forest-Fire/Boreal-Forest-Fire-Subset-A/Ruokolahti-Images/ruokolahti_DJI_0088_frame26.jpg,ruokolahti,ruokolahti_dji_0088,26,test,1
/workspace/Boreal-Forest-Fire/Boreal-Forest-Fire-Subset-A/Ruokolahti-Images/ruokolahti_DJI_0088_frame260.jpg,ruokolahti,ruokolahti_dji_0088,260,test,1
/workspace/Boreal-Forest-Fire/Boreal-Forest-Fire-Subset-A/Ruokolahti-Images/ruokolahti_DJI_0088_frame261.jpg,ruokolahti,ruokolahti_dji_0088,261,test,1
/workspace/Boreal-Forest-Fire/Boreal-Forest-Fire-Subset-A/Ruokolahti-Images/ruokolahti_DJI_0088_frame262.jpg,ruokolahti,ruokolahti_dji_0088,262,test,1
/workspace/Boreal-Forest-Fire/Boreal-Forest-Fire-Subset-A/Ruokolahti-Images/ruokolahti_DJI_0088_frame263.jpg,ruokolahti,ruokolahti_dji_0088,263,test,1
/workspace/Boreal-Forest-Fire/Boreal-Forest-Fire-Subset-A/Ruokolahti-Images/ruokolahti_DJI_0088_frame264.jpg,ruokolahti,ruokolahti_dji_0088,264,test,1
/workspace/Boreal-Forest-Fire/Boreal-Forest-Fire-Subset-A/Ruokolahti-Images/ruokolahti_DJI_0088_frame265.jpg,ruokolahti,ruokolahti_dji_0088,265,test,1
/workspace/Boreal-Forest-Fire/Boreal-Forest-Fire-Subset-A/Ruokolahti-Images/ruokolahti_DJI_0088_frame266.jpg,ruokolahti,ruokolahti_dji_0088,266,test,1
/workspace/Boreal-Forest-Fire/Boreal-Forest-Fire-Subset-A/Ruokolahti-Images/ruokolahti_DJI_0088_frame267.jpg,ruokolahti,ruokolahti_dji_0088,267,test,1
/workspace/Boreal-Forest-Fire/Boreal-Forest-Fire-Subset-A/Ruokolahti-Images/ruokolahti_DJI_0088_frame268.jpg,ruokolahti,ruokolahti_dji_0088,268,test,1
/workspace/Boreal-Forest-Fire/Boreal-Forest-Fire-Subset-A/Ruokolahti-Images/ruokolahti_DJI_0088_frame269.jpg,ruokolahti,ruokolahti_dji_0088,269,test,1
/workspace/Boreal-Forest-Fire/Boreal-Forest-Fire-Subset-A/Ruokolahti-Images/ruokolahti_DJI_0088_frame27.jpg,ruokolahti,ruokolahti_dji_0088,27,test,1
/workspace/Boreal-Forest-Fire/Boreal-Forest-Fire-Subset-A/Ruokolahti-Images/ruokolahti_DJI_0088_frame270.jpg,ruokolahti,ruokolahti_dji_0088,270,test,1
/workspace/Boreal-Forest-Fire/Boreal-Forest-Fire-Subset-A/Ruokolahti-Images/ruokolahti_DJI_0088_frame271.jpg,ruokolahti,ruokolahti_dji_0088,271,test,1
/workspace/Boreal-Forest-Fire/Boreal-Forest-Fire-Subset-A/Ruokolahti-Images/ruokolahti_DJI_0088_frame272.jpg,ruokolahti,ruokolahti_dji_0088,272,test,1
/workspace/Boreal-Forest-Fire/Boreal-Forest-Fire-Subset-A/Ruokolahti-Images/ruokolahti_DJI_0088_frame273.jpg,ruokolahti,ruokolahti_dji_0088,273,test,1
/workspace/Boreal-Forest-Fire/Boreal-Forest-Fire-Subset-A/Ruokolahti-Images/ruokolahti_DJI_0088_frame274.jpg,ruokolahti,ruokolahti_dji_0088,274,test,1
/workspace/Boreal-Forest-Fire/Boreal-Forest-Fire-Subset-A/Ruokolahti-Images/ruokolahti_DJI_0088_frame275.jpg,ruokolahti,ruokolahti_dji_0088,275,test,1
/workspace/Boreal-Forest-Fire/Boreal-Forest-Fire-Subset-A/Ruokolahti-Images/ruokolahti_DJI_0088_frame276.jpg,ruokolahti,ruokolahti_dji_0088,276,test,1
/workspace/Boreal-Forest-Fire/Boreal-Forest-Fire-Subset-A/Ruokolahti-Images/ruokolahti_DJI_0088_frame277.jpg,ruokolahti,ruokolahti_dji_0088,277,test,1
/workspace/Boreal-Forest-Fire/Boreal-Forest-Fire-Subset-A/Ruokolahti-Images/ruokolahti_DJI_0088_frame278.jpg,ruokolahti,ruokolahti_dji_0088,278,test,1
/workspace/Boreal-Forest-Fire/Boreal-Forest-Fire-Subset-A/Ruokolahti-Images/ruokolahti_DJI_0088_frame279.jpg,ruokolahti,ruokolahti_dji_0088,279,test,1
/workspace/Boreal-Forest-Fire/Boreal-Forest-Fire-Subset-A/Ruokolahti-Images/ruokolahti_DJI_0088_frame28.jpg,ruokolahti,ruokolahti_dji_0088,28,test,1
/workspace/Boreal-Forest-Fire/Boreal-Forest-Fire-Subset-A/Ruokolahti-Images/ruokolahti_DJI_0088_frame280.jpg,ruokolahti,ruokolahti_dji_0088,280,test,1
/workspace/Boreal-Forest-Fire/Boreal-Forest-Fire-Subset-A/Ruokolahti-Images/ruokolahti_DJI_0088_frame281.jpg,ruokolahti,ruokolahti_dji_0088,281,test,1
/workspace/Boreal-Forest-Fire/Boreal-Forest-Fire-Subset-A/Ruokolahti-Images/ruokolahti_DJI_0088_frame282.jpg,ruokolahti,ruokolahti_dji_0088,282,test,1
/workspace/Boreal-Forest-Fire/Boreal-Forest-Fire-Subset-A/Ruokolahti-Images/ruokolahti_DJI_0088_frame283.jpg,ruokolahti,ruokolahti_dji_0088,283,test,1
/workspace/Boreal-Forest-Fire/Boreal-Forest-Fire-Subset-A/Ruokolahti-Images/ruokolahti_DJI_0088_frame284.jpg,ruokolahti,ruokolahti_dji_0088,284,test,1
/workspace/Boreal-Forest-Fire/Boreal-Forest-Fire-Subset-A/Ruokolahti-Images/ruokolahti_DJI_0088_frame285.jpg,ruokolahti,ruokolahti_dji_0088,285,test,1
/workspace/Boreal-Forest-Fire/Boreal-Forest-Fire-Subset-A/Ruokolahti-Images/ruokolahti_DJI_0088_frame286.jpg,ruokolahti,ruokolahti_dji_0088,286,test,1
/workspace/Boreal-Forest-Fire/Boreal-Forest-Fire-Subset-A/Ruokolahti-Images/ruokolahti_DJI_0088_frame287.jpg,ruokolahti,ruokolahti_dji_0088,287,test,1
/workspace/Boreal-Forest-Fire/Boreal-Forest-Fire-Subset-A/Ruokolahti-Images/ruokolahti_DJI_0088_frame288.jpg,ruokolahti,ruokolahti_dji_0088,288,test,1
/workspace/Boreal-Forest-Fire/Boreal-Forest-Fire-Subset-A/Ruokolahti-Images/ruokolahti_DJI_0088_frame289.jpg,ruokolahti,ruokolahti_dji_0088,289,test,1
/workspace/Boreal-Forest-Fire/Boreal-Forest-Fire-Subset-A/Ruokolahti-Images/ruokolahti_DJI_0088_frame29.jpg,ruokolahti,ruokolahti_dji_0088,29,test,1
/workspace/Boreal-Forest-Fire/Boreal-Forest-Fire-Subset-A/Ruokolahti-Images/ruokolahti_DJI_0088_frame290.jpg,ruokolahti,ruokolahti_dji_0088,290,test,1
/workspace/Boreal-Forest-Fire/Boreal-Forest-Fire-Subset-A/Ruokolahti-Images/ruokolahti_DJI_0088_frame291.jpg,ruokolahti,ruokolahti_dji_0088,291,test,1
/workspace/Boreal-Forest-Fire/Boreal-Forest-Fire-Subset-A/Ruokolahti-Images/ruokolahti_DJI_0088_frame292.jpg,ruokolahti,ruokolahti_dji_0088,292,test,1
/workspace/Boreal-Forest-Fire/Boreal-Forest-Fire-Subset-A/Ruokolahti-Images/ruokolahti_DJI_0088_frame293.jpg,ruokolahti,ruokolahti_dji_0088,293,test,1
/workspace/Boreal-Forest-Fire/Boreal-Forest-Fire-Subset-A/Ruokolahti-Images/ruokolahti_DJI_0088_frame294.jpg,ruokolahti,ruokolahti_dji_0088,294,test,1
/workspace/Boreal-Forest-Fire/Boreal-Forest-Fire-Subset-A/Ruokolahti-Images/ruokolahti_DJI_0088_frame295.jpg,ruokolahti,ruokolahti_dji_0088,295,test,1
/workspace/Boreal-Forest-Fire/Boreal-Forest-Fire-Subset-A/Ruokolahti-Images/ruokolahti_DJI_0088_frame296.jpg,ruokolahti,ruokolahti_dji_0088,296,test,1
/workspace/Boreal-Forest-Fire/Boreal-Forest-Fire-Subset-A/Ruokolahti-Images/ruokolahti_DJI_0088_frame297.jpg,ruokolahti,ruokolahti_dji_0088,297,test,1
/workspace/Boreal-Forest-Fire/Boreal-Forest-Fire-Subset-A/Ruokolahti-Images/ruokolahti_DJI_0088_frame298.jpg,ruokolahti,ruokolahti_dji_0088,298,test,1
/workspace/Boreal-Forest-Fire/Boreal-Forest-Fire-Subset-A/Ruokolahti-Images/ruokolahti_DJI_0088_frame299.jpg,ruokolahti,ruokolahti_dji_0088,299,test,1
/workspace/Boreal-Forest-Fire/Boreal-Forest-Fire-Subset-A/Ruokolahti-Images/ruokolahti_DJI_0088_frame3.jpg,ruokolahti,ruokolahti_dji_0088,3,test,1
/workspace/Boreal-Forest-Fire/Boreal-Forest-Fire-Subset-A/Ruokolahti-Images/ruokolahti_DJI_0088_frame30.jpg,ruokolahti,ruokolahti_dji_0088,30,test,1
/workspace/Boreal-Forest-Fire/Boreal-Forest-Fire-Subset-A/Ruokolahti-Images/ruokolahti_DJI_0088_frame300.jpg,ruokolahti,ruokolahti_dji_0088,300,test,1
/workspace/Boreal-Forest-Fire/Boreal-Forest-Fire-Subset-A/Ruokolahti-Images/ruokolahti_DJI_0088_frame301.jpg,ruokolahti,ruokolahti_dji_0088,301,test,1
/workspace/Boreal-Forest-Fire/Boreal-Forest-Fire-Subset-A/Ruokolahti-Images/ruokolahti_DJI_0088_frame302.jpg,ruokolahti,ruokolahti_dji_0088,302,test,1
/workspace/Boreal-Forest-Fire/Boreal-Forest-Fire-Subset-A/Ruokolahti-Images/ruokolahti_DJI_0088_frame303.jpg,ruokolahti,ruokolahti_dji_0088,303,test,1
/workspace/Boreal-Forest-Fire/Boreal-Forest-Fire-Subset-A/Ruokolahti-Images/ruokolahti_DJI_0088_frame304.jpg,ruokolahti,ruokolahti_dji_0088,304,test,1
/workspace/Boreal-Forest-Fire/Boreal-Forest-Fire-Subset-A/Ruokolahti-Images/ruokolahti_DJI_0088_frame305.jpg,ruokolahti,ruokolahti_dji_0088,305,test,1
/workspace/Boreal-Forest-Fire/Boreal-Forest-Fire-Subset-A/Ruokolahti-Images/ruokolahti_DJI_0088_frame306.jpg,ruokolahti,ruokolahti_dji_0088,306,test,1
/workspace/Boreal-Forest-Fire/Boreal-Forest-Fire-Subset-A/Ruokolahti-Images/ruokolahti_DJI_0088_frame307.jpg,ruokolahti,ruokolahti_dji_0088,307,test,1
/workspace/Boreal-Forest-Fire/Boreal-Forest-Fire-Subset-A/Ruokolahti-Images/ruokolahti_DJI_0088_frame308.jpg,ruokolahti,ruokolahti_dji_0088,308,test,1
/workspace/Boreal-Forest-Fire/Boreal-Forest-Fire-Subset-A/Ruokolahti-Images/ruokolahti_DJI_0088_frame309.jpg,ruokolahti,ruokolahti_dji_0088,309,test,1
/workspace/Boreal-Forest-Fire/Boreal-Forest-Fire-Subset-A/Ruokolahti-Images/ruokolahti_DJI_0088_frame31.jpg,ruokolahti,ruokolahti_dji_0088,31,test,1
/workspace/Boreal-Forest-Fire/Boreal-Forest-Fire-Subset-A/Ruokolahti-Images/ruokolahti_DJI_0088_frame310.jpg,ruokolahti,ruokolahti_dji_0088,310,test,1
/workspace/Boreal-Forest-Fire/Boreal-Forest-Fire-Subset-A/Ruokolahti-Images/ruokolahti_DJI_0088_frame311.jpg,ruokolahti,ruokolahti_dji_0088,311,test,1
/workspace/Boreal-Forest-Fire/Boreal-Forest-Fire-Subset-A/Ruokolahti-Images/ruokolahti_DJI_0088_frame312.jpg,ruokolahti,ruokolahti_dji_0088,312,test,1
/workspace/Boreal-Forest-Fire/Boreal-Forest-Fire-Subset-A/Ruokolahti-Images/ruokolahti_DJI_0088_frame313.jpg,ruokolahti,ruokolahti_dji_0088,313,test,1
/workspace/Boreal-Forest-Fire/Boreal-Forest-Fire-Subset-A/Ruokolahti-Images/ruokolahti_DJI_0088_frame314.jpg,ruokolahti,ruokolahti_dji_0088,314,test,1
/workspace/Boreal-Forest-Fire/Boreal-Forest-Fire-Subset-A/Ruokolahti-Images/ruokolahti_DJI_0088_frame315.jpg,ruokolahti,ruokolahti_dji_0088,315,test,1
/workspace/Boreal-Forest-Fire/Boreal-Forest-Fire-Subset-A/Ruokolahti-Images/ruokolahti_DJI_0088_frame316.jpg,ruokolahti,ruokolahti_dji_0088,316,test,1
/workspace/Boreal-Forest-Fire/Boreal-Forest-Fire-Subset-A/Ruokolahti-Images/ruokolahti_DJI_0088_frame317.jpg,ruokolahti,ruokolahti_dji_0088,317,test,1
/workspace/Boreal-Forest-Fire/Boreal-Forest-Fire-Subset-A/Ruokolahti-Images/ruokolahti_DJI_0088_frame318.jpg,ruokolahti,ruokolahti_dji_0088,318,test,1
/workspace/Boreal-Forest-Fire/Boreal-Forest-Fire-Subset-A/Ruokolahti-Images/ruokolahti_DJI_0088_frame319.jpg,ruokolahti,ruokolahti_dji_0088,319,test,1
/workspace/Boreal-Forest-Fire/Boreal-Forest-Fire-Subset-A/Ruokolahti-Images/ruokolahti_DJI_0088_frame32.jpg,ruokolahti,ruokolahti_dji_0088,32,test,1
/workspace/Boreal-Forest-Fire/Boreal-Forest-Fire-Subset-A/Ruokolahti-Images/ruokolahti_DJI_0088_frame320.jpg,ruokolahti,ruokolahti_dji_0088,320,test,1
/workspace/Boreal-Forest-Fire/Boreal-Forest-Fire-Subset-A/Ruokolahti-Images/ruokolahti_DJI_0088_frame321.jpg,ruokolahti,ruokolahti_dji_0088,321,test,1
/workspace/Boreal-Forest-Fire/Boreal-Forest-Fire-Subset-A/Ruokolahti-Images/ruokolahti_DJI_0088_frame322.jpg,ruokolahti,ruokolahti_dji_0088,322,test,1
/workspace/Boreal-Forest-Fire/Boreal-Forest-Fire-Subset-A/Ruokolahti-Images/ruokolahti_DJI_0088_frame323.jpg,ruokolahti,ruokolahti_dji_0088,323,test,1
/workspace/Boreal-Forest-Fire/Boreal-Forest-Fire-Subset-A/Ruokolahti-Images/ruokolahti_DJI_0088_frame324.jpg,ruokolahti,ruokolahti_dji_0088,324,test,1
/workspace/Boreal-Forest-Fire/Boreal-Forest-Fire-Subset-A/Ruokolahti-Images/ruokolahti_DJI_0088_frame325.jpg,ruokolahti,ruokolahti_dji_0088,325,test,1
/workspace/Boreal-Forest-Fire/Boreal-Forest-Fire-Subset-A/Ruokolahti-Images/ruokolahti_DJI_0088_frame326.jpg,ruokolahti,ruokolahti_dji_0088,326,test,1
/workspace/Boreal-Forest-Fire/Boreal-Forest-Fire-Subset-A/Ruokolahti-Images/ruokolahti_DJI_0088_frame327.jpg,ruokolahti,ruokolahti_dji_0088,327,test,1
/workspace/Boreal-Forest-Fire/Boreal-Forest-Fire-Subset-A/Ruokolahti-Images/ruokolahti_DJI_0088_frame33.jpg,ruokolahti,ruokolahti_dji_0088,33,test,1
/workspace/Boreal-Forest-Fire/Boreal-Forest-Fire-Subset-A/Ruokolahti-Images/ruokolahti_DJI_0088_frame34.jpg,ruokolahti,ruokolahti_dji_0088,34,test,1
/workspace/Boreal-Forest-Fire/Boreal-Forest-Fire-Subset-A/Ruokolahti-Images/ruokolahti_DJI_0088_frame35.jpg,ruokolahti,ruokolahti_dji_0088,35,test,1
/workspace/Boreal-Forest-Fire/Boreal-Forest-Fire-Subset-A/Ruokolahti-Images/ruokolahti_DJI_0088_frame36.jpg,ruokolahti,ruokolahti_dji_0088,36,test,1
/workspace/Boreal-Forest-Fire/Boreal-Forest-Fire-Subset-A/Ruokolahti-Images/ruokolahti_DJI_0088_frame37.jpg,ruokolahti,ruokolahti_dji_0088,37,test,1
/workspace/Boreal-Forest-Fire/Boreal-Forest-Fire-Subset-A/Ruokolahti-Images/ruokolahti_DJI_0088_frame38.jpg,ruokolahti,ruokolahti_dji_0088,38,test,1
/workspace/Boreal-Forest-Fire/Boreal-Forest-Fire-Subset-A/Ruokolahti-Images/ruokolahti_DJI_0088_frame39.jpg,ruokolahti,ruokolahti_dji_0088,39,test,1
/workspace/Boreal-Forest-Fire/Boreal-Forest-Fire-Subset-A/Ruokolahti-Images/ruokolahti_DJI_0088_frame4.jpg,ruokolahti,ruokolahti_dji_0088,4,test,1
/workspace/Boreal-Forest-Fire/Boreal-Forest-Fire-Subset-A/Ruokolahti-Images/ruokolahti_DJI_0088_frame40.jpg,ruokolahti,ruokolahti_dji_0088,40,test,1
/workspace/Boreal-Forest-Fire/Boreal-Forest-Fire-Subset-A/Ruokolahti-Images/ruokolahti_DJI_0088_frame41.jpg,ruokolahti,ruokolahti_dji_0088,41,test,1
/workspace/Boreal-Forest-Fire/Boreal-Forest-Fire-Subset-A/Ruokolahti-Images/ruokolahti_DJI_0088_frame42.jpg,ruokolahti,ruokolahti_dji_0088,42,test,1
/workspace/Boreal-Forest-Fire/Boreal-Forest-Fire-Subset-A/Ruokolahti-Images/ruokolahti_DJI_0088_frame43.jpg,ruokolahti,ruokolahti_dji_0088,43,test,1
/workspace/Boreal-Forest-Fire/Boreal-Forest-Fire-Subset-A/Ruokolahti-Images/ruokolahti_DJI_0088_frame44.jpg,ruokolahti,ruokolahti_dji_0088,44,test,1
/workspace/Boreal-Forest-Fire/Boreal-Forest-Fire-Subset-A/Ruokolahti-Images/ruokolahti_DJI_0088_frame45.jpg,ruokolahti,ruokolahti_dji_0088,45,test,1
/workspace/Boreal-Forest-Fire/Boreal-Forest-Fire-Subset-A/Ruokolahti-Images/ruokolahti_DJI_0088_frame46.jpg,ruokolahti,ruokolahti_dji_0088,46,test,1
/workspace/Boreal-Forest-Fire/Boreal-Forest-Fire-Subset-A/Ruokolahti-Images/ruokolahti_DJI_0088_frame47.jpg,ruokolahti,ruokolahti_dji_0088,47,test,1
/workspace/Boreal-Forest-Fire/Boreal-Forest-Fire-Subset-A/Ruokolahti-Images/ruokolahti_DJI_0088_frame48.jpg,ruokolahti,ruokolahti_dji_0088,48,test,1
/workspace/Boreal-Forest-Fire/Boreal-Forest-Fire-Subset-A/Ruokolahti-Images/ruokolahti_DJI_0088_frame49.jpg,ruokolahti,ruokolahti_dji_0088,49,test,1
/workspace/Boreal-Forest-Fire/Boreal-Forest-Fire-Subset-A/Ruokolahti-Images/ruokolahti_DJI_0088_frame5.jpg,ruokolahti,ruokolahti_dji_0088,5,test,1
/workspace/Boreal-Forest-Fire/Boreal-Forest-Fire-Subset-A/Ruokolahti-Images/ruokolahti_DJI_0088_frame50.jpg,ruokolahti,ruokolahti_dji_0088,50,test,1
/workspace/Boreal-Forest-Fire/Boreal-Forest-Fire-Subset-A/Ruokolahti-Images/ruokolahti_DJI_0088_frame51.jpg,ruokolahti,ruokolahti_dji_0088,51,test,1
/workspace/Boreal-Forest-Fire/Boreal-Forest-Fire-Subset-A/Ruokolahti-Images/ruokolahti_DJI_0088_frame52.jpg,ruokolahti,ruokolahti_dji_0088,52,test,1
/workspace/Boreal-Forest-Fire/Boreal-Forest-Fire-Subset-A/Ruokolahti-Images/ruokolahti_DJI_0088_frame53.jpg,ruokolahti,ruokolahti_dji_0088,53,test,1
/workspace/Boreal-Forest-Fire/Boreal-Forest-Fire-Subset-A/Ruokolahti-Images/ruokolahti_DJI_0088_frame54.jpg,ruokolahti,ruokolahti_dji_0088,54,test,1
/workspace/Boreal-Forest-Fire/Boreal-Forest-Fire-Subset-A/Ruokolahti-Images/ruokolahti_DJI_0088_frame55.jpg,ruokolahti,ruokolahti_dji_0088,55,test,1
/workspace/Boreal-Forest-Fire/Boreal-Forest-Fire-Subset-A/Ruokolahti-Images/ruokolahti_DJI_0088_frame56.jpg,ruokolahti,ruokolahti_dji_0088,56,test,1
/workspace/Boreal-Forest-Fire/Boreal-Forest-Fire-Subset-A/Ruokolahti-Images/ruokolahti_DJI_0088_frame57.jpg,ruokolahti,ruokolahti_dji_0088,57,test,1
/workspace/Boreal-Forest-Fire/Boreal-Forest-Fire-Subset-A/Ruokolahti-Images/ruokolahti_DJI_0088_frame58.jpg,ruokolahti,ruokolahti_dji_0088,58,test,1
/workspace/Boreal-Forest-Fire/Boreal-Forest-Fire-Subset-A/Ruokolahti-Images/ruokolahti_DJI_0088_frame59.jpg,ruokolahti,ruokolahti_dji_0088,59,test,1
/workspace/Boreal-Forest-Fire/Boreal-Forest-Fire-Subset-A/Ruokolahti-Images/ruokolahti_DJI_0088_frame6.jpg,ruokolahti,ruokolahti_dji_0088,6,test,1
/workspace/Boreal-Forest-Fire/Boreal-Forest-Fire-Subset-A/Ruokolahti-Images/ruokolahti_DJI_0088_frame60.jpg,ruokolahti,ruokolahti_dji_0088,60,test,1
/workspace/Boreal-Forest-Fire/Boreal-Forest-Fire-Subset-A/Ruokolahti-Images/ruokolahti_DJI_0088_frame61.jpg,ruokolahti,ruokolahti_dji_0088,61,test,1
/workspace/Boreal-Forest-Fire/Boreal-Forest-Fire-Subset-A/Ruokolahti-Images/ruokolahti_DJI_0088_frame62.jpg,ruokolahti,ruokolahti_dji_0088,62,test,1
/workspace/Boreal-Forest-Fire/Boreal-Forest-Fire-Subset-A/Ruokolahti-Images/ruokolahti_DJI_0088_frame63.jpg,ruokolahti,ruokolahti_dji_0088,63,test,1
/workspace/Boreal-Forest-Fire/Boreal-Forest-Fire-Subset-A/Ruokolahti-Images/ruokolahti_DJI_0088_frame64.jpg,ruokolahti,ruokolahti_dji_0088,64,test,1
/workspace/Boreal-Forest-Fire/Boreal-Forest-Fire-Subset-A/Ruokolahti-Images/ruokolahti_DJI_0088_frame65.jpg,ruokolahti,ruokolahti_dji_0088,65,test,1
/workspace/Boreal-Forest-Fire/Boreal-Forest-Fire-Subset-A/Ruokolahti-Images/ruokolahti_DJI_0088_frame66.jpg,ruokolahti,ruokolahti_dji_0088,66,test,1
/workspace/Boreal-Forest-Fire/Boreal-Forest-Fire-Subset-A/Ruokolahti-Images/ruokolahti_DJI_0088_frame67.jpg,ruokolahti,ruokolahti_dji_0088,67,test,1
/workspace/Boreal-Forest-Fire/Boreal-Forest-Fire-Subset-A/Ruokolahti-Images/ruokolahti_DJI_0088_frame68.jpg,ruokolahti,ruokolahti_dji_0088,68,test,1
/workspace/Boreal-Forest-Fire/Boreal-Forest-Fire-Subset-A/Ruokolahti-Images/ruokolahti_DJI_0088_frame69.jpg,ruokolahti,ruokolahti_dji_0088,69,test,1
/workspace/Boreal-Forest-Fire/Boreal-Forest-Fire-Subset-A/Ruokolahti-Images/ruokolahti_DJI_0088_frame7.jpg,ruokolahti,ruokolahti_dji_0088,7,test,1
/workspace/Boreal-Forest-Fire/Boreal-Forest-Fire-Subset-A/Ruokolahti-Images/ruokolahti_DJI_0088_frame70.jpg,ruokolahti,ruokolahti_dji_0088,70,test,1
/workspace/Boreal-Forest-Fire/Boreal-Forest-Fire-Subset-A/Ruokolahti-Images/ruokolahti_DJI_0088_frame71.jpg,ruokolahti,ruokolahti_dji_0088,71,test,1
/workspace/Boreal-Forest-Fire/Boreal-Forest-Fire-Subset-A/Ruokolahti-Images/ruokolahti_DJI_0088_frame72.jpg,ruokolahti,ruokolahti_dji_0088,72,test,1
/workspace/Boreal-Forest-Fire/Boreal-Forest-Fire-Subset-A/Ruokolahti-Images/ruokolahti_DJI_0088_frame73.jpg,ruokolahti,ruokolahti_dji_0088,73,test,1
/workspace/Boreal-Forest-Fire/Boreal-Forest-Fire-Subset-A/Ruokolahti-Images/ruokolahti_DJI_0088_frame74.jpg,ruokolahti,ruokolahti_dji_0088,74,test,1
/workspace/Boreal-Forest-Fire/Boreal-Forest-Fire-Subset-A/Ruokolahti-Images/ruokolahti_DJI_0088_frame75.jpg,ruokolahti,ruokolahti_dji_0088,75,test,1
/workspace/Boreal-Forest-Fire/Boreal-Forest-Fire-Subset-A/Ruokolahti-Images/ruokolahti_DJI_0088_frame76.jpg,ruokolahti,ruokolahti_dji_0088,76,test,1
/workspace/Boreal-Forest-Fire/Boreal-Forest-Fire-Subset-A/Ruokolahti-Images/ruokolahti_DJI_0088_frame77.jpg,ruokolahti,ruokolahti_dji_0088,77,test,1
/workspace/Boreal-Forest-Fire/Boreal-Forest-Fire-Subset-A/Ruokolahti-Images/ruokolahti_DJI_0088_frame78.jpg,ruokolahti,ruokolahti_dji_0088,78,test,1
/workspace/Boreal-Forest-Fire/Boreal-Forest-Fire-Subset-A/Ruokolahti-Images/ruokolahti_DJI_0088_frame79.jpg,ruokolahti,ruokolahti_dji_0088,79,test,1
/workspace/Boreal-Forest-Fire/Boreal-Forest-Fire-Subset-A/Ruokolahti-Images/ruokolahti_DJI_0088_frame8.jpg,ruokolahti,ruokolahti_dji_0088,8,test,1
/workspace/Boreal-Forest-Fire/Boreal-Forest-Fire-Subset-A/Ruokolahti-Images/ruokolahti_DJI_0088_frame80.jpg,ruokolahti,ruokolahti_dji_0088,80,test,1
/workspace/Boreal-Forest-Fire/Boreal-Forest-Fire-Subset-A/Ruokolahti-Images/ruokolahti_DJI_0088_frame81.jpg,ruokolahti,ruokolahti_dji_0088,81,test,1
/workspace/Boreal-Forest-Fire/Boreal-Forest-Fire-Subset-A/Ruokolahti-Images/ruokolahti_DJI_0088_frame82.jpg,ruokolahti,ruokolahti_dji_0088,82,test,1
/workspace/Boreal-Forest-Fire/Boreal-Forest-Fire-Subset-A/Ruokolahti-Images/ruokolahti_DJI_0088_frame83.jpg,ruokolahti,ruokolahti_dji_0088,83,test,1
/workspace/Boreal-Forest-Fire/Boreal-Forest-Fire-Subset-A/Ruokolahti-Images/ruokolahti_DJI_0088_frame84.jpg,ruokolahti,ruokolahti_dji_0088,84,test,1
/workspace/Boreal-Forest-Fire/Boreal-Forest-Fire-Subset-A/Ruokolahti-Images/ruokolahti_DJI_0088_frame85.jpg,ruokolahti,ruokolahti_dji_0088,85,test,1
/workspace/Boreal-Forest-Fire/Boreal-Forest-Fire-Subset-A/Ruokolahti-Images/ruokolahti_DJI_0088_frame86.jpg,ruokolahti,ruokolahti_dji_0088,86,test,1
/workspace/Boreal-Forest-Fire/Boreal-Forest-Fire-Subset-A/Ruokolahti-Images/ruokolahti_DJI_0088_frame87.jpg,ruokolahti,ruokolahti_dji_0088,87,test,1
/workspace/Boreal-Forest-Fire/Boreal-Forest-Fire-Subset-A/Ruokolahti-Images/ruokolahti_DJI_0088_frame88.jpg,ruokolahti,ruokolahti_dji_0088,88,test,1
/workspace/Boreal-Forest-Fire/Boreal-Forest-Fire-Subset-A/Ruokolahti-Images/ruokolahti_DJI_0088_frame89.jpg,ruokolahti,ruokolahti_dji_0088,89,test,1
/workspace/Boreal-Forest-Fire/Boreal-Forest-Fire-Subset-A/Ruokolahti-Images/ruokolahti_DJI_0088_frame9.jpg,ruokolahti,ruokolahti_dji_0088,9,test,1
/workspace/Boreal-Forest-Fire/Boreal-Forest-Fire-Subset-A/Ruokolahti-Images/ruokolahti_DJI_0088_frame90.jpg,ruokolahti,ruokolahti_dji_0088,90,test,1
/workspace/Boreal-Forest-Fire/Boreal-Forest-Fire-Subset-A/Ruokolahti-Images/ruokolahti_DJI_0088_frame91.jpg,ruokolahti,ruokolahti_dji_0088,91,test,1
/workspace/Boreal-Forest-Fire/Boreal-Forest-Fire-Subset-A/Ruokolahti-Images/ruokolahti_DJI_0088_frame92.jpg,ruokolahti,ruokolahti_dji_0088,92,test,1
/workspace/Boreal-Forest-Fire/Boreal-Forest-Fire-Subset-A/Ruokolahti-Images/ruokolahti_DJI_0088_frame93.jpg,ruokolahti,ruokolahti_dji_0088,93,test,1
/workspace/Boreal-Forest-Fire/Boreal-Forest-Fire-Subset-A/Ruokolahti-Images/ruokolahti_DJI_0088_frame94.jpg,ruokolahti,ruokolahti_dji_0088,94,test,1
/workspace/Boreal-Forest-Fire/Boreal-Forest-Fire-Subset-A/Ruokolahti-Images/ruokolahti_DJI_0088_frame95.jpg,ruokolahti,ruokolahti_dji_0088,95,test,1
/workspace/Boreal-Forest-Fire/Boreal-Forest-Fire-Subset-A/Ruokolahti-Images/ruokolahti_DJI_0088_frame96.jpg,ruokolahti,ruokolahti_dji_0088,96,test,1
/workspace/Boreal-Forest-Fire/Boreal-Forest-Fire-Subset-A/Ruokolahti-Images/ruokolahti_DJI_0088_frame97.jpg,ruokolahti,ruokolahti_dji_0088,97,test,1
/workspace/Boreal-Forest-Fire/Boreal-Forest-Fire-Subset-A/Ruokolahti-Images/ruokolahti_DJI_0088_frame98.jpg,ruokolahti,ruokolahti_dji_0088,98,test,1
/workspace/Boreal-Forest-Fire/Boreal-Forest-Fire-Subset-A/Ruokolahti-Images/ruokolahti_DJI_0088_frame99.jpg,ruokolahti,ruokolahti_dji_0088,99,test,1
/workspace/Boreal-Forest-Fire/Boreal-Forest-Fire-Subset-A/Ruokolahti-Images/ruokolahti_DJI_0089_frame0.jpg,ruokolahti,ruokolahti_dji_0089,0,train,1
/workspace/Boreal-Forest-Fire/Boreal-Forest-Fire-Subset-A/Ruokolahti-Images/ruokolahti_DJI_0089_frame1.jpg,ruokolahti,ruokolahti_dji_0089,1,train,1
/workspace/Boreal-Forest-Fire/Boreal-Forest-Fire-Subset-A/Ruokolahti-Images/ruokolahti_DJI_0089_frame10.jpg,ruokolahti,ruokolahti_dji_0089,10,train,1
/workspace/Boreal-Forest-Fire/Boreal-Forest-Fire-Subset-A/Ruokolahti-Images/ruokolahti_DJI_0089_frame11.jpg,ruokolahti,ruokolahti_dji_0089,11,train,1
/workspace/Boreal-Forest-Fire/Boreal-Forest-Fire-Subset-A/Ruokolahti-Images/ruokolahti_DJI_0089_frame12.jpg,ruokolahti,ruokolahti_dji_0089,12,train,1
/workspace/Boreal-Forest-Fire/Boreal-Forest-Fire-Subset-A/Ruokolahti-Images/ruokolahti_DJI_0089_frame13.jpg,ruokolahti,ruokolahti_dji_0089,13,train,1
/workspace/Boreal-Forest-Fire/Boreal-Forest-Fire-Subset-A/Ruokolahti-Images/ruokolahti_DJI_0089_frame14.jpg,ruokolahti,ruokolahti_dji_0089,14,train,1
/workspace/Boreal-Forest-Fire/Boreal-Forest-Fire-Subset-A/Ruokolahti-Images/ruokolahti_DJI_0089_frame15.jpg,ruokolahti,ruokolahti_dji_0089,15,train,1
/workspace/Boreal-Forest-Fire/Boreal-Forest-Fire-Subset-A/Ruokolahti-Images/ruokolahti_DJI_0089_frame16.jpg,ruokolahti,ruokolahti_dji_0089,16,train,1
/workspace/Boreal-Forest-Fire/Boreal-Forest-Fire-Subset-A/Ruokolahti-Images/ruokolahti_DJI_0089_frame17.jpg,ruokolahti,ruokolahti_dji_0089,17,train,1
/workspace/Boreal-Forest-Fire/Boreal-Forest-Fire-Subset-A/Ruokolahti-Images/ruokolahti_DJI_0089_frame18.jpg,ruokolahti,ruokolahti_dji_0089,18,train,1
/workspace/Boreal-Forest-Fire/Boreal-Forest-Fire-Subset-A/Ruokolahti-Images/ruokolahti_DJI_0089_frame19.jpg,ruokolahti,ruokolahti_dji_0089,19,train,1
/workspace/Boreal-Forest-Fire/Boreal-Forest-Fire-Subset-A/Ruokolahti-Images/ruokolahti_DJI_0089_frame2.jpg,ruokolahti,ruokolahti_dji_0089,2,train,1
/workspace/Boreal-Forest-Fire/Boreal-Forest-Fire-Subset-A/Ruokolahti-Images/ruokolahti_DJI_0089_frame20.jpg,ruokolahti,ruokolahti_dji_0089,20,train,1
/workspace/Boreal-Forest-Fire/Boreal-Forest-Fire-Subset-A/Ruokolahti-Images/ruokolahti_DJI_0089_frame21.jpg,ruokolahti,ruokolahti_dji_0089,21,train,1
/workspace/Boreal-Forest-Fire/Boreal-Forest-Fire-Subset-A/Ruokolahti-Images/ruokolahti_DJI_0089_frame22.jpg,ruokolahti,ruokolahti_dji_0089,22,train,1
/workspace/Boreal-Forest-Fire/Boreal-Forest-Fire-Subset-A/Ruokolahti-Images/ruokolahti_DJI_0089_frame23.jpg,ruokolahti,ruokolahti_dji_0089,23,train,1
/workspace/Boreal-Forest-Fire/Boreal-Forest-Fire-Subset-A/Ruokolahti-Images/ruokolahti_DJI_0089_frame24.jpg,ruokolahti,ruokolahti_dji_0089,24,train,1
/workspace/Boreal-Forest-Fire/Boreal-Forest-Fire-Subset-A/Ruokolahti-Images/ruokolahti_DJI_0089_frame25.jpg,ruokolahti,ruokolahti_dji_0089,25,train,1
/workspace/Boreal-Forest-Fire/Boreal-Forest-Fire-Subset-A/Ruokolahti-Images/ruokolahti_DJI_0089_frame26.jpg,ruokolahti,ruokolahti_dji_0089,26,train,1
/workspace/Boreal-Forest-Fire/Boreal-Forest-Fire-Subset-A/Ruokolahti-Images/ruokolahti_DJI_0089_frame27.jpg,ruokolahti,ruokolahti_dji_0089,27,train,1
/workspace/Boreal-Forest-Fire/Boreal-Forest-Fire-Subset-A/Ruokolahti-Images/ruokolahti_DJI_0089_frame28.jpg,ruokolahti,ruokolahti_dji_0089,28,train,1
/workspace/Boreal-Forest-Fire/Boreal-Forest-Fire-Subset-A/Ruokolahti-Images/ruokolahti_DJI_0089_frame29.jpg,ruokolahti,ruokolahti_dji_0089,29,train,1
/workspace/Boreal-Forest-Fire/Boreal-Forest-Fire-Subset-A/Ruokolahti-Images/ruokolahti_DJI_0089_frame3.jpg,ruokolahti,ruokolahti_dji_0089,3,train,1
/workspace/Boreal-Forest-Fire/Boreal-Forest-Fire-Subset-A/Ruokolahti-Images/ruokolahti_DJI_0089_frame30.jpg,ruokolahti,ruokolahti_dji_0089,30,train,1
/workspace/Boreal-Forest-Fire/Boreal-Forest-Fire-Subset-A/Ruokolahti-Images/ruokolahti_DJI_0089_frame31.jpg,ruokolahti,ruokolahti_dji_0089,31,train,1
/workspace/Boreal-Forest-Fire/Boreal-Forest-Fire-Subset-A/Ruokolahti-Images/ruokolahti_DJI_0089_frame32.jpg,ruokolahti,ruokolahti_dji_0089,32,train,1
/workspace/Boreal-Forest-Fire/Boreal-Forest-Fire-Subset-A/Ruokolahti-Images/ruokolahti_DJI_0089_frame33.jpg,ruokolahti,ruokolahti_dji_0089,33,train,1
/workspace/Boreal-Forest-Fire/Boreal-Forest-Fire-Subset-A/Ruokolahti-Images/ruokolahti_DJI_0089_frame34.jpg,ruokolahti,ruokolahti_dji_0089,34,train,1
/workspace/Boreal-Forest-Fire/Boreal-Forest-Fire-Subset-A/Ruokolahti-Images/ruokolahti_DJI_0089_frame35.jpg,ruokolahti,ruokolahti_dji_0089,35,train,1
/workspace/Boreal-Forest-Fire/Boreal-Forest-Fire-Subset-A/Ruokolahti-Images/ruokolahti_DJI_0089_frame36.jpg,ruokolahti,ruokolahti_dji_0089,36,train,1
/workspace/Boreal-Forest-Fire/Boreal-Forest-Fire-Subset-A/Ruokolahti-Images/ruokolahti_DJI_0089_frame37.jpg,ruokolahti,ruokolahti_dji_0089,37,train,1
/workspace/Boreal-Forest-Fire/Boreal-Forest-Fire-Subset-A/Ruokolahti-Images/ruokolahti_DJI_0089_frame38.jpg,ruokolahti,ruokolahti_dji_0089,38,train,1
/workspace/Boreal-Forest-Fire/Boreal-Forest-Fire-Subset-A/Ruokolahti-Images/ruokolahti_DJI_0089_frame39.jpg,ruokolahti,ruokolahti_dji_0089,39,train,1
/workspace/Boreal-Forest-Fire/Boreal-Forest-Fire-Subset-A/Ruokolahti-Images/ruokolahti_DJI_0089_frame4.jpg,ruokolahti,ruokolahti_dji_0089,4,train,1
/workspace/Boreal-Forest-Fire/Boreal-Forest-Fire-Subset-A/Ruokolahti-Images/ruokolahti_DJI_0089_frame40.jpg,ruokolahti,ruokolahti_dji_0089,40,train,1
/workspace/Boreal-Forest-Fire/Boreal-Forest-Fire-Subset-A/Ruokolahti-Images/ruokolahti_DJI_0089_frame41.jpg,ruokolahti,ruokolahti_dji_0089,41,train,1
/workspace/Boreal-Forest-Fire/Boreal-Forest-Fire-Subset-A/Ruokolahti-Images/ruokolahti_DJI_0089_frame42.jpg,ruokolahti,ruokolahti_dji_0089,42,train,1
/workspace/Boreal-Forest-Fire/Boreal-Forest-Fire-Subset-A/Ruokolahti-Images/ruokolahti_DJI_0089_frame43.jpg,ruokolahti,ruokolahti_dji_0089,43,train,1
/workspace/Boreal-Forest-Fire/Boreal-Forest-Fire-Subset-A/Ruokolahti-Images/ruokolahti_DJI_0089_frame44.jpg,ruokolahti,ruokolahti_dji_0089,44,train,1
/workspace/Boreal-Forest-Fire/Boreal-Forest-Fire-Subset-A/Ruokolahti-Images/ruokolahti_DJI_0089_frame45.jpg,ruokolahti,ruokolahti_dji_0089,45,train,1
/workspace/Boreal-Forest-Fire/Boreal-Forest-Fire-Subset-A/Ruokolahti-Images/ruokolahti_DJI_0089_frame46.jpg,ruokolahti,ruokolahti_dji_0089,46,train,1
/workspace/Boreal-Forest-Fire/Boreal-Forest-Fire-Subset-A/Ruokolahti-Images/ruokolahti_DJI_0089_frame47.jpg,ruokolahti,ruokolahti_dji_0089,47,train,1
/workspace/Boreal-Forest-Fire/Boreal-Forest-Fire-Subset-A/Ruokolahti-Images/ruokolahti_DJI_0089_frame48.jpg,ruokolahti,ruokolahti_dji_0089,48,train,1
/workspace/Boreal-Forest-Fire/Boreal-Forest-Fire-Subset-A/Ruokolahti-Images/ruokolahti_DJI_0089_frame49.jpg,ruokolahti,ruokolahti_dji_0089,49,train,1
/workspace/Boreal-Forest-Fire/Boreal-Forest-Fire-Subset-A/Ruokolahti-Images/ruokolahti_DJI_0089_frame5.jpg,ruokolahti,ruokolahti_dji_0089,5,train,1
/workspace/Boreal-Forest-Fire/Boreal-Forest-Fire-Subset-A/Ruokolahti-Images/ruokolahti_DJI_0089_frame50.jpg,ruokolahti,ruokolahti_dji_0089,50,train,1
/workspace/Boreal-Forest-Fire/Boreal-Forest-Fire-Subset-A/Ruokolahti-Images/ruokolahti_DJI_0089_frame51.jpg,ruokolahti,ruokolahti_dji_0089,51,train,1
/workspace/Boreal-Forest-Fire/Boreal-Forest-Fire-Subset-A/Ruokolahti-Images/ruokolahti_DJI_0089_frame52.jpg,ruokolahti,ruokolahti_dji_0089,52,train,1
/workspace/Boreal-Forest-Fire/Boreal-Forest-Fire-Subset-A/Ruokolahti-Images/ruokolahti_DJI_0089_frame53.jpg,ruokolahti,ruokolahti_dji_0089,53,train,1
/workspace/Boreal-Forest-Fire/Boreal-Forest-Fire-Subset-A/Ruokolahti-Images/ruokolahti_DJI_0089_frame54.jpg,ruokolahti,ruokolahti_dji_0089,54,train,1
/workspace/Boreal-Forest-Fire/Boreal-Forest-Fire-Subset-A/Ruokolahti-Images/ruokolahti_DJI_0089_frame55.jpg,ruokolahti,ruokolahti_dji_0089,55,train,1
/workspace/Boreal-Forest-Fire/Boreal-Forest-Fire-Subset-A/Ruokolahti-Images/ruokolahti_DJI_0089_frame56.jpg,ruokolahti,ruokolahti_dji_0089,56,train,1
/workspace/Boreal-Forest-Fire/Boreal-Forest-Fire-Subset-A/Ruokolahti-Images/ruokolahti_DJI_0089_frame57.jpg,ruokolahti,ruokolahti_dji_0089,57,train,1
/workspace/Boreal-Forest-Fire/Boreal-Forest-Fire-Subset-A/Ruokolahti-Images/ruokolahti_DJI_0089_frame58.jpg,ruokolahti,ruokolahti_dji_0089,58,train,1
/workspace/Boreal-Forest-Fire/Boreal-Forest-Fire-Subset-A/Ruokolahti-Images/ruokolahti_DJI_0089_frame59.jpg,ruokolahti,ruokolahti_dji_0089,59,train,1
/workspace/Boreal-Forest-Fire/Boreal-Forest-Fire-Subset-A/Ruokolahti-Images/ruokolahti_DJI_0089_frame6.jpg,ruokolahti,ruokolahti_dji_0089,6,train,1
/workspace/Boreal-Forest-Fire/Boreal-Forest-Fire-Subset-A/Ruokolahti-Images/ruokolahti_DJI_0089_frame60.jpg,ruokolahti,ruokolahti_dji_0089,60,train,1
/workspace/Boreal-Forest-Fire/Boreal-Forest-Fire-Subset-A/Ruokolahti-Images/ruokolahti_DJI_0089_frame61.jpg,ruokolahti,ruokolahti_dji_0089,61,train,1
/workspace/Boreal-Forest-Fire/Boreal-Forest-Fire-Subset-A/Ruokolahti-Images/ruokolahti_DJI_0089_frame62.jpg,ruokolahti,ruokolahti_dji_0089,62,train,1
/workspace/Boreal-Forest-Fire/Boreal-Forest-Fire-Subset-A/Ruokolahti-Images/ruokolahti_DJI_0089_frame63.jpg,ruokolahti,ruokolahti_dji_0089,63,train,1
/workspace/Boreal-Forest-Fire/Boreal-Forest-Fire-Subset-A/Ruokolahti-Images/ruokolahti_DJI_0089_frame64.jpg,ruokolahti,ruokolahti_dji_0089,64,train,1
/workspace/Boreal-Forest-Fire/Boreal-Forest-Fire-Subset-A/Ruokolahti-Images/ruokolahti_DJI_0089_frame65.jpg,ruokolahti,ruokolahti_dji_0089,65,train,1
/workspace/Boreal-Forest-Fire/Boreal-Forest-Fire-Subset-A/Ruokolahti-Images/ruokolahti_DJI_0089_frame7.jpg,ruokolahti,ruokolahti_dji_0089,7,train,1
/workspace/Boreal-Forest-Fire/Boreal-Forest-Fire-Subset-A/Ruokolahti-Images/ruokolahti_DJI_0089_frame72.jpg,ruokolahti,ruokolahti_dji_0089,72,train,1
/workspace/Boreal-Forest-Fire/Boreal-Forest-Fire-Subset-A/Ruokolahti-Images/ruokolahti_DJI_0089_frame73.jpg,ruokolahti,ruokolahti_dji_0089,73,train,1
/workspace/Boreal-Forest-Fire/Boreal-Forest-Fire-Subset-A/Ruokolahti-Images/ruokolahti_DJI_0089_frame74.jpg,ruokolahti,ruokolahti_dji_0089,74,train,1
/workspace/Boreal-Forest-Fire/Boreal-Forest-Fire-Subset-A/Ruokolahti-Images/ruokolahti_DJI_0089_frame75.jpg,ruokolahti,ruokolahti_dji_0089,75,train,1
/workspace/Boreal-Forest-Fire/Boreal-Forest-Fire-Subset-A/Ruokolahti-Images/ruokolahti_DJI_0089_frame76.jpg,ruokolahti,ruokolahti_dji_0089,76,train,1
/workspace/Boreal-Forest-Fire/Boreal-Forest-Fire-Subset-A/Ruokolahti-Images/ruokolahti_DJI_0089_frame77.jpg,ruokolahti,ruokolahti_dji_0089,77,train,1
/workspace/Boreal-Forest-Fire/Boreal-Forest-Fire-Subset-A/Ruokolahti-Images/ruokolahti_DJI_0089_frame78.jpg,ruokolahti,ruokolahti_dji_0089,78,train,1
/workspace/Boreal-Forest-Fire/Boreal-Forest-Fire-Subset-A/Ruokolahti-Images/ruokolahti_DJI_0089_frame79.jpg,ruokolahti,ruokolahti_dji_0089,79,train,1
/workspace/Boreal-Forest-Fire/Boreal-Forest-Fire-Subset-A/Ruokolahti-Images/ruokolahti_DJI_0089_frame8.jpg,ruokolahti,ruokolahti_dji_0089,8,train,1
/workspace/Boreal-Forest-Fire/Boreal-Forest-Fire-Subset-A/Ruokolahti-Images/ruokolahti_DJI_0089_frame80.jpg,ruokolahti,ruokolahti_dji_0089,80,train,1
/workspace/Boreal-Forest-Fire/Boreal-Forest-Fire-Subset-A/Ruokolahti-Images/ruokolahti_DJI_0089_frame81.jpg,ruokolahti,ruokolahti_dji_0089,81,train,1
/workspace/Boreal-Forest-Fire/Boreal-Forest-Fire-Subset-A/Ruokolahti-Images/ruokolahti_DJI_0089_frame82.jpg,ruokolahti,ruokolahti_dji_0089,82,train,1
/workspace/Boreal-Forest-Fire/Boreal-Forest-Fire-Subset-A/Ruokolahti-Images/ruokolahti_DJI_0089_frame83.jpg,ruokolahti,ruokolahti_dji_0089,83,train,1
/workspace/Boreal-Forest-Fire/Boreal-Forest-Fire-Subset-A/Ruokolahti-Images/ruokolahti_DJI_0089_frame84.jpg,ruokolahti,ruokolahti_dji_0089,84,train,1
/workspace/Boreal-Forest-Fire/Boreal-Forest-Fire-Subset-A/Ruokolahti-Images/ruokolahti_DJI_0089_frame85.jpg,ruokolahti,ruokolahti_dji_0089,85,train,1
/workspace/Boreal-Forest-Fire/Boreal-Forest-Fire-Subset-A/Ruokolahti-Images/ruokolahti_DJI_0089_frame86.jpg,ruokolahti,ruokolahti_dji_0089,86,train,1
/workspace/Boreal-Forest-Fire/Boreal-Forest-Fire-Subset-A/Ruokolahti-Images/ruokolahti_DJI_0089_frame87.jpg,ruokolahti,ruokolahti_dji_0089,87,train,1
/workspace/Boreal-Forest-Fire/Boreal-Forest-Fire-Subset-A/Ruokolahti-Images/ruokolahti_DJI_0089_frame88.jpg,ruokolahti,ruokolahti_dji_0089,88,train,1
/workspace/Boreal-Forest-Fire/Boreal-Forest-Fire-Subset-A/Ruokolahti-Images/ruokolahti_DJI_0089_frame89.jpg,ruokolahti,ruokolahti_dji_0089,89,train,1
/workspace/Boreal-Forest-Fire/Boreal-Forest-Fire-Subset-A/Ruokolahti-Images/ruokolahti_DJI_0089_frame9.jpg,ruokolahti,ruokolahti_dji_0089,9,train,1
/workspace/Boreal-Forest-Fire/Boreal-Forest-Fire-Subset-A/Ruokolahti-Images/ruokolahti_DJI_0089_frame90.jpg,ruokolahti,ruokolahti_dji_0089,90,train,1
/workspace/Boreal-Forest-Fire/Boreal-Forest-Fire-Subset-A/Ruokolahti-Images/ruokolahti_DJI_0089_frame91.jpg,ruokolahti,ruokolahti_dji_0089,91,train,1
/workspace/Boreal-Forest-Fire/Boreal-Forest-Fire-Subset-A/Ruokolahti-Images/ruokolahti_DJI_0089_frame92.jpg,ruokolahti,ruokolahti_dji_0089,92,train,1
/workspace/Boreal-Forest-Fire/Boreal-Forest-Fire-Subset-A/Ruokolahti-Images/ruokolahti_DJI_0089_frame93.jpg,ruokolahti,ruokolahti_dji_0089,93,train,1
/workspace/Boreal-Forest-Fire/Boreal-Forest-Fire-Subset-A/Ruokolahti-Images/ruokolahti_DJI_0089_frame94.jpg,ruokolahti,ruokolahti_dji_0089,94,train,1
